code,disc_date,stock_ret,mkt_ret,short_pnl
72380,2018-05-25,-0.012987,-0.000233,0.012754
83580,2018-12-20,-0.028302,-0.035383,-0.007081
67070,2025-03-12,0.009137,0.009989,0.000852
21600,2018-01-19,-0.014713,0.006518,0.021231
17190,2017-02-03,0.010088,0.005645,-0.004444
80880,2019-07-18,-0.021622,-0.012438,0.009184
61360,2017-03-31,-0.025674,-0.007233,0.018441
14170,2018-10-30,0.022059,0.03736,0.015302
98310,2018-10-30,0.005714,0.03736,0.031646
95040,2019-02-04,-0.001363,0.013129,0.014492
80860,2019-02-13,0.003333,0.003128,-0.000205
36670,2023-10-17,0.027473,0.00111,-0.026363
36670,2023-11-13,-0.006711,-0.003771,0.00294
26670,2023-03-15,0.0,-0.017373,-0.017373
26670,2023-03-20,-0.023324,-0.000801,0.022522
26670,2023-03-27,-0.019774,0.001369,0.021143
69930,2024-08-07,0.0,0.027825,0.027825
68570,2019-04-02,0.017634,-0.012182,-0.029817
25160,2019-12-20,0.013554,0.003552,-0.010003
25160,2019-12-27,0.001447,0.003794,0.002346
25160,2020-04-03,-0.016949,-0.024837,-0.007888
25160,2020-04-24,0.003442,0.00694,0.003498
25160,2020-06-04,-0.036223,-0.008177,0.028045
25160,2020-06-17,-0.005063,0.000972,0.006035
25160,2020-07-01,-0.01938,-0.012547,0.006833
25160,2020-10-15,-0.019342,-0.010379,0.008964
25160,2020-10-16,-0.004931,-0.007019,-0.002088
25160,2020-12-03,-0.038579,9.4e-05,0.038673
25160,2020-12-14,-0.001098,0.005006,0.006104
25160,2020-12-15,-0.013187,0.001151,0.014338
25160,2020-12-16,-0.020045,-0.003127,0.016917
25160,2020-12-17,0.034091,-0.002102,-0.036193
25160,2020-12-24,0.022805,0.006405,-0.0164
25160,2021-01-13,0.016043,0.003943,-0.0121
25160,2021-01-15,-0.018124,-0.008988,0.009135
25160,2021-01-25,0.0,0.003351,0.003351
25160,2021-01-29,-0.030623,-0.017844,0.012779
25160,2021-02-05,-0.006186,0.008823,0.015008
25160,2021-02-16,-0.009881,-0.003488,0.006394
50210,2019-04-04,-0.013564,0.000844,0.014407
31510,2019-11-01,0.020985,0.012114,-0.008872
31510,2019-11-18,0.001838,0.003358,0.00152
68770,2020-11-02,0.022099,0.015189,-0.00691
78210,2021-05-19,-0.004304,0.005541,0.009845
82330,2023-10-05,0.022654,0.013026,-0.009628
28740,2017-01-13,0.004883,0.006348,0.001465
70030,2017-03-10,-0.005291,-6.5e-05,0.005226
28740,2017-07-05,0.007605,0.006305,-0.001299
40460,2017-07-05,-0.005435,0.006305,0.01174
61350,2017-07-05,0.00863,0.006305,-0.002325
40460,2017-09-15,0.02627,0.017698,-0.008572
72460,2017-11-13,-0.002878,-0.005712,-0.002834
84180,2017-12-12,0.013177,0.001164,-0.012013
84730,2018-08-06,0.026962,-0.007349,-0.034311
70030,2018-08-09,0.002388,-0.000987,-0.003375
19280,2019-04-05,0.002177,0.006943,0.004766
31050,2019-04-05,0.013592,0.006943,-0.006649
33820,2019-04-05,0.010463,0.006943,-0.00352
33910,2019-04-05,-0.008574,0.006943,0.015517
34050,2019-04-05,0.020325,0.006943,-0.013382
41510,2019-04-05,-0.006383,0.006943,0.013326
43240,2019-04-05,0.003191,0.006943,0.003751
45190,2019-04-05,-0.013764,0.006943,0.020706
47040,2019-04-05,0.003683,0.006943,0.00326
49110,2019-04-05,-0.011654,0.006943,0.018597
51010,2019-04-05,0.006916,0.006943,2.7e-05
52140,2019-04-05,0.007937,0.006943,-0.000994
63610,2019-04-05,0.022901,0.006943,-0.015958
72720,2019-04-05,0.059976,0.006943,-0.053033
73090,2019-04-05,-0.006169,0.006943,0.013112
74530,2019-04-05,-0.013853,0.006943,0.020796
75320,2019-04-05,-0.007102,0.006943,0.014045
82670,2019-04-05,-0.017993,0.006943,0.024936
99830,2019-04-05,0.012502,0.006943,-0.005559
77520,2019-08-14,-0.014085,-0.019867,-0.005782
82530,2019-08-14,-0.027546,-0.019867,0.007679
19280,2019-10-01,0.002342,0.000739,-0.001603
22820,2019-10-01,0.008055,0.000739,-0.007316
25020,2019-10-01,0.0,0.000739,0.000739
25030,2019-10-01,0.006565,0.000739,-0.005825
33820,2019-10-01,-0.006286,0.000739,0.007025
34050,2019-10-01,0.0,0.000739,0.000739
41510,2019-10-01,-0.016795,0.000739,0.017534
43240,2019-10-01,0.005291,0.000739,-0.004552
44520,2019-10-01,0.004868,0.000739,-0.004129
45780,2019-10-01,0.033663,0.000739,-0.032924
47040,2019-10-01,0.001927,0.000739,-0.001188
72610,2019-10-01,0.008497,0.000739,-0.007758
77330,2019-10-01,-0.006892,0.000739,0.007631
77520,2019-10-01,0.005149,0.000739,-0.00441
82670,2019-10-01,0.011036,0.000739,-0.010296
87950,2019-10-01,0.012987,0.000739,-0.012248
95010,2019-10-01,-0.01306,0.000739,0.013799
99830,2019-10-01,-0.012615,0.000739,0.013354
69760,2019-10-18,0.032045,0.00131,-0.030735
63050,2019-12-18,-0.015106,-0.005741,0.009365
67620,2019-12-18,-0.003269,-0.005741,-0.002472
69710,2019-12-18,-0.005334,-0.005741,-0.000407
79510,2019-12-18,0.01635,-0.005741,-0.022091
80350,2019-12-18,-0.010765,-0.005741,0.005024
99830,2019-12-18,-0.004016,-0.005741,-0.001725
44520,2020-03-23,-0.005727,0.044339,0.050066
19280,2020-04-03,-0.016864,-0.024837,-0.007973
31050,2020-04-03,-0.04697,-0.024837,0.022132
34050,2020-04-03,-0.03,-0.024837,0.005163
36590,2020-04-03,0.007382,-0.024837,-0.032219
40050,2020-04-03,-0.046358,-0.024837,0.02152
41510,2020-04-03,0.005684,-0.024837,-0.030522
43240,2020-04-03,-0.033943,-0.024837,0.009105
44520,2020-04-03,0.051807,-0.024837,-0.076645
45190,2020-04-03,0.03267,-0.024837,-0.057507
45780,2020-04-03,0.04266,-0.024837,-0.067497
47040,2020-04-03,-0.034448,-0.024837,0.009611
49110,2020-04-03,0.002903,-0.024837,-0.027741
51010,2020-04-03,-0.043725,-0.024837,0.018887
72610,2020-04-03,-0.013566,-0.024837,-0.011271
72720,2020-04-03,-0.019866,-0.024837,-0.004971
75320,2020-04-03,-0.002558,-0.024837,-0.02228
82670,2020-04-03,-0.049393,-0.024837,0.024556
99830,2020-04-03,-0.000487,-0.024837,-0.02435
22690,2020-04-07,-0.015544,0.009852,0.025396
57130,2020-04-07,0.008929,0.009852,0.000923
65060,2020-04-07,-0.032682,0.009852,0.042534
90050,2020-04-07,-0.000587,0.009852,0.010439
95310,2020-04-07,0.003095,0.009852,0.006757
22690,2020-04-23,0.0,0.015187,0.015187
40040,2020-06-17,-0.019253,0.000972,0.020224
65030,2020-06-17,-0.029673,0.000972,0.030644
90200,2020-06-17,-0.022382,0.000972,0.023354
81070,2020-08-06,0.0,-0.001486,-0.001486
81070,2020-08-24,0.103448,0.008719,-0.094729
19280,2020-09-17,-0.004092,0.001842,0.005934
25010,2020-09-17,0.003659,0.001842,-0.001818
31050,2020-09-17,0.001318,0.001842,0.000524
43240,2020-09-17,0.007764,0.001842,-0.005922
47040,2020-09-17,0.020602,0.001842,-0.018761
57060,2020-09-17,-0.016017,0.001842,0.017859
72720,2020-09-17,-0.02261,0.001842,0.024452
99830,2020-09-17,-0.012518,0.001842,0.014359
26670,2022-03-28,-0.019152,-0.004589,0.014563
36960,2023-08-16,-0.020731,-0.006072,0.014659
66190,2023-08-16,-0.040482,-0.006072,0.034411
27680,2025-08-14,-0.00873,0.002354,0.011085
45270,2025-08-14,-0.004416,0.002354,0.00677
54110,2025-08-14,-0.004758,0.002354,0.007112
62350,2025-08-14,0.016287,0.002354,-0.013932
63680,2025-08-14,-0.001661,0.002354,0.004016
77520,2025-08-14,-0.012621,0.002354,0.014975
83040,2025-08-14,0.016631,0.002354,-0.014276
95040,2025-08-14,0.026038,0.002354,-0.023683
95050,2025-08-14,0.025614,0.002354,-0.02326
25020,2018-03-29,0.023432,0.006327,-0.017104
44520,2018-03-29,0.013898,0.006327,-0.00757
99830,2018-03-29,0.016586,0.006327,-0.010259
89720,2023-11-01,0.03325,0.004773,-0.028477
82820,2017-09-14,-0.019688,-0.006749,0.01294
69760,2018-06-22,0.018056,0.005648,-0.012407
14170,2018-11-26,0.009494,0.009582,8.8e-05
19250,2018-03-20,-0.007191,0.007934,0.015124
45030,2018-03-20,-0.008805,0.007934,0.016739
51080,2018-09-13,0.046138,0.008229,-0.03791
77510,2018-09-13,0.012166,0.008229,-0.003938
32790,2018-11-26,0.018085,0.009582,-0.008503
48250,2018-11-26,-0.014793,0.009582,0.024375
58020,2018-11-26,0.009448,0.009582,0.000133
61360,2018-11-26,0.050164,0.009582,-0.040582
83160,2018-11-26,0.019475,0.009582,-0.009893
47040,2019-12-19,0.006932,0.002422,-0.00451
51080,2019-12-19,-0.002123,0.002422,0.004545
54010,2019-12-19,0.001168,0.002422,0.001254
64810,2019-12-19,0.022184,0.002422,-0.019762
72720,2019-12-19,-0.001303,0.002422,0.003725
25030,2020-06-22,0.016883,0.009424,-0.00746
27680,2020-06-22,-0.004115,0.009424,0.013539
29140,2020-06-22,-0.00046,0.009424,0.009883
34050,2020-06-22,0.009251,0.009424,0.000172
40040,2020-06-22,0.0,0.009424,0.009424
40880,2020-06-22,-0.001942,0.009424,0.011365
44030,2020-06-22,-0.009256,0.009424,0.018679
51010,2020-06-22,0.021498,0.009424,-0.012075
51080,2020-06-22,0.012539,0.009424,-0.003116
62680,2020-06-22,0.011887,0.009424,-0.002464
63260,2020-06-22,0.0175,0.009424,-0.008076
72690,2020-06-22,-0.000886,0.009424,0.010309
79360,2020-06-22,0.013051,0.009424,-0.003627
80020,2020-06-22,0.011905,0.009424,-0.002481
87250,2020-06-22,-0.002634,0.009424,0.012058
63260,2020-12-08,-0.000465,0.008196,0.008661
72700,2021-01-20,0.01338,0.004014,-0.009366
83080,2021-01-20,-0.004694,0.004014,0.008708
45020,2021-06-23,-0.005895,-0.001943,0.003952
79360,2021-06-23,0.000778,-0.001943,-0.002721
57260,2023-03-07,0.13302,0.003055,-0.129965
84110,2023-03-07,0.01899,0.003055,-0.015935
19110,2023-12-11,0.025601,0.006232,-0.019368
25020,2023-12-11,0.008512,0.006232,-0.00228
34050,2023-12-11,-0.001365,0.006232,0.007598
44520,2023-12-11,0.013647,0.006232,-0.007414
47040,2023-12-11,0.023003,0.006232,-0.01677
47680,2023-12-11,0.01131,0.006232,-0.005077
51080,2023-12-11,0.020886,0.006232,-0.014653
52140,2023-12-11,0.005888,0.006232,0.000344
62680,2023-12-11,0.003753,0.006232,0.002479
63260,2023-12-11,0.005643,0.006232,0.00059
63610,2023-12-11,0.011976,0.006232,-0.005744
64640,2023-12-11,-0.016854,0.006232,0.023086
72720,2023-12-11,0.010804,0.006232,-0.004572
88040,2023-12-11,0.01377,0.006232,-0.007538
92700,2023-12-11,0.022745,0.006232,-0.016513
33910,2025-02-14,-0.001297,-0.003151,-0.001854
74530,2025-02-14,-0.007353,-0.003151,0.004202
80020,2025-02-14,-0.01211,-0.003151,0.008959
82270,2025-02-14,0.007213,-0.003151,-0.010364
52530,2025-04-18,-0.013558,0.011449,0.025007
36960,2025-05-27,0.067018,0.009612,-0.057407
37780,2025-07-29,-0.057239,-0.00064,0.056599
65350,2025-07-29,-0.055901,-0.00064,0.055261
45870,2017-07-05,0.018182,0.006305,-0.011877
45870,2017-08-01,-0.027496,-0.00583,0.021667
30860,2017-08-23,0.01094,-0.003342,-0.014282
67240,2017-09-27,-0.010182,0.009007,0.019189
37580,2017-10-26,0.048425,0.005922,-0.042503
37580,2017-10-27,0.040623,0.007889,-0.032734
46310,2017-12-25,-0.008083,-0.003174,0.004909
72720,2017-12-25,-0.002633,-0.003174,-0.000541
69760,2018-01-10,-0.02666,0.000202,0.026861
31030,2018-03-19,-0.020588,-0.019036,0.001552
97020,2018-05-29,-0.059578,-0.019524,0.040055
97020,2018-06-25,-0.071571,-0.023692,0.047879
67700,2018-08-08,0.003185,0.003131,-5.4e-05
67940,2018-08-08,-0.004149,0.003131,0.00728
69760,2018-08-08,0.001558,0.003131,0.001573
46510,2021-02-15,0.053512,-3.5e-05,-0.053546
48290,2021-02-15,0.004098,-3.5e-05,-0.004133
38530,2021-05-13,-0.014647,0.005,0.019647
46800,2021-11-22,-0.024528,0.003068,0.027597
62980,2021-11-22,-0.039289,0.003068,0.042357
67540,2021-11-22,-0.017188,0.003068,0.020256
71870,2021-11-22,0.089357,0.003068,-0.086289
29290,2021-12-08,-0.026958,-0.001061,0.025897
34520,2021-12-08,-0.014706,-0.001061,0.013645
94190,2021-12-08,0.01506,-0.001061,-0.016121
95190,2021-12-08,-0.023166,-0.001061,0.022105
39960,2021-12-20,-0.006087,-0.008767,-0.00268
66530,2022-01-19,-0.052232,-0.017715,0.034517
57260,2022-06-27,0.026747,-0.002585,-0.029332
61910,2022-06-27,-0.048474,-0.002585,0.045889
70330,2022-06-27,-0.005088,-0.002585,0.002503
30500,2017-01-11,-0.024231,-0.001668,0.022563
68570,2017-01-11,-0.003041,-0.001668,0.001372
39030,2022-08-18,0.018182,0.005487,-0.012695
30920,2018-06-29,-0.001269,0.004058,0.005327
15570,2017-07-24,0.000364,0.005259,0.004896
13260,2017-08-01,0.0,-0.00583,-0.00583
13260,2018-01-12,0.008584,0.00571,-0.002874
70030,2023-05-02,0.050193,0.00042,-0.049774
83030,2019-08-23,-0.010373,-0.016547,-0.006174
36630,2017-01-20,-0.017286,0.001376,0.018662
36730,2017-02-17,-0.001889,0.002769,0.004658
60330,2017-02-17,0.009242,0.002769,-0.006473
83920,2017-02-17,-0.008869,0.002769,0.011638
41090,2017-03-06,-0.001511,0.002154,0.003665
79150,2017-03-06,-0.005882,0.002154,0.008037
38430,2017-03-17,-0.007617,-0.001301,0.006316
39000,2017-03-17,0.017259,-0.001301,-0.01856
39120,2017-03-17,-0.072581,-0.001301,0.07128
66300,2017-03-17,-0.052365,-0.001301,0.051064
36630,2017-04-07,-0.000629,0.006249,0.006878
36740,2017-04-07,0.006529,0.006249,-0.00028
60330,2017-04-07,0.036062,0.006249,-0.029813
36980,2017-08-17,0.04902,-0.00508,-0.0541
37580,2017-08-17,-0.013047,-0.00508,0.007966
60540,2017-08-17,0.003145,-0.00508,-0.008225
72220,2017-08-17,-0.021176,-0.00508,0.016096
36960,2017-08-23,0.044328,-0.003342,-0.04767
60330,2017-08-23,-0.021852,-0.003342,0.01851
65080,2017-08-23,-0.014706,-0.003342,0.011363
87040,2017-08-23,-0.030675,-0.003342,0.027332
31930,2017-11-10,0.002379,0.008307,0.005928
36960,2017-11-10,0.224329,0.008307,-0.216022
41090,2017-11-10,0.034014,0.008307,-0.025707
55630,2017-11-10,0.027088,0.008307,-0.018781
60500,2017-11-10,0.006565,0.008307,0.001742
64640,2017-11-10,-0.001149,0.008307,0.009456
65070,2017-11-10,0.031674,0.008307,-0.023368
87690,2017-11-10,0.008979,0.008307,-0.000672
28840,2017-12-12,-0.057663,0.001164,0.058827
39000,2017-12-12,-0.026316,0.001164,0.02748
60330,2017-12-12,-0.013372,0.001164,0.014536
49290,2018-06-11,0.011447,0.004834,-0.006613
62550,2018-06-11,-0.002747,0.004834,0.007581
68750,2018-06-11,0.021036,0.004834,-0.016202
77790,2018-06-11,0.032984,0.004834,-0.02815
98310,2018-06-11,0.001808,0.004834,0.003025
36740,2018-11-19,0.006167,0.001002,-0.005165
39050,2018-11-19,0.00125,0.001002,-0.000248
46510,2018-11-19,0.013575,0.001002,-0.012573
53010,2018-11-19,0.019385,0.001002,-0.018383
60500,2018-11-19,0.034988,0.001002,-0.033986
60690,2018-11-19,-0.021157,0.001002,0.022159
62580,2018-11-19,0.003635,0.001002,-0.002633
62640,2018-11-19,0.008322,0.001002,-0.00732
71980,2018-11-19,0.0,0.001002,0.001002
36960,2019-06-28,-0.0455,0.012498,0.057998
43900,2019-06-28,0.041519,0.012498,-0.029021
94190,2019-06-28,0.051392,0.012498,-0.038894
28840,2020-02-13,0.003419,-0.006646,-0.010065
31970,2020-04-21,-0.003213,-0.023029,-0.019816
64650,2020-04-21,0.006477,-0.023029,-0.029506
37580,2020-10-05,0.034836,0.015015,-0.019821
21380,2020-11-20,-0.00173,0.01837,0.0201
44770,2021-03-11,0.066882,0.009996,-0.056886
47510,2021-03-11,0.039024,0.009996,-0.029028
53010,2021-03-11,-0.007075,0.009996,0.017072
63240,2021-03-11,0.028112,0.009996,-0.018116
63610,2021-03-11,-0.011765,0.009996,0.021761
70130,2021-03-11,0.010537,0.009996,-0.000541
44770,2021-03-17,0.009165,0.010413,0.001248
14750,2021-03-23,-0.024031,-0.019501,0.004531
44770,2021-03-23,-0.048499,-0.019501,0.028998
14750,2021-03-24,-0.007538,-0.010582,-0.003044
64450,2021-03-24,-0.007344,-0.010582,-0.003238
71980,2021-06-28,0.011004,-0.000276,-0.01128
91070,2021-06-28,-0.011478,-0.000276,0.011203
30990,2025-05-02,0.028192,0.000322,-0.02787
33490,2025-05-02,0.020854,0.000322,-0.020532
43850,2025-05-02,0.01057,0.000322,-0.010248
45930,2025-05-02,0.0,0.000322,0.000322
56310,2025-05-02,-0.00895,0.000322,0.009272
65250,2025-05-02,0.013957,0.000322,-0.013635
66320,2025-05-02,-0.032407,0.000322,0.032729
66740,2025-05-02,-0.007602,0.000322,0.007924
69200,2025-05-02,-0.01464,0.000322,0.014962
69760,2025-05-02,-0.020361,0.000322,0.020683
72610,2025-05-02,0.001036,0.000322,-0.000714
82330,2025-05-02,-0.01314,0.000322,0.013462
83460,2025-05-02,-0.011905,0.000322,0.012227
93080,2025-05-02,-0.028966,0.000322,0.029288
69200,2025-09-25,-0.00747,-0.000773,0.006696
14170,2017-12-12,0.009138,0.001164,-0.007974
68770,2021-02-24,-0.018892,0.000163,0.019055
24910,2019-12-06,0.013579,0.010395,-0.003184
36270,2019-12-06,0.050299,0.010395,-0.039904
36560,2019-12-06,0.015606,0.010395,-0.005211
36610,2019-12-06,-0.002668,0.010395,0.013064
36670,2019-12-06,-0.007692,0.010395,0.018088
36800,2019-12-06,0.036145,0.010395,-0.025749
36960,2019-12-06,0.015651,0.010395,-0.005255
37470,2019-12-06,0.01532,0.010395,-0.004925
37580,2019-12-06,-0.003083,0.010395,0.013479
39280,2019-12-06,0.112985,0.010395,-0.102589
39370,2019-12-06,0.011935,0.010395,-0.00154
39620,2019-12-06,0.074343,0.010395,-0.063948
42860,2019-12-06,0.018942,0.010395,-0.008546
43440,2019-12-06,0.016097,0.010395,-0.005701
43930,2019-12-06,0.036364,0.010395,-0.025968
44240,2019-12-06,0.099511,0.010395,-0.089115
46510,2019-12-06,0.018919,0.010395,-0.008524
53010,2019-12-06,0.024568,0.010395,-0.014172
53020,2019-12-06,0.009164,0.010395,0.001232
54800,2019-12-06,-0.000427,0.010395,0.010822
60330,2019-12-06,-0.002439,0.010395,0.012834
60470,2019-12-06,0.011429,0.010395,-0.001033
60620,2019-12-06,-0.001,0.010395,0.011395
61820,2019-12-06,0.037838,0.010395,-0.027442
65840,2019-12-06,0.003891,0.010395,0.006504
66190,2019-12-06,0.003764,0.010395,0.006631
66320,2019-12-06,0.011278,0.010395,-0.000883
69760,2019-12-06,0.033898,0.010395,-0.023503
70330,2019-12-06,0.011893,0.010395,-0.001498
71720,2019-12-06,0.019182,0.010395,-0.008786
77170,2019-12-06,0.00982,0.010395,0.000575
88480,2019-12-06,0.037931,0.010395,-0.027536
94190,2019-12-06,0.038035,0.010395,-0.027639
14300,2019-12-09,-0.009023,-0.001374,0.007648
21200,2019-12-09,0.005464,-0.001374,-0.006839
30530,2019-12-09,-0.003014,-0.001374,0.00164
36530,2019-12-09,-0.052632,-0.001374,0.051257
36560,2019-12-09,0.0,-0.001374,-0.001374
36610,2019-12-09,-0.03805,-0.001374,0.036676
36670,2019-12-09,-0.00155,-0.001374,0.000176
36960,2019-12-09,-0.019465,-0.001374,0.01809
37470,2019-12-09,0.045267,-0.001374,-0.046642
37580,2019-12-09,-0.013402,-0.001374,0.012028
38260,2019-12-09,-0.001092,-0.001374,-0.000283
38510,2019-12-09,-0.023342,-0.001374,0.021967
39120,2019-12-09,-0.014737,-0.001374,0.013363
39280,2019-12-09,-0.036364,-0.001374,0.034989
39320,2019-12-09,-0.01129,-0.001374,0.009916
39370,2019-12-09,-0.032013,-0.001374,0.030639
39620,2019-12-09,0.045671,-0.001374,-0.047046
40920,2019-12-09,0.04127,-0.001374,-0.042644
42860,2019-12-09,0.009615,-0.001374,-0.01099
43440,2019-12-09,-0.025743,-0.001374,0.024368
43930,2019-12-09,-0.030175,-0.001374,0.028801
44200,2019-12-09,-0.008736,-0.001374,0.007362
44250,2019-12-09,-0.001148,-0.001374,-0.000226
46510,2019-12-09,-0.047745,-0.001374,0.046371
53010,2019-12-09,-0.001776,-0.001374,0.000402
53020,2019-12-09,0.003405,-0.001374,-0.00478
60330,2019-12-09,0.011736,-0.001374,-0.01311
60470,2019-12-09,-0.023854,-0.001374,0.02248
60620,2019-12-09,0.001001,-0.001374,-0.002375
61820,2019-12-09,-0.026042,-0.001374,0.024667
62080,2019-12-09,0.073298,-0.001374,-0.074673
65520,2019-12-09,0.00125,-0.001374,-0.002624
65800,2019-12-09,-0.059281,-0.001374,0.057907
65840,2019-12-09,-0.04186,-0.001374,0.040486
66320,2019-12-09,-0.003717,-0.001374,0.002343
67280,2019-12-09,-0.011655,-0.001374,0.010281
69760,2019-12-09,-0.018689,-0.001374,0.017314
71720,2019-12-09,-0.021435,-0.001374,0.02006
72380,2019-12-09,-0.032787,-0.001374,0.031413
77170,2019-12-09,-0.038898,-0.001374,0.037524
77460,2019-12-09,-0.008696,-0.001374,0.007321
86980,2019-12-09,-0.021505,-0.001374,0.020131
94190,2019-12-09,0.01374,-0.001374,-0.015115
94500,2019-12-09,-0.00138,-0.001374,6e-06
21200,2019-12-10,0.014493,0.002647,-0.011846
30530,2019-12-10,0.00907,0.002647,-0.006423
36560,2019-12-10,0.027187,0.002647,-0.02454
36610,2019-12-10,0.052534,0.002647,-0.049887
36960,2019-12-10,-0.000827,0.002647,0.003474
39140,2019-12-10,0.039823,0.002647,-0.037176
39320,2019-12-10,0.003263,0.002647,-0.000616
39370,2019-12-10,0.018277,0.002647,-0.01563
39620,2019-12-10,0.008824,0.002647,-0.006177
40920,2019-12-10,0.0,0.002647,0.002647
43930,2019-12-10,-0.021346,0.002647,0.023993
44200,2019-12-10,0.049767,0.002647,-0.04712
44250,2019-12-10,0.005747,0.002647,-0.0031
53010,2019-12-10,0.001779,0.002647,0.000867
53020,2019-12-10,0.0,0.002647,0.002647
60470,2019-12-10,0.006431,0.002647,-0.003784
62080,2019-12-10,-0.006098,0.002647,0.008744
62320,2019-12-10,-0.085072,0.002647,0.087719
63300,2019-12-10,-0.001361,0.002647,0.004007
66320,2019-12-10,-0.003731,0.002647,0.006378
67070,2019-12-10,0.020218,0.002647,-0.017571
67280,2019-12-10,0.004717,0.002647,-0.00207
69760,2019-12-10,0.012362,0.002647,-0.009715
77070,2019-12-10,-0.007833,0.002647,0.01048
77290,2019-12-10,-0.00615,0.002647,0.008797
78210,2019-12-10,0.008293,0.002647,-0.005646
86980,2019-12-10,0.0,0.002647,0.002647
94190,2019-12-10,0.006024,0.002647,-0.003377
94500,2019-12-10,0.020733,0.002647,-0.018086
58010,2022-05-25,-0.010783,-0.003734,0.007049
79880,2018-03-30,0.01257,0.004698,-0.007871
79880,2018-11-29,-0.005828,-0.00196,0.003868
26670,2019-10-08,0.029703,0.000369,-0.029334
31820,2019-10-08,-0.032916,0.000369,0.033285
36560,2019-10-08,-0.014259,0.000369,0.014627
36610,2019-10-08,0.009693,0.000369,-0.009324
36640,2019-10-08,-0.004673,0.000369,0.005042
36680,2019-10-08,-0.038269,0.000369,0.038637
36980,2019-10-08,0.002924,0.000369,-0.002555
37100,2019-10-08,-0.032578,0.000369,0.032947
37470,2019-10-08,-0.055666,0.000369,0.056035
38430,2019-10-08,0.026756,0.000369,-0.026387
40430,2019-10-08,0.001989,0.000369,-0.00162
42860,2019-10-08,0.015231,0.000369,-0.014863
43930,2019-10-08,-0.012719,0.000369,0.013087
44280,2019-10-08,-0.009868,0.000369,0.010237
53020,2019-10-08,0.014398,0.000369,-0.014029
54800,2019-10-08,0.041412,0.000369,-0.041043
60470,2019-10-08,0.015793,0.000369,-0.015424
60690,2019-10-08,0.030792,0.000369,-0.030423
62320,2019-10-08,0.00813,0.000369,-0.007761
62550,2019-10-08,0.018919,0.000369,-0.01855
63300,2019-10-08,-0.022388,0.000369,0.022757
63660,2019-10-08,0.00369,0.000369,-0.003321
66190,2019-10-08,0.003571,0.000369,-0.003203
68000,2019-10-08,-0.003334,0.000369,0.003703
68040,2019-10-08,0.00286,0.000369,-0.002491
77170,2019-10-08,0.008977,0.000369,-0.008608
96160,2019-10-08,0.001092,0.000369,-0.000723
29290,2019-10-10,0.003906,-0.002289,-0.006195
31340,2019-10-10,-0.01569,-0.002289,0.013401
31860,2019-10-10,0.003802,-0.002289,-0.006091
36270,2019-10-10,0.004975,-0.002289,-0.007264
36560,2019-10-10,-0.033784,-0.002289,0.031495
36610,2019-10-10,-0.015867,-0.002289,0.013578
36640,2019-10-10,-0.023041,-0.002289,0.020753
36670,2019-10-10,-0.032992,-0.002289,0.030703
36790,2019-10-10,-0.019504,-0.002289,0.017215
36980,2019-10-10,0.001169,-0.002289,-0.003458
37100,2019-10-10,-0.018671,-0.002289,0.016382
38430,2019-10-10,-0.01606,-0.002289,0.013771
41120,2019-10-10,0.013177,-0.002289,-0.015466
42860,2019-10-10,0.017251,-0.002289,-0.01954
43930,2019-10-10,-0.009772,-0.002289,0.007483
44200,2019-10-10,-0.055884,-0.002289,0.053596
44240,2019-10-10,-0.046917,-0.002289,0.044628
44250,2019-10-10,-0.013841,-0.002289,0.011552
44280,2019-10-10,-0.036623,-0.002289,0.034334
44310,2019-10-10,0.000368,-0.002289,-0.002657
44610,2019-10-10,-0.003215,-0.002289,0.000927
45970,2019-10-10,-0.006579,-0.002289,0.00429
49750,2019-10-10,0.008776,-0.002289,-0.011064
52180,2019-10-10,-0.033887,-0.002289,0.031599
53010,2019-10-10,0.015918,-0.002289,-0.018206
53020,2019-10-10,-0.005128,-0.002289,0.00284
54800,2019-10-10,0.022422,-0.002289,-0.02471
55410,2019-10-10,0.017749,-0.002289,-0.020038
60330,2019-10-10,-0.013944,-0.002289,0.011656
60470,2019-10-10,0.002827,-0.002289,-0.005116
61820,2019-10-10,-0.047158,-0.002289,0.04487
62080,2019-10-10,-0.015816,-0.002289,0.013527
62320,2019-10-10,-0.016225,-0.002289,0.013936
62550,2019-10-10,-0.158768,-0.002289,0.156479
63300,2019-10-10,0.0,-0.002289,-0.002289
65840,2019-10-10,-0.017903,-0.002289,0.015614
66190,2019-10-10,-0.02926,-0.002289,0.026971
69760,2019-10-10,-0.004407,-0.002289,0.002118
72380,2019-10-10,-0.017544,-0.002289,0.015255
87890,2019-10-10,-0.053333,-0.002289,0.051045
88480,2019-10-10,-0.020478,-0.002289,0.018189
94190,2019-10-10,-0.009695,-0.002289,0.007407
94500,2019-10-10,-0.03936,-0.002289,0.037071
96160,2019-10-10,-0.00655,-0.002289,0.004262
30920,2019-07-19,0.010871,0.01194,0.001069
69760,2019-07-19,0.030882,0.01194,-0.018942
69760,2019-07-23,0.01626,0.008376,-0.007884
36560,2019-09-11,0.034818,0.014537,-0.020281
43930,2019-09-11,0.077922,0.014537,-0.063385
50210,2019-09-11,0.015292,0.014537,-0.000755
53010,2019-09-11,0.034513,0.014537,-0.019976
53020,2019-09-11,0.011421,0.014537,0.003116
60330,2019-09-11,-0.020962,0.014537,0.035499
61820,2019-09-11,-0.001511,0.014537,0.016047
36560,2019-09-12,-0.050078,0.00055,0.050628
43930,2019-09-12,0.001506,0.00055,-0.000956
44240,2019-09-12,0.001658,0.00055,-0.001109
44250,2019-09-12,-0.003663,0.00055,0.004213
45650,2019-09-12,-0.040203,0.00055,0.040753
50210,2019-09-12,-0.003651,0.00055,0.004201
53010,2019-09-12,0.0,0.00055,0.00055
53020,2019-09-12,-0.016311,0.00055,0.016861
60330,2019-09-12,-0.012165,0.00055,0.012715
71720,2019-09-12,-0.016124,0.00055,0.016673
91070,2019-09-12,-0.015789,0.00055,0.016339
35470,2019-09-13,-0.001431,0.001038,0.00247
36270,2019-09-13,-0.007732,0.001038,0.00877
36560,2019-09-13,0.044481,0.001038,-0.043443
36610,2019-09-13,-0.001182,0.001038,0.002221
36640,2019-09-13,-0.014634,0.001038,0.015673
36670,2019-09-13,0.03479,0.001038,-0.033752
36740,2019-09-13,-0.009864,0.001038,0.010903
36800,2019-09-13,-0.01,0.001038,0.011038
36980,2019-09-13,-0.011851,0.001038,0.012889
37650,2019-09-13,0.006438,0.001038,-0.005399
39140,2019-09-13,-0.027746,0.001038,0.028784
43440,2019-09-13,-0.021231,0.001038,0.02227
43900,2019-09-13,0.008137,0.001038,-0.007098
43930,2019-09-13,0.039098,0.001038,-0.038059
44240,2019-09-13,0.074503,0.001038,-0.073465
44250,2019-09-13,-0.007353,0.001038,0.008391
44280,2019-09-13,-0.043819,0.001038,0.044858
45650,2019-09-13,-0.021605,0.001038,0.022643
50210,2019-09-13,0.053596,0.001038,-0.052557
53010,2019-09-13,-0.028229,0.001038,0.029268
53020,2019-09-13,0.005102,0.001038,-0.004064
60330,2019-09-13,0.000493,0.001038,0.000546
60920,2019-09-13,0.00112,0.001038,-8.1e-05
60960,2019-09-13,-0.024186,0.001038,0.025224
62080,2019-09-13,0.012793,0.001038,-0.011755
62550,2019-09-13,-0.008646,0.001038,0.009684
70650,2019-09-13,-0.003937,0.001038,0.004975
71720,2019-09-13,-0.020143,0.001038,0.021182
72380,2019-09-13,0.017442,0.001038,-0.016403
77460,2019-09-13,-0.033333,0.001038,0.034372
91070,2019-09-13,-0.036765,0.001038,0.037803
97020,2019-09-13,-0.01355,0.001038,0.014589
24910,2019-11-27,-0.01883,0.003421,0.02225
36270,2019-11-27,0.011891,0.003421,-0.00847
36560,2019-11-27,-0.015891,0.003421,0.019312
36610,2019-11-27,-0.008,0.003421,0.011421
36670,2019-11-27,-0.058394,0.003421,0.061815
36800,2019-11-27,0.032934,0.003421,-0.029513
36960,2019-11-27,0.02124,0.003421,-0.01782
37470,2019-11-27,0.004702,0.003421,-0.001281
37580,2019-11-27,0.003261,0.003421,0.00016
38510,2019-11-27,0.010256,0.003421,-0.006836
39120,2019-11-27,-0.003376,0.003421,0.006797
39280,2019-11-27,0.003396,0.003421,2.5e-05
39370,2019-11-27,0.029576,0.003421,-0.026155
40920,2019-11-27,0.003012,0.003421,0.000409
42860,2019-11-27,0.031034,0.003421,-0.027614
43440,2019-11-27,0.028398,0.003421,-0.024977
43930,2019-11-27,-0.003273,0.003421,0.006694
44240,2019-11-27,0.022764,0.003421,-0.019343
46510,2019-11-27,-0.013624,0.003421,0.017045
48140,2019-11-27,-0.011407,0.003421,0.014828
53010,2019-11-27,-0.010138,0.003421,0.013559
53020,2019-11-27,0.0,0.003421,0.003421
53810,2019-11-27,0.044271,0.003421,-0.04085
54800,2019-11-27,0.005394,0.003421,-0.001973
60330,2019-11-27,0.003978,0.003421,-0.000557
60470,2019-11-27,0.016979,0.003421,-0.013558
60620,2019-11-27,0.006667,0.003421,-0.003246
61820,2019-11-27,-0.007282,0.003421,0.010702
65800,2019-11-27,0.008339,0.003421,-0.004918
66190,2019-11-27,-0.011858,0.003421,0.015279
66320,2019-11-27,0.011029,0.003421,-0.007609
69760,2019-11-27,-0.006145,0.003421,0.009566
70330,2019-11-27,0.033066,0.003421,-0.029645
71720,2019-11-27,-0.015388,0.003421,0.018808
75990,2019-11-27,0.00996,0.003421,-0.006539
77170,2019-11-27,0.014925,0.003421,-0.011504
77460,2019-11-27,0.008734,0.003421,-0.005313
86980,2019-11-27,-0.003472,0.003421,0.006893
88480,2019-11-27,-0.017065,0.003421,0.020486
94190,2019-11-27,-0.016854,0.003421,0.020275
21200,2019-11-28,0.0,-0.001888,-0.001888
21600,2019-11-28,-0.004561,-0.001888,0.002673
24910,2019-11-28,0.042531,-0.001888,-0.04442
31030,2019-11-28,-0.005249,-0.001888,0.003361
36560,2019-11-28,-0.021915,-0.001888,0.020026
36610,2019-11-28,0.019677,-0.001888,-0.021566
36670,2019-11-28,0.007752,-0.001888,-0.00964
36680,2019-11-28,-0.016368,-0.001888,0.014479
36800,2019-11-28,-0.005797,-0.001888,0.003909
36960,2019-11-28,0.007488,-0.001888,-0.009376
37470,2019-11-28,-0.028081,-0.001888,0.026193
37580,2019-11-28,0.00325,-0.001888,-0.005139
38510,2019-11-28,-0.128173,-0.001888,0.126284
39280,2019-11-28,-0.020305,-0.001888,0.018416
39320,2019-11-28,-0.021472,-0.001888,0.019584
39370,2019-11-28,-0.021739,-0.001888,0.019851
39620,2019-11-28,-0.016393,-0.001888,0.014505
40920,2019-11-28,-0.018018,-0.001888,0.01613
42860,2019-11-28,-0.010033,-0.001888,0.008145
43440,2019-11-28,-0.017751,-0.001888,0.015863
43930,2019-11-28,-0.003284,-0.001888,0.001396
44200,2019-11-28,-0.026887,-0.001888,0.024999
44240,2019-11-28,-0.030207,-0.001888,0.028318
44250,2019-11-28,-0.022518,-0.001888,0.020629
46510,2019-11-28,-0.008287,-0.001888,0.006399
53010,2019-11-28,0.001862,-0.001888,-0.003751
53020,2019-11-28,0.003509,-0.001888,-0.005397
53810,2019-11-28,0.047382,-0.001888,-0.04927
54800,2019-11-28,-0.027652,-0.001888,0.025763
60330,2019-11-28,-0.001981,-0.001888,9.3e-05
60470,2019-11-28,-0.015544,-0.001888,0.013656
60620,2019-11-28,0.008151,-0.001888,-0.010039
65520,2019-11-28,0.012392,-0.001888,-0.01428
65840,2019-11-28,-0.082538,-0.001888,0.080649
66190,2019-11-28,0.0,-0.001888,-0.001888
66320,2019-11-28,0.007273,-0.001888,-0.009161
67280,2019-11-28,0.0,-0.001888,-0.001888
68000,2019-11-28,0.016949,-0.001888,-0.018838
69760,2019-11-28,0.000687,-0.001888,-0.002576
70330,2019-11-28,-0.024621,-0.001888,0.022732
71720,2019-11-28,-0.016308,-0.001888,0.014419
77170,2019-11-28,-0.02451,-0.001888,0.022621
78210,2019-11-28,-0.010654,-0.001888,0.008766
86980,2019-11-28,-0.003484,-0.001888,0.001596
88480,2019-11-28,0.013889,-0.001888,-0.015777
92780,2019-11-28,-0.017399,-0.001888,0.015511
94190,2019-11-28,-0.037143,-0.001888,0.035254
49110,2020-08-28,0.020167,-0.006538,-0.026705
40040,2021-03-12,0.0,0.008701,0.008701
51080,2021-09-17,-0.017432,-0.01386,0.003572
95080,2017-03-17,0.0,-0.001301,-0.001301
49270,2017-03-31,-0.019629,-0.007233,0.012396
95080,2017-03-31,-0.012366,-0.007233,0.005133
31510,2018-08-21,0.000844,-0.002402,-0.003246
50210,2019-05-27,-0.000459,0.00162,0.002079
86980,2021-12-06,-0.002454,0.003085,0.005539
41000,2022-04-26,-0.02131,-0.012552,0.008758
62320,2025-07-09,-0.011054,0.006985,0.018039
15660,2017-03-09,0.001931,0.006413,0.004483
15660,2017-03-24,-0.001919,0.002972,0.004891
15700,2017-03-24,-0.000697,0.002972,0.003668
15660,2017-03-29,0.001927,0.003656,0.001729
15700,2017-03-29,-0.004752,0.003656,0.008408
15700,2017-04-06,-0.002849,-0.012732,-0.009883
15700,2017-04-10,-0.00922,-0.001127,0.008093
13570,2017-04-26,-0.000527,0.004843,0.00537
13570,2017-05-08,-0.020601,0.00791,0.028511
13570,2017-05-10,-0.006236,0.002755,0.008991
15660,2017-05-23,0.005747,0.00604,0.000293
13570,2017-06-06,0.017472,-0.009941,-0.027414
16710,2017-06-12,-0.0005,-0.000189,0.000311
16990,2017-06-12,0.0,-0.000189,-0.000189
16710,2017-06-19,-0.001538,0.01107,0.012609
16990,2017-06-19,-0.003356,0.01107,0.014426
16710,2017-06-23,0.009106,-0.003435,-0.01254
16990,2017-06-23,0.010526,-0.003435,-0.013961
15680,2017-09-08,0.019243,0.00731,-0.011933
15510,2017-11-06,-0.00885,-0.00557,0.00328
15700,2017-11-17,-0.02679,-0.002668,0.024122
15500,2018-02-16,0.004833,0.017763,0.01293
15720,2018-02-20,-0.044868,0.003519,0.048387
15720,2018-09-04,0.021311,-0.000807,-0.022118
15720,2018-09-10,-0.01705,0.005181,0.022231
15500,2019-02-05,0.002236,0.004535,0.002299
15660,2019-05-09,-0.009615,-0.012988,-0.003373
15460,2020-02-28,-0.019636,-0.028098,-0.008462
15450,2020-03-04,0.04086,0.02808,-0.012781
15460,2020-03-04,0.04351,0.02808,-0.015431
15460,2020-03-10,0.021181,0.055369,0.034188
16780,2020-04-20,0.008547,0.002034,-0.006513
16990,2020-04-24,-0.066667,0.00694,0.073607
13600,2020-06-04,0.024468,-0.008177,-0.032645
13600,2020-06-18,-0.014455,0.005008,0.019464
14590,2020-07-03,-0.00315,0.008248,0.011398
13600,2020-07-08,-0.004729,-0.00079,0.00394
13600,2020-07-15,-0.008143,0.008088,0.016232
13600,2020-07-17,0.001626,-0.004171,-0.005797
13600,2020-08-06,0.005291,-0.001486,-0.006777
13600,2020-08-07,-0.014211,0.003439,0.017649
13600,2020-08-13,-0.014092,0.002641,0.016733
13600,2020-08-14,0.011435,0.000466,-0.010969
15410,2020-09-28,0.007264,0.002032,-0.005232
13600,2020-12-03,0.003132,9.4e-05,-0.003038
13600,2020-12-15,-0.012451,0.001151,0.013603
15400,2020-12-22,-0.016393,-0.013502,0.002892
13600,2021-03-15,0.005051,0.006997,0.001946
15410,2021-09-13,0.004658,0.008469,0.003811
15410,2021-09-17,-0.014423,-0.01386,0.000563
16780,2021-10-25,-0.008065,0.005191,0.013255
13250,2021-10-27,-0.005714,-0.006257,-0.000542
16780,2021-10-27,0.0,-0.006257,-0.006257
14860,2021-11-08,-0.003633,-0.004984,-0.00135
14870,2021-12-03,0.002722,0.01385,0.011128
25580,2021-12-08,-0.001956,-0.001061,0.000895
14860,2021-12-20,0.000225,-0.008767,-0.008992
14870,2022-01-06,-0.011114,-0.004795,0.006319
14820,2022-01-13,0.001309,-0.013456,-0.014765
25620,2022-01-13,-0.009901,-0.013456,-0.003555
26210,2022-02-01,-0.000923,-0.000625,0.000298
26330,2022-02-01,0.009559,-0.000625,-0.010184
14820,2022-02-07,0.0,-0.003472,-0.003472
14860,2022-02-09,0.000468,0.012329,0.01186
26210,2022-02-09,0.000473,0.012329,0.011855
14860,2022-02-16,-0.000943,-0.001082,-0.000139
13600,2022-02-18,0.019811,-0.001156,-0.020968
26200,2022-03-07,0.003786,-0.021534,-0.025321
14820,2022-03-24,-0.003208,0.016362,0.01957
14820,2022-03-25,-0.011494,-0.003188,0.008306
14870,2022-03-25,-0.003274,-0.003188,8.6e-05
26210,2022-03-25,-0.009596,-0.003188,0.006408
14870,2022-03-29,0.001497,0.002495,0.000997
90480,2017-05-22,-0.003899,0.005011,0.00891
84730,2017-09-01,0.003922,-0.002956,-0.006878
40230,2017-11-13,0.014628,-0.005712,-0.02034
84730,2018-09-11,0.013311,-0.000817,-0.014128
14170,2019-07-08,-0.010843,-0.004988,0.005856
80880,2020-06-12,0.003984,0.022724,0.01874
20040,2021-02-24,-0.021705,0.000163,0.021868
27220,2021-01-19,-0.016287,0.002221,0.018507
52020,2021-01-19,-0.00616,0.002221,0.008381
23150,2021-09-07,-0.014423,-0.000558,0.013865
66140,2021-09-07,-0.06546,-0.000558,0.064902
26670,2021-09-15,0.053333,-0.00011,-0.053443
39030,2021-09-15,0.00224,-0.00011,-0.002349
39980,2021-09-15,-0.020098,-0.00011,0.019989
68170,2017-04-26,0.026119,0.004843,-0.021277
34550,2019-02-04,0.0,0.013129,0.013129
65220,2022-02-17,-0.16,-0.015498,0.144502
67780,2022-09-05,0.046218,0.005243,-0.040976
92270,2023-02-14,-0.052049,0.001937,0.053986
66320,2023-05-02,0.03397,0.00042,-0.033551
92190,2023-05-24,-0.027027,0.001504,0.028531
69970,2023-05-29,-0.03663,-0.005259,0.031371
92190,2023-05-29,0.008042,-0.005259,-0.013301
66320,2023-08-08,0.004658,-0.004371,-0.00903
41760,2024-02-22,-0.004057,0.00284,0.006897
93020,2024-02-22,0.002225,0.00284,0.000615
55410,2024-02-29,0.010638,0.001679,-0.00896
39320,2019-03-28,0.068792,-0.002145,-0.070937
60830,2021-11-01,-0.005811,0.001777,0.007587
64810,2021-11-01,-0.006017,0.001777,0.007794
69520,2021-11-01,-0.017857,0.001777,0.019634
69620,2021-11-01,-0.038462,0.001777,0.040238
45020,2018-10-30,0.01248,0.03736,0.02488
15660,2017-01-13,0.011834,0.006348,-0.005486
15510,2017-03-14,-0.034794,-0.001233,0.033561
15550,2017-08-31,0.006931,0.005398,-0.001533
15660,2017-08-31,0.003759,0.005398,0.001638
15660,2017-11-09,0.001894,-0.014471,-0.016365
16780,2018-02-28,-0.017341,-0.00138,0.015961
25150,2018-03-07,0.001138,0.004019,0.002881
25100,2018-06-06,0.001998,0.003516,0.001518
13250,2018-09-06,0.025,-0.009946,-0.034946
13250,2018-09-27,0.011494,-0.001653,-0.013147
13560,2018-09-27,-0.004194,-0.001653,0.002541
16810,2018-09-27,0.001361,-0.001653,-0.003013
16810,2018-11-22,-0.004396,0.004857,0.009252
15660,2019-04-03,0.003125,0.007774,0.004649
15790,2019-05-07,-0.047619,-0.011226,0.036393
13650,2019-05-09,-0.009929,-0.012988,-0.003059
15660,2019-05-09,-0.009615,-0.012988,-0.003373
25150,2019-05-13,0.003945,-0.029034,-0.032979
15450,2019-08-16,0.022277,0.00791,-0.014367
15500,2019-08-16,0.011033,0.00791,-0.003122
13660,2019-09-19,-0.006927,0.008328,0.015254
15550,2019-09-19,-0.00369,0.008328,0.012018
15550,2019-09-24,-0.007966,0.003299,0.011265
15550,2019-10-10,0.00438,-0.002289,-0.006669
25150,2020-02-26,-0.015413,-0.004623,0.010789
15500,2020-03-03,-0.043825,-0.050929,-0.007104
25150,2020-03-03,-0.06087,-0.050929,0.00994
15500,2020-03-13,0.098554,0.029505,-0.069049
16990,2020-03-13,0.005025,0.029505,0.02448
25150,2020-06-02,0.022248,0.01516,-0.007088
25150,2020-06-04,-0.023385,-0.008177,0.015208
25150,2020-06-12,0.008413,0.022724,0.01431
25150,2020-06-16,0.023202,0.018782,-0.00442
25150,2020-08-20,0.008294,-0.000461,-0.008754
25150,2020-08-28,0.010286,-0.006538,-0.016824
15450,2020-09-07,0.008078,0.002811,-0.005267
25150,2020-09-07,0.0,0.002811,0.002811
15450,2020-09-08,-0.048077,-0.003586,0.044491
25150,2020-09-08,-0.012776,-0.003586,0.00919
15450,2020-09-14,0.004975,0.004875,-0.0001
25150,2020-09-14,0.011806,0.004875,-0.006931
15450,2020-09-16,-0.016367,0.005042,0.021409
16550,2020-09-16,-0.005467,0.005042,0.010509
15450,2020-09-18,0.006791,0.001449,-0.005342
25150,2020-09-18,-0.042254,0.001449,0.043703
15450,2020-10-08,0.006462,0.000669,-0.005793
25150,2020-10-08,0.016241,0.000669,-0.015572
15450,2020-10-12,0.027027,0.002288,-0.024739
25150,2020-10-12,0.001145,0.002288,0.001142
25150,2020-10-14,-0.012776,-0.001737,0.011039
15420,2020-12-30,0.0252,0.005201,-0.02
25150,2020-12-30,0.020045,0.005201,-0.014844
15420,2021-01-07,0.0,0.002808,0.002808
25150,2021-01-07,0.0,0.002808,0.002808
25150,2021-01-22,0.003275,0.005225,0.00195
25590,2021-01-22,-0.004374,0.005225,0.009599
25100,2021-01-26,0.0,-0.002114,-0.002114
25150,2021-01-26,0.001085,-0.002114,-0.003198
14580,2021-01-27,-0.046423,-0.012588,0.033835
25100,2021-01-27,0.0,-0.012588,-0.012588
25150,2021-01-27,-0.015168,-0.012588,0.00258
25150,2021-02-01,0.026374,0.0125,-0.013874
25100,2021-02-02,0.001005,0.01231,0.011305
25150,2021-02-02,0.010707,0.01231,0.001604
25100,2021-02-08,0.001006,0.006792,0.005786
25150,2021-02-08,0.001055,0.006792,0.005737
25100,2021-02-10,0.0,0.006394,0.006394
25150,2021-02-10,0.007384,0.006394,-0.00099
25100,2021-02-16,-0.001006,-0.003488,-0.002482
13220,2021-02-19,-0.009891,0.004588,0.014479
14580,2021-02-19,0.020562,0.004588,-0.015973
25100,2021-02-19,-0.001008,0.004588,0.005596
25590,2021-02-19,0.001699,0.004588,0.002889
25150,2021-02-24,0.016461,0.000163,-0.016298
25150,2021-02-25,-0.010121,-0.012458,-0.002336
25650,2021-02-25,-0.007326,-0.012458,-0.005132
25150,2021-03-02,0.0,-0.007992,-0.007992
25590,2021-03-02,-0.001691,-0.007992,-0.006301
25150,2021-03-04,0.003135,-0.005329,-0.008464
15450,2021-03-09,0.030747,0.011789,-0.018958
25590,2021-03-09,0.004202,0.011789,0.007587
13600,2021-03-16,-0.00402,0.005598,0.009618
15450,2021-03-16,0.004149,0.005598,0.001448
16800,2021-03-16,0.004687,0.005598,0.00091
25150,2021-03-16,-0.005825,0.005598,0.011423
15450,2021-03-23,-0.006925,-0.019501,-0.012575
25150,2021-03-23,-0.005929,-0.019501,-0.013572
25590,2021-03-23,-0.014038,-0.019501,-0.005463
15450,2021-03-30,-0.002766,-0.001864,0.000903
25100,2021-03-30,0.002014,-0.001864,-0.003878
25150,2021-03-30,0.003899,-0.001864,-0.005762
25150,2021-04-15,0.005736,0.002969,-0.002767
25590,2021-04-15,0.0056,0.002969,-0.002631
13670,2021-04-23,0.01227,0.003288,-0.008982
15450,2021-04-23,0.010624,0.003288,-0.007336
25100,2021-04-23,0.001004,0.003288,0.002284
25150,2021-04-23,-0.001878,0.003288,0.005166
25590,2021-04-23,0.010492,0.003288,-0.007204
15450,2021-05-06,0.005348,0.005915,0.000567
25590,2021-05-06,0.003965,0.005915,0.001949
15450,2021-05-07,0.006649,0.006704,5.5e-05
25150,2021-05-07,0.005571,0.006704,0.001133
25590,2021-05-07,0.007109,0.006704,-0.000405
14580,2021-05-10,-0.009336,-0.002244,0.007092
15450,2021-05-10,-0.02642,-0.002244,0.024176
25150,2021-05-10,0.009234,-0.002244,-0.011478
25590,2021-05-10,-0.007843,-0.002244,0.005599
25150,2021-05-13,0.010397,0.005,-0.005397
25590,2021-05-13,0.010543,0.005,-0.005543
14660,2021-05-18,0.004316,0.005364,0.001048
15450,2021-05-18,-0.014905,0.005364,0.020269
25150,2021-05-18,-0.010176,0.005364,0.01554
25590,2021-05-18,-0.012668,0.005364,0.018033
14590,2021-05-25,0.008803,-0.004438,-0.013241
15450,2021-05-25,0.002656,-0.004438,-0.007094
25100,2021-05-25,0.002014,-0.004438,-0.006452
25150,2021-05-25,0.002755,-0.004438,-0.007193
14580,2021-06-08,-0.007983,0.005497,0.01348
25590,2021-06-08,0.002329,0.005497,0.003168
14580,2021-06-14,0.009009,0.000264,-0.008745
14690,2021-06-14,0.007565,0.000264,-0.007301
25100,2021-06-28,0.001004,-0.000276,-0.00128
25150,2021-06-30,0.004386,-0.003124,-0.00751
14580,2021-07-06,-0.036164,-0.006584,0.029581
25100,2021-07-06,-0.003003,-0.006584,-0.003581
25150,2021-07-06,-0.005208,-0.006584,-0.001375
13650,2021-07-19,-0.019704,-0.013107,0.006597
14580,2021-07-19,-0.020059,-0.013107,0.006952
25100,2021-07-19,0.0,-0.013107,-0.013107
25590,2021-07-19,-0.013138,-0.013107,3.1e-05
13650,2021-07-20,0.029694,0.007849,-0.021845
14580,2021-07-20,0.028296,0.007849,-0.020447
25590,2021-07-20,0.017228,0.007849,-0.009379
13600,2021-07-30,0.006393,-0.004748,-0.011141
14590,2021-07-30,0.007271,-0.004748,-0.012019
25150,2021-07-30,0.008584,-0.004748,-0.013332
13600,2021-08-05,-0.019022,-0.000359,0.018663
25100,2021-08-05,-0.000998,-0.000359,0.000639
25150,2021-08-10,-0.008475,0.009036,0.017511
25150,2021-08-11,0.004274,0.004377,0.000103
13600,2021-08-12,0.008563,-0.002426,-0.010989
25150,2021-08-12,0.005957,-0.002426,-0.008383
14580,2021-08-20,-0.000611,-0.003298,-0.002688
25150,2021-08-20,-0.003433,-0.003298,0.000135
14590,2021-08-26,0.016487,0.00123,-0.015257
25150,2021-08-26,-0.001714,0.00123,0.002944
13650,2021-09-09,0.009579,0.002114,-0.007464
14580,2021-09-09,0.008073,0.002114,-0.005958
14690,2021-09-09,-0.010139,0.002114,0.012253
25150,2021-09-09,-0.023275,0.002114,0.025389
14580,2021-09-16,-0.014954,-0.008103,0.006851
15430,2021-09-16,0.007123,-0.008103,-0.015226
25100,2021-09-16,-0.001003,-0.008103,-0.0071
25150,2021-09-16,-0.001718,-0.008103,-0.006385
13560,2021-09-17,0.041152,-0.01386,-0.055012
14560,2021-09-17,0.017115,-0.01386,-0.030975
14580,2021-09-17,-0.03477,-0.01386,0.02091
15430,2021-09-17,-0.052334,-0.01386,0.038474
25150,2021-09-17,-0.010327,-0.01386,-0.003533
13680,2021-09-28,0.029619,-0.01848,-0.0481
14580,2021-09-28,-0.024378,-0.01848,0.005898
15430,2021-09-28,-0.034175,-0.01848,0.015695
25100,2021-09-28,0.0,-0.01848,-0.01848
25150,2021-09-28,0.00087,-0.01848,-0.019351
13650,2021-10-05,0.008301,0.004054,-0.004246
14580,2021-10-05,0.010369,0.004054,-0.006315
14580,2021-10-08,-0.01021,0.004115,0.014325
15430,2021-10-08,0.126638,0.004115,-0.122523
25150,2021-10-08,-0.002586,0.004115,0.006701
13680,2021-10-13,0.005188,-0.003869,-0.009057
15430,2021-10-13,0.0,-0.003869,-0.003869
25150,2021-10-13,0.010998,-0.003869,-0.014867
16780,2021-10-20,-0.003968,-0.006063,-0.002094
14570,2021-11-08,0.00404,-0.004984,-0.009024
14570,2021-11-10,0.00996,-0.003145,-0.013105
16280,2021-11-19,-0.006803,-0.002394,0.004409
25100,2021-11-19,0.002016,-0.002394,-0.00441
14580,2021-11-30,-0.057018,-0.017954,0.039063
15430,2021-11-30,-0.055615,-0.017954,0.037661
13560,2021-12-16,0.008433,-0.007594,-0.016027
15430,2021-12-16,0.050245,-0.007594,-0.057839
15450,2021-12-16,-0.03072,-0.007594,0.023126
15720,2021-12-16,-0.006379,-0.007594,-0.001215
13560,2021-12-21,-0.009035,0.003279,0.012314
13650,2021-12-21,0.019893,0.003279,-0.016614
14560,2021-12-21,-0.009302,0.003279,0.012582
15430,2021-12-21,0.013523,0.003279,-0.010243
15450,2021-12-21,0.017641,0.003279,-0.014361
15720,2021-12-21,0.016596,0.003279,-0.013316
15680,2022-01-12,0.013033,0.007891,-0.005142
25100,2022-01-12,0.003441,0.007891,0.00445
15450,2022-01-17,0.002212,-0.005331,-0.007543
13560,2022-01-20,0.004566,0.000184,-0.004382
14580,2022-01-20,-0.009688,0.000184,0.009872
25100,2022-01-20,0.002227,0.000184,-0.002043
25590,2022-01-20,-0.005869,0.000184,0.006054
13650,2022-01-26,0.003277,0.004327,0.00105
13670,2022-01-26,-0.000283,0.004327,0.00461
14660,2022-01-26,-0.001921,0.004327,0.006248
13670,2022-01-28,0.004107,0.005686,0.001579
13670,2022-01-31,0.04499,0.021551,-0.023439
14570,2022-01-31,-0.016949,0.021551,0.0385
13560,2022-02-10,0.037827,-0.013187,-0.051014
13660,2022-02-10,0.053875,-0.013187,-0.067062
14570,2022-02-10,0.019646,-0.013187,-0.032833
14580,2022-02-22,-0.010458,-0.007115,0.003343
14580,2022-03-01,-0.024976,-0.003581,0.021396
15790,2022-03-01,-0.031142,-0.003581,0.027561
13660,2022-03-09,-0.042978,0.015085,0.058063
15450,2022-03-09,0.03856,0.015085,-0.023475
13560,2022-03-31,0.022945,-0.0044,-0.027344
14580,2022-03-31,-0.011686,-0.0044,0.007286
13660,2022-04-06,0.037901,-0.013378,-0.051279
13670,2022-04-12,-0.01055,-0.003282,0.007269
14950,2022-04-12,0.003146,-0.003282,-0.006428
13670,2022-04-15,-0.009304,-0.004273,0.005031
13670,2022-04-18,0.016221,0.001995,-0.014226
13670,2022-04-19,0.019322,0.005565,-0.013757
15450,2022-04-19,0.021041,0.005565,-0.015476
13650,2022-04-28,0.023616,0.006851,-0.016765
14580,2022-04-28,0.023625,0.006851,-0.016774
13560,2022-05-13,-0.048416,0.023313,0.071729
13670,2022-05-13,0.047959,0.023313,-0.024647
14560,2022-05-13,-0.034179,0.023313,0.057491
14580,2022-05-13,0.062437,0.023313,-0.039124
15450,2022-05-13,0.043312,0.023313,-0.02
15630,2022-05-13,0.126471,0.023313,-0.103158
13560,2022-05-18,0.038643,-0.013862,-0.052505
13660,2022-05-18,0.049906,-0.013862,-0.063768
13670,2022-05-18,-0.039828,-0.013862,0.025966
14560,2022-05-18,0.026286,-0.013862,-0.040148
15430,2022-05-18,-0.016683,-0.013862,0.002821
15450,2022-05-18,-0.066667,-0.013862,0.052805
15630,2022-05-18,-0.063257,-0.013862,0.049395
13560,2022-05-23,0.001926,0.004335,0.002409
13670,2022-05-23,0.002818,0.004335,0.001517
13680,2022-05-23,-0.002653,0.004335,0.006988
14560,2022-05-23,0.001151,0.004335,0.003184
14580,2022-05-23,0.0,0.004335,0.004335
15450,2022-05-23,-0.007712,0.004335,0.012047
13560,2022-05-31,0.000986,8.3e-05,-0.000903
13670,2022-05-31,-0.0033,8.3e-05,0.003383
13560,2022-06-02,-0.012625,0.003603,0.016228
13660,2022-06-02,-0.027559,0.003603,0.031162
13670,2022-06-02,0.010569,0.003603,-0.006966
13680,2022-06-02,-0.012448,0.003603,0.016051
15630,2022-06-02,-0.004038,0.003603,0.007641
13660,2022-06-06,-0.02994,0.010696,0.040636
13680,2022-06-06,-0.02861,0.010696,0.039306
13660,2022-06-07,-0.011317,0.003057,0.014374
13670,2022-06-07,0.011755,0.003057,-0.008698
13680,2022-06-07,-0.013324,0.003057,0.016381
14560,2022-06-07,-0.004785,0.003057,0.007842
14580,2022-06-07,0.010999,0.003057,-0.007941
13670,2022-06-21,0.034731,0.017848,-0.016882
13670,2022-07-04,0.023719,0.001754,-0.021964
14580,2022-07-04,0.024008,0.001754,-0.022254
15720,2022-07-04,0.003982,0.001754,-0.002228
13570,2022-08-17,-0.00295,0.001053,0.004003
14580,2022-08-17,-0.001359,0.001053,0.002412
13570,2022-09-12,-0.00289,0.002662,0.005552
28420,2022-09-12,-0.010355,0.002662,0.013017
15720,2022-09-16,0.013038,-0.00072,-0.013758
15720,2022-09-22,-0.034055,-0.002152,0.031903
13600,2022-09-30,0.033075,-0.0096,-0.042675
15720,2022-09-30,-0.02689,-0.0096,0.01729
13560,2022-11-09,0.02829,-0.004944,-0.033234
25590,2023-01-05,0.001108,-0.006004,-0.007112
13560,2023-02-06,0.001272,0.000839,-0.000433
15430,2023-02-06,-0.002138,0.000839,0.002978
15720,2023-02-06,-0.020223,0.000839,0.021062
16780,2023-02-06,0.003932,0.000839,-0.003093
16780,2023-02-17,-0.000381,0.004618,0.004999
15430,2023-03-06,-0.0075,0.00123,0.00873
25110,2023-03-06,-0.013987,0.00123,0.015218
25120,2023-03-06,-0.008757,0.00123,0.009987
25140,2023-03-06,0.003353,0.00123,-0.002123
15430,2023-03-23,-0.010009,0.009113,0.019122
15720,2023-03-23,0.038436,0.009113,-0.029323
16780,2023-03-23,0.001642,0.009113,0.007471
25590,2023-03-23,0.007758,0.009113,0.001355
25590,2023-03-29,0.018688,0.001894,-0.016794
28660,2023-03-29,0.004556,0.001894,-0.002662
13560,2023-04-07,-0.012941,0.004486,0.017427
16780,2023-04-07,0.002356,0.004486,0.00213
25110,2023-04-07,0.005061,0.004486,-0.000575
28390,2023-04-07,0.057783,0.004486,-0.053297
28560,2023-04-07,0.013784,0.004486,-0.009298
25130,2023-04-12,-0.001178,0.001935,0.003113
25140,2023-04-12,-0.00369,0.001935,0.005625
28390,2023-04-12,-0.00016,0.001935,0.002095
13560,2023-04-18,-0.006682,0.001942,0.008624
14590,2023-04-18,-0.004766,0.001942,0.006708
14820,2023-04-18,0.001048,0.001942,0.000894
14870,2023-04-18,-0.000676,0.001942,0.002618
16780,2023-04-18,-0.003462,0.001942,0.005403
26210,2023-04-18,0.002026,0.001942,-8.4e-05
26480,2023-04-18,-0.000242,0.001942,0.002184
28390,2023-04-18,-0.000487,0.001942,0.002429
13560,2023-05-01,-0.011005,0.00108,0.012085
14860,2023-05-01,0.005587,0.00108,-0.004507
15720,2023-05-01,0.010435,0.00108,-0.009355
16780,2023-05-01,0.008905,0.00108,-0.007826
16990,2023-05-01,0.000911,0.00108,0.000169
26210,2023-05-01,-0.015926,0.00108,0.017005
26470,2023-05-01,-0.000756,0.00108,0.001835
26480,2023-05-01,-0.00983,0.00108,0.010909
14690,2023-05-17,-0.027413,0.004012,0.031425
14870,2023-05-17,-0.004051,0.004012,0.008064
13560,2023-05-22,-0.026211,0.008036,0.034247
14690,2023-05-22,-0.028262,0.008036,0.036298
14820,2023-05-22,-0.006329,0.008036,0.014365
14860,2023-05-22,-0.000889,0.008036,0.008925
14870,2023-05-22,-0.003757,0.008036,0.011793
15720,2023-05-22,0.025748,0.008036,-0.017712
26200,2023-05-22,0.001618,0.008036,0.006418
26210,2023-05-22,-0.004149,0.008036,0.012186
26480,2023-05-22,-0.004389,0.008036,0.012425
28440,2023-05-22,-0.006334,0.008036,0.01437
28570,2023-05-22,-0.011974,0.008036,0.020011
13560,2023-05-24,0.009245,0.001504,-0.007741
14690,2023-05-24,0.006633,0.001504,-0.005129
14860,2023-05-24,-0.003987,0.001504,0.005491
15720,2023-05-24,-0.049224,0.001504,0.050728
26210,2023-05-24,-0.004178,0.001504,0.005683
28570,2023-05-24,-0.013662,0.001504,0.015167
13560,2023-05-26,-0.017261,0.001807,0.019068
14860,2023-05-26,0.011121,0.001807,-0.009314
15720,2023-05-26,0.025554,0.001807,-0.023748
26210,2023-05-26,0.012685,0.001807,-0.010878
28390,2023-05-26,0.015973,0.001807,-0.014167
28570,2023-05-26,-0.00042,0.001807,0.002227
13560,2023-05-30,0.014225,-0.002103,-0.016328
14820,2023-05-30,0.003723,-0.002103,-0.005826
16560,2023-05-30,0.001415,-0.002103,-0.003518
26210,2023-05-30,0.005556,-0.002103,-0.007659
28390,2023-05-30,0.009312,-0.002103,-0.011415
28570,2023-05-30,0.018602,-0.002103,-0.020705
14690,2023-06-09,-0.022755,0.006954,0.029709
14820,2023-06-09,-0.002128,0.006954,0.009081
14870,2023-06-09,-0.005828,0.006954,0.012782
25590,2023-06-09,0.006223,0.006954,0.00073
26210,2023-06-09,0.002766,0.006954,0.004188
28390,2023-06-09,0.002159,0.006954,0.004794
14660,2023-06-15,-0.004405,0.00113,0.005535
14690,2023-06-15,0.00589,0.00113,-0.00476
14820,2023-06-15,0.007503,0.00113,-0.006372
16780,2023-06-15,0.008714,0.00113,-0.007584
25590,2023-06-15,0.013419,0.00113,-0.012288
28570,2023-06-15,0.008616,0.00113,-0.007486
14690,2023-06-22,-0.014273,0.000326,0.014599
14870,2023-06-22,-0.006904,0.000326,0.00723
16560,2023-06-22,0.004881,0.000326,-0.004555
14860,2023-07-03,0.000858,0.001312,0.000454
14870,2023-07-03,-0.001744,0.001312,0.003056
16780,2023-07-03,0.027742,0.001312,-0.02643
26210,2023-07-03,0.004147,0.001312,-0.002835
28390,2023-07-03,-0.00151,0.001312,0.002822
14820,2023-07-05,-0.006997,-0.004734,0.002262
14870,2023-07-05,-0.009356,-0.004734,0.004621
16780,2023-07-05,0.001304,-0.004734,-0.006039
25590,2023-07-05,-0.001833,-0.004734,-0.002901
15720,2023-07-14,-0.037626,-0.00381,0.033816
16560,2023-07-14,0.002523,-0.00381,-0.006333
28570,2023-07-14,0.010808,-0.00381,-0.014618
15720,2023-07-20,0.002763,-0.003955,-0.006718
26210,2023-07-24,-0.002797,0.003865,0.006662
15730,2023-07-28,-0.04218,0.010873,0.053053
25160,2023-07-28,0.023252,0.010873,-0.012379
14870,2023-07-31,0.004636,0.001996,-0.00264
15730,2023-07-31,0.017318,0.001996,-0.015322
25160,2023-07-31,0.011445,0.001996,-0.009449
26200,2023-07-31,0.013103,0.001996,-0.011107
26210,2023-07-31,-0.001425,0.001996,0.00342
28380,2023-07-31,0.011466,0.001996,-0.009471
15720,2023-08-02,-0.045,-0.00961,0.03539
16780,2023-08-02,-0.019016,-0.00961,0.009406
26470,2023-08-02,-0.005446,-0.00961,-0.004164
14870,2023-08-04,0.005047,0.002363,-0.002684
15720,2023-08-04,-0.021337,0.002363,0.0237
16780,2023-08-04,0.006391,0.002363,-0.004028
26470,2023-08-04,0.005141,0.002363,-0.002778
28380,2023-08-04,-0.002532,0.002363,0.004895
16780,2023-08-10,0.001325,0.0063,0.004975
26470,2023-08-10,-0.002056,0.0063,0.008356
26470,2023-08-31,-0.002778,0.002195,0.004973
26480,2023-08-31,0.0,0.002195,0.002195
28380,2023-08-31,-0.004723,0.002195,0.006918
28390,2023-08-31,0.000173,0.002195,0.002022
13250,2023-09-07,0.022202,-0.005442,-0.027643
15730,2023-09-07,0.051546,-0.005442,-0.056988
16780,2023-09-07,0.003238,-0.005442,-0.00868
28380,2023-09-07,-0.001244,-0.005442,-0.004198
13250,2023-09-15,-0.004822,-0.001115,0.003707
14690,2023-09-15,-0.006986,-0.001115,0.005871
15730,2023-09-15,0.014561,-0.001115,-0.015676
20850,2023-09-15,-0.007323,-0.001115,0.006208
13250,2023-09-21,-0.04275,-0.011027,0.031723
14870,2023-09-21,-0.007011,-0.011027,-0.004016
16780,2023-09-21,-0.009597,-0.011027,-0.00143
26480,2023-09-21,-0.006035,-0.011027,-0.004992
13250,2023-10-03,-0.01721,-0.029857,-0.012646
16330,2023-10-03,-0.046765,-0.029857,0.016908
16780,2023-10-03,-0.016046,-0.029857,-0.01381
22450,2023-10-03,-0.016492,-0.029857,-0.013364
25120,2023-10-03,-0.007338,-0.029857,-0.022519
25590,2023-10-03,-0.019325,-0.029857,-0.010531
28620,2023-10-03,-0.019285,-0.029857,-0.010571
13250,2023-10-06,0.026603,0.010331,-0.016272
14980,2023-10-06,0.003669,0.010331,0.006662
16780,2023-10-06,0.004541,0.010331,0.00579
20850,2023-10-06,0.021207,0.010331,-0.010875
28380,2023-10-06,0.002801,0.010331,0.00753
13250,2023-10-26,-0.007293,-0.001418,0.005875
14860,2023-10-26,0.002467,-0.001418,-0.003885
16780,2023-10-26,-0.013119,-0.001418,0.011701
13250,2023-11-01,0.004111,0.004773,0.000661
14860,2023-11-01,0.004678,0.004773,9.5e-05
16780,2023-11-01,0.001309,0.004773,0.003464
13250,2023-11-06,0.006124,0.002175,-0.003949
14860,2023-11-06,-0.003503,0.002175,0.005678
16780,2023-11-06,0.002274,0.002175,-9.9e-05
26470,2023-11-06,0.0,0.002175,0.002175
26480,2023-11-06,-0.000267,0.002175,0.002442
14690,2023-11-09,-0.005223,0.000739,0.005962
16780,2023-11-09,-0.002249,0.000739,0.002987
26470,2023-11-09,-0.004593,0.000739,0.005332
16780,2023-11-13,0.000958,-0.003771,-0.00473
25160,2023-11-13,0.006225,-0.003771,-0.009997
26470,2023-11-13,0.005946,-0.003771,-0.009717
14690,2023-11-16,0.001,-0.003887,-0.004887
14870,2023-11-16,0.001489,-0.003887,-0.005376
16780,2023-11-16,-0.000632,-0.003887,-0.003256
25160,2023-11-16,0.002055,-0.003887,-0.005942
14860,2023-11-29,0.000653,0.000779,0.000126
15720,2023-11-29,-0.008656,0.000779,0.009435
16780,2023-11-29,0.006735,0.000779,-0.005956
14860,2023-12-01,-0.000435,-0.004639,-0.004204
15720,2023-12-01,-0.041995,-0.004639,0.037355
16780,2023-12-01,0.003802,-0.004639,-0.008442
16780,2023-12-08,0.003437,-0.00099,-0.004427
25590,2023-12-08,0.008469,-0.00099,-0.009459
26470,2023-12-08,-0.001313,-0.00099,0.000323
16780,2023-12-15,0.010917,0.000386,-0.010531
20930,2023-12-15,-0.007637,0.000386,0.008022
25160,2023-12-15,0.01023,0.000386,-0.009844
26470,2023-12-15,0.0,0.000386,0.000386
28380,2023-12-15,0.000125,0.000386,0.000261
16780,2023-12-21,0.004341,0.001175,-0.003166
16780,2024-01-04,0.012229,0.014997,0.002768
20850,2024-01-04,0.024295,0.014997,-0.009299
25540,2024-01-04,-0.003884,0.014997,0.018881
25590,2024-01-04,0.000292,0.014997,0.014704
26480,2024-01-04,-0.008462,0.014997,0.023458
28380,2024-01-04,0.009724,0.014997,0.005272
16780,2024-01-09,-0.008408,0.005697,0.014105
25110,2024-01-09,0.0,0.005697,0.005697
28390,2024-01-09,0.002604,0.005697,0.003093
15720,2024-01-17,-0.050864,-0.008674,0.04219
16780,2024-01-17,-0.01781,-0.008674,0.009136
28380,2024-01-17,0.002911,-0.008674,-0.011584
15720,2024-01-18,0.001751,0.005508,0.003756
16780,2024-01-18,0.006837,0.005508,-0.001329
26470,2024-01-18,-0.003071,0.005508,0.008579
28380,2024-01-18,-0.007134,0.005508,0.012642
13250,2024-01-26,0.007371,0.001087,-0.006284
14860,2024-01-26,0.004347,0.001087,-0.00326
15720,2024-01-26,-0.010082,0.001087,0.011169
16780,2024-01-26,0.001798,0.001087,-0.000711
20150,2024-01-26,0.002001,0.001087,-0.000914
26480,2024-01-26,-0.000783,0.001087,0.00187
28380,2024-01-26,0.005481,0.001087,-0.004394
13250,2024-01-31,-0.004049,0.001918,0.005967
26470,2024-01-31,0.005411,0.001918,-0.003493
26480,2024-01-31,0.005705,0.001918,-0.003787
13250,2024-02-02,0.0,0.005041,0.005041
15730,2024-02-02,0.013437,0.005041,-0.008396
16780,2024-02-02,0.010911,0.005041,-0.00587
20150,2024-02-02,0.000495,0.005041,0.004545
20930,2024-02-02,0.010649,0.005041,-0.005608
25120,2024-02-02,-0.003722,0.005041,0.008762
25540,2024-02-02,-0.002671,0.005041,0.007712
26470,2024-02-02,-0.002873,0.005041,0.007914
28380,2024-02-02,-0.003485,0.005041,0.008526
13250,2024-02-08,-0.021782,-0.004468,0.017314
133A0,2024-02-08,0.010956,-0.004468,-0.015425
15730,2024-02-08,0.026696,-0.004468,-0.031164
16780,2024-02-08,-0.002321,-0.004468,-0.002148
20150,2024-02-08,0.00299,-0.004468,-0.007458
20190,2024-02-08,0.008982,-0.004468,-0.01345
13250,2024-02-15,0.016393,-0.007638,-0.024032
14870,2024-02-15,0.006742,-0.007638,-0.01438
15410,2024-02-15,0.001256,-0.007638,-0.008895
15430,2024-02-15,0.012134,-0.007638,-0.019773
16780,2024-02-15,0.006366,-0.007638,-0.014004
20150,2024-02-15,-0.001984,-0.007638,-0.005654
20190,2024-02-15,0.002927,-0.007638,-0.010565
25590,2024-02-15,0.005694,-0.007638,-0.013333
28390,2024-02-15,-0.000889,-0.007638,-0.006749
133A0,2024-02-21,-0.001949,0.002146,0.004095
15430,2024-02-21,-0.006021,0.002146,0.008167
15630,2024-02-21,-0.00107,0.002146,0.003216
16780,2024-02-21,0.000284,0.002146,0.001862
20190,2024-02-21,0.005859,0.002146,-0.003713
13250,2024-02-27,0.014085,0.002197,-0.011887
133A0,2024-02-27,-0.001942,0.002197,0.004139
14870,2024-02-27,-0.003745,0.002197,0.005943
16780,2024-02-27,0.001418,0.002197,0.000779
26470,2024-02-27,-0.00216,0.002197,0.004358
15730,2024-04-02,-0.00858,-0.01784,-0.00926
20190,2024-04-02,-0.013195,-0.01784,-0.004645
25110,2024-04-02,-0.006455,-0.01784,-0.011386
25590,2024-04-02,-0.008929,-0.01784,-0.008912
13250,2024-04-11,0.004098,0.007294,0.003196
15730,2024-04-11,-0.008527,0.007294,0.015821
13250,2024-04-22,0.02265,0.010295,-0.012355
25160,2024-04-22,0.019008,0.010295,-0.008713
25160,2024-05-21,-0.017094,-0.005174,0.01192
13250,2024-05-27,0.016667,0.001792,-0.014874
25160,2024-05-27,0.011613,0.001792,-0.009821
15720,2024-06-03,0.013852,-0.00139,-0.015242
15730,2024-06-03,-0.019672,-0.00139,0.018282
13250,2024-06-12,-0.012446,0.00196,0.014406
16780,2024-06-28,0.00425,0.000467,-0.003783
25160,2024-06-28,-0.007859,0.000467,0.008326
15720,2024-07-12,-0.016474,0.013938,0.030412
15720,2024-07-16,-0.006961,0.003095,0.010056
15730,2024-07-16,0.02418,0.003095,-0.021085
15720,2024-08-30,0.024232,0.009721,-0.014511
15720,2024-09-27,-0.003819,-0.016767,-0.012948
15730,2024-10-01,-0.009492,0.000587,0.010079
15730,2024-10-03,0.02605,-0.003132,-0.029182
15720,2024-10-07,0.057714,-0.006569,-0.064283
13090,2024-10-09,-0.058982,0.000102,0.059084
14820,2024-10-09,-0.010393,0.000102,0.010495
15730,2024-10-09,0.005131,0.000102,-0.005029
15730,2024-10-21,0.02111,-0.000256,-0.021366
15720,2024-10-23,0.01235,-0.009953,-0.022303
15730,2024-10-23,0.002859,-0.009953,-0.012811
25530,2024-10-23,0.015348,-0.009953,-0.0253
15730,2024-10-28,0.001218,0.016581,0.015363
25530,2024-10-28,0.012806,0.016581,0.003776
14660,2024-12-06,-0.010135,0.001067,0.011202
14870,2024-12-06,0.004589,0.001067,-0.003522
15720,2024-12-06,0.025304,0.001067,-0.024237
28650,2024-12-06,-0.004115,0.001067,0.005182
15720,2025-01-20,0.038667,0.00733,-0.031337
15730,2025-01-20,-0.025084,0.00733,0.032415
28390,2025-01-23,0.00209,0.000456,-0.001633
13250,2025-02-05,-0.006516,0.003158,0.009674
15730,2025-02-05,0.021354,0.003158,-0.018196
15730,2025-03-03,0.032716,-0.00129,-0.034007
15730,2025-03-11,-0.010895,0.003113,0.014008
15730,2025-04-02,0.01413,-0.034701,-0.048831
13250,2025-04-08,0.004878,0.005098,0.00022
15730,2025-04-08,0.036099,0.005098,-0.031001
13250,2025-04-09,-0.000971,0.053842,0.054813
13250,2025-04-10,-0.028183,-0.028277,-9.5e-05
15730,2025-04-10,-0.014081,-0.028277,-0.014196
13250,2025-04-14,0.000977,0.006912,0.005935
15730,2025-04-14,-0.010749,0.006912,0.017661
13250,2025-04-16,0.000519,-0.006264,-0.006784
13250,2025-06-13,-0.014151,-0.005439,0.008712
15730,2025-06-13,0.029763,-0.005439,-0.035203
13250,2025-07-11,-0.013816,0.00114,0.014956
13250,2025-07-14,-0.00628,0.003764,0.010044
13250,2025-07-17,-0.003403,0.008166,0.011569
13250,2025-08-21,-0.005792,0.004068,0.00986
25530,2025-09-24,0.259734,0.000614,-0.25912
25530,2025-09-26,0.05217,-0.000792,-0.052962
36640,2025-12-24,-0.027778,0.001502,0.02928
75990,2017-12-18,-0.003654,0.000424,0.004079
37410,2018-11-27,0.011737,0.003275,-0.008462
60470,2019-03-01,0.030534,0.009209,-0.021325
77250,2019-12-03,0.02771,0.000391,-0.027319
15630,2022-04-11,-0.075706,-0.012133,0.063573
15630,2022-04-21,-0.028842,-0.006026,0.022816
15630,2022-04-26,-0.006984,-0.012552,-0.005568
25160,2022-04-26,-0.019277,-0.012552,0.006725
15630,2022-08-10,0.013994,0.003807,-0.010187
15630,2022-08-12,0.009698,0.007966,-0.001732
15630,2022-08-16,0.00963,0.00569,-0.003939
318A0,2025-04-10,0.22,-0.028277,-0.248277
318A0,2025-04-23,0.005114,0.001915,-0.003199
318A0,2025-05-02,-0.022023,0.000322,0.022345
15680,2025-07-01,-0.024283,-0.008313,0.01597
15680,2025-07-02,0.008021,-6.2e-05,-0.008084
15680,2025-07-07,-0.013048,0.000311,0.013359
15790,2025-07-07,-0.011945,0.000311,0.012257
15680,2025-07-24,0.004466,0.003507,-0.000959
15790,2025-07-24,-0.002792,0.003507,0.006298
15680,2025-07-25,-0.009263,0.003759,0.013022
15790,2025-07-25,-0.010264,0.003759,0.014024
15680,2025-10-07,-0.00092,-0.001177,-0.000257
82820,2017-08-24,-0.007398,0.005154,0.012552
24130,2019-12-05,0.009901,-0.000686,-0.010587
24710,2019-12-05,-0.024523,-0.000686,0.023837
30880,2019-12-05,-0.004746,-0.000686,0.00406
34980,2019-12-05,-0.029982,-0.000686,0.029296
36680,2019-12-05,-0.012397,-0.000686,0.01171
48490,2019-12-05,-0.013514,-0.000686,0.012827
25850,2025-03-10,-0.033288,-0.01077,0.022518
93010,2025-03-10,-0.01737,-0.01077,0.0066
13290,2017-11-24,0.01039,0.011169,0.000779
13640,2017-12-06,-0.005611,-0.004014,0.001597
13460,2017-12-21,-0.001698,0.004208,0.005906
13650,2017-12-29,0.028786,0.009851,-0.018935
13300,2018-01-15,-0.00407,0.002109,0.006179
13650,2018-01-15,-0.008646,0.002109,0.010755
80530,2018-01-15,-0.000198,0.002109,0.002307
80010,2018-01-16,-0.006523,-0.003652,0.002871
13300,2018-01-29,-0.006536,-0.002496,0.00404
13690,2018-02-16,0.020872,0.017763,-0.003109
13970,2018-02-16,-0.011395,0.017763,0.029158
80530,2018-02-16,0.002237,0.017763,0.015526
89870,2018-02-16,0.009587,0.017763,0.008176
13460,2018-02-23,0.016577,0.012,-0.004577
13650,2018-02-23,0.034722,0.012,-0.022722
80530,2018-02-23,0.029221,0.012,-0.017221
13460,2018-03-19,-0.009977,-0.019036,-0.009059
80010,2018-03-19,-0.008426,-0.019036,-0.01061
13290,2018-03-29,0.005467,0.006327,0.00086
13460,2018-03-29,0.006378,0.006327,-5.1e-05
14750,2018-03-29,0.002875,0.006327,0.003452
15990,2018-03-29,0.003891,0.006327,0.002436
80530,2018-03-29,0.004284,0.006327,0.002043
13460,2018-05-02,-0.001717,0.00519,0.006907
13290,2018-05-10,0.003445,-0.001487,-0.004933
13460,2018-05-10,0.003445,-0.001487,-0.004933
14750,2018-05-10,0.003328,-0.001487,-0.004815
84180,2018-05-10,-0.008541,-0.001487,0.007054
63610,2018-05-11,0.0311,0.0036,-0.0275
14750,2018-05-18,0.000544,0.003089,0.002545
13690,2018-05-21,0.005628,0.00555,-7.7e-05
80010,2018-05-21,0.007065,0.00555,-0.001515
13290,2018-05-23,-0.011022,-0.002,0.009022
13690,2018-05-23,-0.012565,-0.002,0.010565
14750,2018-05-23,-0.006557,-0.002,0.004558
15930,2018-05-23,-0.005505,-0.002,0.003505
15930,2018-06-13,0.000614,0.000595,-1.9e-05
27680,2018-06-13,-0.007317,0.000595,0.007912
13210,2018-06-14,0.001267,0.00128,1.3e-05
13480,2018-06-15,-0.004315,-0.004824,-0.000509
14730,2018-06-15,-0.014309,-0.004824,0.009486
15930,2018-06-15,-0.002457,-0.004824,-0.002367
14730,2018-06-26,0.00344,0.007349,0.003909
14750,2018-06-26,0.00918,0.007349,-0.001831
14730,2018-08-06,-0.002291,-0.007349,-0.005059
16150,2018-08-06,-0.005405,-0.007349,-0.001944
14770,2018-08-22,-0.000541,0.011465,0.012006
16150,2018-08-22,0.0,0.011465,0.011465
14770,2018-08-27,0.009677,0.013442,0.003765
32950,2018-09-10,0.001856,0.005181,0.003325
57060,2018-09-10,-0.000689,0.005181,0.00587
64810,2018-09-10,0.011194,0.005181,-0.006013
67280,2018-09-10,-0.004988,0.005181,0.010169
68560,2018-09-10,-0.017241,0.005181,0.022422
80010,2018-09-10,0.01188,0.005181,-0.006699
13210,2018-09-21,0.0,0.006986,0.006986
16150,2018-09-21,0.010526,0.006986,-0.00354
13210,2018-09-27,0.005691,-0.001653,-0.007344
13690,2018-09-27,0.004973,-0.001653,-0.006626
14750,2018-09-27,0.001084,-0.001653,-0.002737
80010,2018-09-27,0.004592,-0.001653,-0.006244
13460,2018-10-04,-0.019952,-0.009081,0.010871
13480,2018-10-04,-0.013837,-0.009081,0.004756
14730,2018-10-04,-0.014634,-0.009081,0.005553
14740,2018-10-04,-0.014119,-0.009081,0.005038
14750,2018-10-04,-0.01516,-0.009081,0.006078
14770,2018-10-04,-0.021106,-0.009081,0.012024
15930,2018-10-04,-0.016324,-0.009081,0.007243
16150,2018-10-04,0.0,-0.009081,-0.009081
64810,2018-10-04,-0.033784,-0.009081,0.024702
80010,2018-10-04,0.007162,-0.009081,-0.016243
13200,2018-10-12,0.000433,0.01486,0.014427
15700,2018-10-12,0.00049,0.01486,0.014369
68560,2018-10-12,0.048638,0.01486,-0.033778
14770,2018-10-17,-0.004749,0.007137,0.011887
15930,2018-10-17,0.002566,0.007137,0.004571
16150,2018-10-17,0.005405,0.007137,0.001732
96840,2018-10-17,0.015087,0.007137,-0.00795
14770,2018-10-18,-0.005832,-0.01339,-0.007558
15930,2018-10-18,-0.021113,-0.01339,0.007723
16150,2018-10-18,-0.016129,-0.01339,0.002739
96840,2018-10-18,-0.032065,-0.01339,0.018675
14770,2018-10-19,0.0,0.002804,0.002804
15930,2018-10-19,0.0,0.002804,0.002804
16150,2018-10-19,0.0,0.002804,0.002804
96840,2018-10-19,-0.011872,0.002804,0.014676
13290,2018-10-30,0.032258,0.03736,0.005102
14750,2018-10-30,0.026119,0.03736,0.011241
77310,2018-10-30,0.050893,0.03736,-0.013533
88480,2018-10-30,-0.057692,0.03736,0.095053
13690,2018-11-13,0.003186,0.003492,0.000306
18220,2018-11-13,-0.029369,0.003492,0.032861
80010,2018-11-27,-0.010096,0.003275,0.013371
13050,2018-11-29,-0.005161,-0.00196,0.0032
13690,2018-11-30,0.015084,0.009844,-0.00524
13290,2018-12-03,-0.00598,0.002392,0.008373
96840,2018-12-03,-0.014699,0.002392,0.017091
13690,2018-12-26,0.04156,0.048579,0.007019
19630,2018-12-26,0.0554,0.048579,-0.006821
88480,2019-02-14,-0.092369,-0.006341,0.086028
13290,2019-02-28,-0.002712,-0.004613,-0.0019
13460,2019-02-28,-0.002715,-0.004613,-0.001898
13690,2019-03-14,-0.000465,-0.004601,-0.004136
88480,2019-03-20,-0.01626,0.005105,0.021365
75540,2019-03-25,-0.004675,0.001849,0.006524
91040,2019-03-25,-0.001994,0.001849,0.003844
13690,2019-04-02,-0.007289,-0.012182,-0.004893
77350,2019-04-16,0.060429,0.000295,-0.060134
13690,2019-04-17,-0.001335,0.003371,0.004706
13290,2019-05-08,-0.004913,-0.006584,-0.001672
16310,2019-05-10,-0.00565,4.9e-05,0.005699
26850,2019-05-29,-0.017059,-0.003261,0.013798
67940,2019-05-29,0.017555,-0.003261,-0.020817
67280,2019-06-19,0.014063,0.007306,-0.006756
16310,2019-07-01,0.003444,0.006279,0.002835
14750,2019-07-08,-0.004917,-0.004988,-7e-05
67940,2019-07-25,0.003924,-0.000765,-0.004689
14770,2019-08-05,-0.009259,-0.039387,-0.030128
14900,2019-08-05,-0.012022,-0.039387,-0.027365
14930,2019-08-05,-0.04422,-0.039387,0.004833
14980,2019-08-05,-0.02087,-0.039387,-0.018518
16310,2019-08-05,-0.04557,-0.039387,0.006182
13690,2019-08-08,0.009747,0.006219,-0.003527
16310,2019-08-08,-0.003866,0.006219,0.010085
19630,2019-08-08,-0.009631,0.006219,0.01585
16310,2019-08-09,-0.010349,-0.014086,-0.003736
30920,2019-08-09,0.035044,-0.014086,-0.049129
13200,2019-08-13,0.013449,0.007425,-0.006024
14980,2019-08-13,0.0125,0.007425,-0.005075
16310,2019-08-13,-0.005229,0.007425,0.012653
19630,2019-08-13,0.027318,0.007425,-0.019893
26850,2019-09-09,0.011947,0.008039,-0.003908
35430,2019-09-09,0.007172,0.008039,0.000867
80010,2019-09-09,0.015786,0.008039,-0.007747
98310,2019-09-09,0.01227,0.008039,-0.004231
15920,2019-09-11,0.018053,0.014537,-0.003516
89540,2019-09-11,-0.006082,0.014537,0.020619
98310,2019-09-11,0.04008,0.014537,-0.025543
13290,2019-10-01,-0.00444,0.000739,0.00518
32950,2019-10-01,0.005539,0.000739,-0.0048
80010,2019-10-01,-0.004448,0.000739,0.005187
16150,2019-10-02,0.0,-0.007064,-0.007064
27680,2019-10-03,-0.009119,-0.000193,0.008925
70040,2019-10-03,0.008721,-0.000193,-0.008914
15770,2019-10-04,0.008503,0.007132,-0.00137
16310,2019-10-04,-0.012048,0.007132,0.01918
80010,2019-10-04,0.0121,0.007132,-0.004968
26850,2019-10-10,-0.024659,-0.002289,0.02237
54110,2019-10-10,0.036701,-0.002289,-0.03899
54230,2019-10-10,0.00601,-0.002289,-0.008298
59380,2019-10-10,0.016171,-0.002289,-0.01846
61130,2019-10-10,0.018373,-0.002289,-0.020661
69880,2019-10-10,0.021544,-0.002289,-0.023833
72420,2019-10-10,0.016502,-0.002289,-0.01879
75810,2019-10-10,-0.049361,-0.002289,0.047072
76060,2019-10-10,0.0,-0.002289,-0.002289
80010,2019-10-10,0.022911,-0.002289,-0.0252
82270,2019-10-10,0.008664,-0.002289,-0.010953
89530,2019-10-10,-0.012393,-0.002289,0.010104
89840,2019-10-10,-0.009615,-0.002289,0.007327
91420,2019-10-10,-0.002886,-0.002289,0.000597
98310,2019-10-10,0.005976,-0.002289,-0.008265
15700,2019-10-17,0.00544,0.001157,-0.004284
91420,2019-10-17,-0.012876,0.001157,0.014032
14750,2019-10-18,-0.001804,0.00131,0.003114
15770,2019-10-18,0.001817,0.00131,-0.000507
35430,2019-10-18,0.002404,0.00131,-0.001094
64120,2019-10-18,-0.010855,0.00131,0.012164
67940,2019-10-18,0.002475,0.00131,-0.001166
72420,2019-10-18,-0.010386,0.00131,0.011695
80010,2019-10-18,-0.005954,0.00131,0.007263
91420,2019-10-18,0.002899,0.00131,-0.001589
24400,2019-11-08,0.002035,-0.002508,-0.004543
67940,2019-11-08,0.0174,-0.002508,-0.019908
80010,2019-11-08,0.014316,-0.002508,-0.016824
82190,2019-11-08,-0.040455,-0.002508,0.037946
13200,2019-11-11,-0.004153,0.003277,0.007429
15700,2019-11-11,-0.009545,0.003277,0.012822
16150,2019-11-11,0.0,0.003277,0.003277
80010,2019-11-11,0.002739,0.003277,0.000538
13200,2019-11-12,0.00417,0.002046,-0.002124
15700,2019-11-12,0.009637,0.002046,-0.007591
16150,2019-11-12,0.0,0.002046,0.002046
80010,2019-11-12,0.007563,0.002046,-0.005517
24400,2019-11-25,-0.018519,0.005683,0.024201
36120,2019-11-25,-0.002414,0.005683,0.008097
38630,2019-11-25,0.010037,0.005683,-0.004354
15700,2019-12-03,-0.003717,0.000391,0.004108
16980,2019-12-03,0.001703,0.000391,-0.001312
14750,2019-12-05,0.002292,-0.000686,-0.002979
16150,2019-12-05,0.006452,-0.000686,-0.007138
16510,2019-12-05,0.004012,-0.000686,-0.004698
35630,2019-12-12,0.017529,0.003926,-0.013603
13790,2019-12-20,0.000499,0.003552,0.003053
14190,2019-12-20,0.008424,0.003552,-0.004872
18820,2019-12-20,0.0125,0.003552,-0.008948
33950,2019-12-20,0.006427,0.003552,-0.002875
35630,2019-12-20,0.022472,0.003552,-0.01892
36780,2019-12-20,0.0447,0.003552,-0.041148
44710,2019-12-20,-0.009158,0.003552,0.012709
52140,2019-12-20,0.00965,0.003552,-0.006098
62080,2019-12-20,0.101784,0.003552,-0.098232
63900,2019-12-20,0.007412,0.003552,-0.00386
68750,2019-12-20,0.01847,0.003552,-0.014918
70330,2019-12-20,-0.012562,0.003552,0.016114
98610,2019-12-20,0.025455,0.003552,-0.021903
14790,2020-01-09,0.007748,0.007132,-0.000616
13690,2020-01-14,-0.005,-0.002892,0.002108
14840,2020-01-14,-0.004893,-0.002892,0.002
52140,2020-01-14,-0.011378,-0.002892,0.008486
14750,2020-01-23,-0.001128,-0.002011,-0.000883
34550,2020-01-23,0.00428,-0.002011,-0.006291
70030,2020-01-27,-0.013198,-0.010633,0.002565
13290,2020-01-29,-0.002075,-0.006518,-0.004443
16980,2020-01-30,0.000578,-0.013131,-0.013709
15700,2020-02-10,0.019343,0.002891,-0.016452
26850,2020-02-10,0.026887,0.002891,-0.023996
32900,2020-02-10,0.011984,0.002891,-0.009093
14880,2020-03-02,0.025243,0.0676,0.042357
13460,2020-03-03,-0.037634,-0.050929,-0.013295
14880,2020-03-03,-0.02178,-0.050929,-0.029149
16980,2020-03-03,-0.034548,-0.050929,-0.016381
30280,2020-03-03,-0.058997,-0.050929,0.008068
13460,2020-03-06,-0.049188,-0.054394,-0.005206
16980,2020-03-06,-0.067961,-0.054394,0.013567
25560,2020-03-06,-0.033702,-0.054394,-0.020692
15970,2020-03-16,-0.089705,-0.046842,0.042863
25160,2020-03-16,-0.062356,-0.046842,0.015514
27680,2020-03-16,-0.041667,-0.046842,-0.005175
67940,2020-03-16,-0.114738,-0.046842,0.067896
72420,2020-03-16,-0.063353,-0.046842,0.016511
13450,2020-03-17,0.085349,0.081624,-0.003726
14730,2020-03-17,0.106732,0.081624,-0.025109
15970,2020-03-17,0.04828,0.081624,0.033343
24400,2020-03-17,0.033195,0.081624,0.048429
44710,2020-03-17,0.078571,0.081624,0.003052
67940,2020-03-17,0.050279,0.081624,0.031344
13290,2020-03-19,-0.033067,-0.025834,0.007233
13450,2020-03-19,-0.095272,-0.025834,0.069438
15970,2020-03-19,-0.08078,-0.025834,0.054946
25160,2020-03-19,-0.083512,-0.025834,0.057678
67700,2020-03-19,-0.13886,-0.025834,0.113026
13430,2020-03-26,0.030952,0.021511,-0.009441
15950,2020-03-26,0.013125,0.021511,0.008386
16980,2020-03-26,0.051319,0.021511,-0.029807
25550,2020-03-26,-0.009731,0.021511,0.031242
80010,2020-03-26,0.024955,0.021511,-0.003444
13460,2020-04-02,0.004313,-0.00721,-0.011523
13290,2020-04-10,-0.014328,0.00225,0.016578
14730,2020-04-10,-0.002753,0.00225,0.005003
38630,2020-04-10,0.005792,0.00225,-0.003542
99830,2020-04-10,-0.012477,0.00225,0.014726
26640,2020-04-13,0.01901,-0.003168,-0.022178
26850,2020-04-13,-0.006033,-0.003168,0.002865
35430,2020-04-13,0.019633,-0.003168,-0.022801
68100,2020-04-13,-0.00501,-0.003168,0.001842
72420,2020-04-13,-0.025579,-0.003168,0.022411
76060,2020-04-13,0.00995,-0.003168,-0.013119
13990,2020-06-01,0.010294,0.007143,-0.003152
69630,2020-06-01,-0.010929,0.007143,0.018071
80010,2020-06-01,0.010567,0.007143,-0.003425
13290,2020-06-10,-0.005897,0.000823,0.00672
52140,2020-06-10,-0.015508,0.000823,0.016331
67780,2020-06-18,0.046629,0.005008,-0.041621
98610,2020-06-18,0.019651,0.005008,-0.014642
30880,2020-06-19,0.005044,0.002035,-0.003009
36920,2020-06-23,-0.010495,-0.000488,0.010006
16050,2020-07-13,0.016295,0.008146,-0.008149
36730,2020-07-13,0.014493,0.008146,-0.006347
47250,2020-07-13,0.012712,0.008146,-0.004566
48480,2020-07-13,0.016292,0.008146,-0.008146
61430,2020-07-13,0.018496,0.008146,-0.01035
64640,2020-07-13,0.027848,0.008146,-0.019703
65920,2020-07-13,0.01522,0.008146,-0.007074
68750,2020-07-13,-0.004339,0.008146,0.012485
13640,2020-08-17,-0.008766,-0.001301,0.007465
13690,2020-08-17,-0.004741,-0.001301,0.003441
14730,2020-08-17,-0.003692,-0.001301,0.002392
15770,2020-08-17,-0.005373,-0.001301,0.004073
25790,2020-08-17,-0.017351,-0.001301,0.016051
34550,2020-08-17,-0.006034,-0.001301,0.004734
78600,2020-08-17,-0.015368,-0.001301,0.014067
13290,2020-08-19,0.000423,0.002986,0.002563
15700,2020-08-19,0.000497,0.002986,0.00249
15790,2020-08-19,0.0,0.002986,0.002986
87710,2020-08-19,-0.020763,0.002986,0.023749
14730,2020-08-27,0.006748,-0.005391,-0.01214
15770,2020-08-27,0.000534,-0.005391,-0.005926
25790,2020-08-27,-0.01451,-0.005391,0.009118
13200,2020-10-02,-0.002503,-0.010101,-0.007598
15700,2020-10-05,0.011047,0.015015,0.003968
13200,2020-10-09,-0.006563,-0.000449,0.006114
25560,2020-10-09,-0.009637,-0.000449,0.009188
14840,2020-10-12,0.003083,0.002288,-0.000795
15700,2020-10-12,0.006083,0.002288,-0.003795
15790,2020-10-12,0.005268,0.002288,-0.00298
80010,2020-10-12,-0.002274,0.002288,0.004561
13460,2020-10-29,0.005423,0.008738,0.003314
15790,2020-10-29,0.01184,0.008738,-0.003102
15790,2020-11-09,0.057583,0.012801,-0.044782
15700,2020-11-10,-0.002047,-0.004651,-0.002604
15790,2020-11-10,-0.003834,-0.004651,-0.000816
14840,2020-11-13,0.019643,-0.001383,-0.021025
15700,2020-11-13,0.020581,-0.001383,-0.021964
15790,2020-11-13,0.021986,-0.001383,-0.023369
16980,2020-11-13,0.000666,-0.001383,-0.002048
25240,2020-11-13,0.008641,-0.001383,-0.010023
15790,2020-11-16,0.032641,0.005057,-0.027584
16980,2020-11-16,0.020625,0.005057,-0.015569
13690,2020-11-19,-0.004272,-0.002826,0.001446
15790,2020-11-19,-0.01194,-0.002826,0.009115
15910,2020-11-19,0.002569,-0.002826,-0.005395
13290,2020-11-24,0.020841,0.008598,-0.012243
13690,2020-11-24,0.02144,0.008598,-0.012841
15700,2020-11-24,0.043327,0.008598,-0.034729
15790,2020-11-24,0.043573,0.008598,-0.034975
15790,2020-11-26,0.016335,0.006233,-0.010103
16980,2020-11-26,0.004543,0.006233,0.00169
15700,2020-12-04,0.01245,0.005033,-0.007417
15790,2020-12-04,0.01238,0.005033,-0.007347
63020,2020-12-16,0.030412,-0.003127,-0.03354
96270,2020-12-17,0.006098,-0.002102,-0.0082
14840,2021-01-06,0.014525,0.012823,-0.001703
16980,2021-01-06,0.02195,0.012823,-0.009127
25250,2021-01-06,0.018262,0.012823,-0.005439
13290,2021-01-08,0.01253,0.007939,-0.004592
16980,2021-01-08,0.008233,0.007939,-0.000294
15700,2021-01-20,-0.007862,0.004014,0.011876
69200,2021-01-20,-0.020078,0.004014,0.024092
15700,2021-01-25,0.0,0.003351,0.003351
25560,2021-01-25,-0.004913,0.003351,0.008263
13290,2021-01-26,-0.000336,-0.002114,-0.001777
69200,2021-01-26,-0.013158,-0.002114,0.011044
25250,2021-01-27,-0.018595,-0.012588,0.006008
25550,2021-01-27,0.007701,-0.012588,-0.020288
13430,2021-02-17,-0.029467,0.007525,0.036992
13460,2021-02-17,0.0016,0.007525,0.005925
14780,2021-02-17,0.0,0.007525,0.007525
15700,2021-02-17,0.001425,0.007525,0.0061
13690,2021-02-22,-0.010231,0.003214,0.013445
15770,2021-02-22,0.003643,0.003214,-0.000429
64720,2021-03-16,-0.023256,0.005598,0.028853
80010,2021-03-16,-0.013567,0.005598,0.019165
86980,2021-03-16,-0.030837,0.005598,0.036435
13970,2021-03-26,0.009153,0.012975,0.003823
15700,2021-03-26,0.029595,0.012975,-0.01662
13970,2021-03-29,0.001344,-0.015125,-0.016468
13460,2021-04-02,0.011364,0.002653,-0.008711
15700,2021-04-02,0.022059,0.002653,-0.019406
13450,2021-04-08,0.005822,-0.006578,-0.0124
14760,2021-04-08,0.005703,-0.006578,-0.012281
25550,2021-04-08,-0.005268,-0.006578,-0.00131
14560,2021-04-09,0.001178,0.005464,0.004286
13460,2021-04-14,-0.008104,-0.001834,0.00627
14560,2021-04-14,0.005855,-0.001834,-0.007689
16980,2021-04-14,0.004517,-0.001834,-0.006351
25550,2021-04-14,0.009667,-0.001834,-0.011501
38630,2021-04-14,-0.003843,-0.001834,0.002009
68750,2021-04-14,-0.015979,-0.001834,0.014145
15700,2021-04-30,0.001866,0.002285,0.00042
22640,2021-05-20,-0.016667,0.009414,0.026081
13980,2021-06-18,-0.002338,-0.022838,-0.0205
86980,2021-06-21,-0.014706,0.009912,0.024618
13980,2021-06-22,0.014372,0.006413,-0.007959
14880,2021-06-22,0.009611,0.006413,-0.003198
15770,2021-06-22,0.00351,0.006413,0.002903
27680,2021-06-22,0.011905,0.006413,-0.005491
40040,2021-07-05,-0.018182,-0.000328,0.017854
25550,2021-07-21,0.006425,0.009213,0.002788
40040,2021-07-21,-0.008078,0.009213,0.017291
65880,2021-07-21,0.022099,0.009213,-0.012886
77350,2021-07-21,0.008412,0.009213,0.000801
61130,2021-08-16,-0.03169,-0.009047,0.022643
90450,2021-08-17,-0.016101,-0.012269,0.003832
94490,2021-08-17,-0.02145,-0.012269,0.00918
14730,2021-08-18,-0.001546,0.002808,0.004354
25520,2021-08-31,-0.012937,0.005956,0.018893
25250,2021-09-02,0.008705,-0.002354,-0.011059
13970,2021-10-14,0.011138,0.006202,-0.004937
16980,2021-10-14,0.006329,0.006202,-0.000128
27680,2021-10-14,0.001026,0.006202,0.005175
38630,2021-10-14,-0.004926,0.006202,0.011128
41830,2021-10-14,0.025496,0.006202,-0.019294
84730,2021-10-14,-0.000339,0.006202,0.00654
15770,2021-10-20,-0.001259,-0.006063,-0.004804
25550,2021-10-21,-0.002816,-0.011699,-0.008884
13690,2021-10-26,0.003783,0.00326,-0.000523
39940,2021-10-28,0.037086,0.003591,-0.033495
46800,2021-10-28,0.005036,0.003591,-0.001445
16220,2021-11-05,-0.016506,-0.002248,0.014258
16280,2021-11-05,0.005198,-0.002248,-0.007446
68070,2021-11-05,-0.011866,-0.002248,0.009618
69620,2021-11-05,-0.018095,-0.002248,0.015847
74140,2021-11-05,-0.007593,-0.002248,0.005346
16220,2021-11-08,0.001228,-0.004984,-0.006212
16280,2021-11-08,0.005818,-0.004984,-0.010801
16310,2021-11-08,0.010013,-0.004984,-0.014996
36360,2021-11-08,0.004944,-0.004984,-0.009928
46800,2021-11-08,-0.022244,-0.004984,0.017261
61940,2021-11-08,-0.017039,-0.004984,0.012055
63230,2021-11-08,-0.00895,-0.004984,0.003967
68070,2021-11-08,0.020197,-0.004984,-0.02518
69510,2021-11-08,0.026696,-0.004984,-0.03168
69610,2021-11-08,-0.003545,-0.004984,-0.001439
78600,2021-11-08,-0.029326,-0.004984,0.024342
13200,2021-11-16,0.004902,0.002335,-0.002567
16220,2021-11-16,0.016479,0.002335,-0.014144
16310,2021-11-16,-0.008653,0.002335,0.010988
16220,2021-11-17,-0.017398,-0.008253,0.009145
16310,2021-11-17,-0.017456,-0.008253,0.009203
16220,2021-11-18,-0.002012,-0.001574,0.000438
34010,2021-11-24,-0.007067,-0.004214,0.002853
60350,2021-11-24,-0.003851,-0.004214,-0.000363
60500,2021-11-24,-0.006757,-0.004214,0.002543
61040,2021-11-24,0.022831,-0.004214,-0.027045
68070,2021-11-24,-0.009091,-0.004214,0.004877
69410,2021-11-24,-0.005922,-0.004214,0.001708
78600,2021-11-24,0.01765,-0.004214,-0.021865
13690,2021-11-26,-0.035097,-0.027869,0.007228
13970,2021-11-26,-0.018868,-0.027869,-0.009001
49710,2021-11-26,-0.008589,-0.027869,-0.01928
60500,2021-11-26,-0.013643,-0.027869,-0.014226
68070,2021-11-26,-0.038335,-0.027869,0.010467
13290,2021-12-17,-0.018742,-0.011382,0.00736
16280,2021-12-17,-0.014772,-0.011382,0.00339
63230,2021-12-17,-0.011945,-0.011382,0.000564
65880,2021-12-17,-0.010834,-0.011382,-0.000548
69410,2021-12-17,0.002685,-0.011382,-0.014066
69620,2021-12-17,-0.056554,-0.011382,0.045172
13990,2021-12-23,0.006856,0.004151,-0.002705
14840,2021-12-23,0.000499,0.004151,0.003653
16310,2022-01-11,0.012813,0.004761,-0.008052
25170,2022-01-11,-0.004234,0.004761,0.008995
13290,2022-01-12,0.00694,0.007891,0.000951
25170,2022-01-12,0.005527,0.007891,0.002364
13450,2022-01-31,0.01145,0.021551,0.0101
14880,2022-01-31,0.006423,0.021551,0.015128
25550,2022-01-31,0.013125,0.021551,0.008426
16980,2022-02-04,0.003421,0.008172,0.00475
25520,2022-02-10,0.002928,-0.013187,-0.016115
25560,2022-02-10,-0.007438,-0.013187,-0.005749
14890,2022-02-14,0.00811,0.000105,-0.008006
25520,2022-02-14,-0.003893,0.000105,0.003997
25560,2022-02-14,-0.002326,0.000105,0.00243
16980,2022-02-15,0.013055,0.003258,-0.009797
25560,2022-02-15,-0.008806,0.003258,0.012064
25280,2022-03-08,-0.013569,-0.003353,0.010215
25520,2022-03-08,-0.006452,-0.003353,0.003098
45070,2022-03-08,-0.073139,-0.003353,0.069785
60580,2022-03-08,0.00198,-0.003353,-0.005334
64400,2022-03-08,0.006734,-0.003353,-0.010087
16220,2022-03-10,0.006872,0.000183,-0.006689
25240,2022-03-10,-0.005957,0.000183,0.006141
25520,2022-03-10,0.002962,0.000183,-0.002778
28150,2022-03-10,-0.011364,0.000183,0.011547
80010,2022-03-10,0.027347,0.000183,-0.027163
14780,2022-03-11,-0.001818,0.003806,0.005625
25520,2022-03-11,-0.013287,0.003806,0.017094
27680,2022-03-11,0.02341,0.003806,-0.019603
69990,2022-03-11,-0.004747,0.003806,0.008553
74330,2022-03-11,0.008584,0.003806,-0.004777
14780,2022-03-15,0.020721,0.015666,-0.005055
43850,2022-03-15,0.040441,0.015666,-0.024775
14780,2022-03-16,0.009709,0.015299,0.00559
16980,2022-03-16,0.004041,0.015299,0.011258
25280,2022-03-16,0.018399,0.015299,-0.003101
74330,2022-03-16,0.029769,0.015299,-0.014471
80010,2022-03-16,0.017976,0.015299,-0.002678
16980,2022-03-17,0.013684,0.003575,-0.010109
25280,2022-03-17,0.003613,0.003575,-3.8e-05
14780,2022-03-28,0.000418,-0.004589,-0.005007
21540,2022-03-28,-0.006377,-0.004589,0.001788
80010,2022-03-28,0.001654,-0.004589,-0.006243
13460,2022-03-30,-0.018058,-0.002233,0.015825
21540,2022-03-30,-0.055684,-0.002233,0.053452
14880,2022-03-31,0.004387,-0.0044,-0.008787
25560,2022-03-31,0.003903,-0.0044,-0.008303
80010,2022-04-07,0.0185,-0.002609,-0.021109
15950,2022-04-11,0.001723,-0.012133,-0.013856
25280,2022-04-11,0.003436,-0.012133,-0.01557
41120,2022-04-11,-0.022727,-0.012133,0.010594
59810,2022-04-11,-0.024554,-0.012133,0.01242
60580,2022-04-11,-0.044571,-0.012133,0.032437
69410,2022-04-12,0.004292,-0.003282,-0.007574
69990,2022-04-12,0.008567,-0.003282,-0.011849
80010,2022-04-12,0.004308,-0.003282,-0.00759
25520,2022-04-19,-0.004239,0.005565,0.009804
68070,2022-04-19,0.022051,0.005565,-0.016486
69620,2022-04-19,0.079199,0.005565,-0.073634
74140,2022-04-19,0.009198,0.005565,-0.003633
15970,2022-04-25,0.001473,0.00521,0.003737
21540,2022-04-25,-0.035484,0.00521,0.040694
25520,2022-04-25,0.001886,0.00521,0.003324
71810,2022-04-25,-0.00627,0.00521,0.01148
25170,2022-05-13,0.020184,0.023313,0.003128
25520,2022-05-13,0.016811,0.023313,0.006502
15180,2022-05-23,0.031746,0.004335,-0.027411
21540,2022-05-23,0.017693,0.004335,-0.013358
13200,2022-05-30,0.007442,0.009279,0.001838
25520,2022-05-30,0.0,0.009279,0.009279
21540,2022-06-08,0.00911,0.00472,-0.00439
25240,2022-06-08,-0.000496,0.00472,0.005215
25520,2022-06-08,0.006055,0.00472,-0.001335
31050,2022-06-08,-0.000908,0.00472,0.005628
13460,2022-06-10,-0.032075,-0.015424,0.016651
14890,2022-06-10,-0.0155,-0.015424,7.6e-05
15970,2022-06-10,-0.008955,-0.015424,-0.00647
16280,2022-06-10,-0.018602,-0.015424,0.003177
21540,2022-06-10,-0.023628,-0.015424,0.008203
31050,2022-06-10,-0.020739,-0.015424,0.005315
13970,2022-06-13,-0.027185,-0.014648,0.012536
65900,2022-06-13,-0.002804,-0.014648,-0.011844
80010,2022-06-13,-0.029855,-0.014648,0.015206
25560,2022-06-20,-0.005594,-0.008547,-0.002953
16600,2022-07-28,0.000887,0.000485,-0.000402
70130,2022-07-28,0.00695,0.000485,-0.006465
95130,2022-07-28,0.017647,0.000485,-0.017162
13980,2022-07-29,0.009237,-0.001393,-0.010629
16600,2022-07-29,0.009747,-0.001393,-0.01114
25170,2022-08-08,-0.007554,0.000451,0.008005
25280,2022-08-08,-0.002528,0.000451,0.00298
16280,2022-08-16,-0.000939,0.00569,0.006629
68170,2022-08-16,0.010638,0.00569,-0.004948
70130,2022-08-16,-0.002891,0.00569,0.008581
16280,2022-08-22,0.003153,-0.002058,-0.005211
16980,2022-08-22,0.004882,-0.002058,-0.00694
25170,2022-08-22,-0.003775,-0.002058,0.001717
80010,2022-08-22,0.008822,-0.002058,-0.01088
25650,2022-09-01,-0.010601,-0.004459,0.006142
46860,2022-09-01,-0.018651,-0.004459,0.014193
66320,2022-11-07,-0.05814,0.004108,0.062247
68070,2022-11-07,0.009166,0.004108,-0.005059
66320,2022-11-25,-0.012987,0.00345,0.016437
67940,2022-11-25,-0.006042,0.00345,0.009492
36590,2022-11-30,0.010768,0.003875,-0.006892
65860,2022-11-30,0.027642,0.003875,-0.023767
66320,2022-11-30,-0.018325,0.003875,0.0222
67940,2022-11-30,-0.015385,0.003875,0.01926
68070,2022-11-30,0.011111,0.003875,-0.007236
35430,2023-01-12,-0.007072,-0.005592,0.00148
46660,2023-01-12,-0.019905,-0.005592,0.014313
62000,2023-01-12,-0.02751,-0.005592,0.021918
68060,2023-01-12,-0.008459,-0.005592,0.002867
74530,2023-01-12,-0.032624,-0.005592,0.027032
81740,2023-01-12,0.002515,-0.005592,-0.008107
45360,2023-01-19,-0.003906,0.001841,0.005747
68570,2023-01-19,-0.020042,0.001841,0.021883
69510,2023-01-19,0.002703,0.001841,-0.000862
74530,2023-01-19,-0.00361,0.001841,0.005451
77350,2023-01-19,-0.019313,0.001841,0.021154
30930,2023-03-07,0.015,0.003055,-0.011945
67620,2023-03-07,-0.009414,0.003055,0.01247
69200,2023-03-07,-0.045896,0.003055,0.048952
80010,2023-03-07,-0.005562,0.003055,0.008617
90240,2023-03-07,-0.003704,0.003055,0.006759
18520,2023-03-20,0.004573,-0.000801,-0.005375
66320,2023-03-20,0.024862,-0.000801,-0.025663
67940,2023-03-20,0.018501,-0.000801,-0.019303
68070,2023-03-20,0.001319,-0.000801,-0.002121
81500,2023-03-20,0.006609,-0.000801,-0.00741
85950,2023-03-20,0.000495,-0.000801,-0.001296
16050,2023-04-06,-0.017123,-0.000991,0.016132
62000,2023-04-06,0.013666,-0.000991,-0.014657
62620,2023-04-06,0.011667,-0.000991,-0.012658
65900,2023-04-06,-0.036956,-0.000991,0.035965
66320,2023-04-06,-0.00813,-0.000991,0.007139
67940,2023-04-06,0.02168,-0.000991,-0.022671
68070,2023-04-06,-0.013914,-0.000991,0.012923
85950,2023-04-06,0.015761,-0.000991,-0.016752
62000,2023-04-07,0.017446,0.004486,-0.01296
68070,2023-04-07,0.005007,0.004486,-0.000521
60350,2023-04-13,0.010478,0.007746,-0.002732
68170,2023-04-13,0.021472,0.007746,-0.013727
74530,2023-04-28,0.001397,0.007581,0.006184
84110,2023-04-28,-0.007248,0.007581,0.014829
68170,2023-05-26,0.02471,0.001807,-0.022904
18010,2023-06-12,-0.001968,0.010832,0.0128
25930,2023-06-12,-0.02093,0.010832,0.031763
63700,2023-06-12,0.012704,0.010832,-0.001872
80350,2023-06-12,0.015707,0.010832,-0.004875
25930,2023-06-14,-0.006386,-0.002237,0.004149
40610,2023-06-14,-0.009434,-0.002237,0.007197
64600,2023-06-14,-0.007586,-0.002237,0.005349
36590,2023-06-22,-0.005081,0.000326,0.005408
63830,2023-06-26,-0.011079,-0.003901,0.007178
46130,2023-07-06,0.009844,-0.011843,-0.021687
56310,2023-07-06,-0.014112,-0.011843,0.00227
69510,2023-07-06,-0.027136,-0.011843,0.015293
85950,2023-07-06,-0.033477,-0.011843,0.021635
43850,2023-07-10,0.041504,0.001439,-0.040065
58050,2023-07-10,-0.002057,0.001439,0.003496
62000,2023-07-10,0.029956,0.001439,-0.028517
64600,2023-07-10,-0.000996,0.001439,0.002435
69510,2023-07-10,0.001853,0.001439,-0.000414
70030,2023-07-10,-0.011538,0.001439,0.012977
39230,2023-08-16,0.008342,-0.006072,-0.014414
52020,2023-08-16,-0.058897,-0.006072,0.052826
23310,2023-09-06,-0.000952,-0.000517,0.000435
25790,2023-09-06,-0.006402,-0.000517,0.005885
30760,2023-09-06,0.033197,-0.000517,-0.033714
35430,2023-09-06,0.017496,-0.000517,-0.018013
36590,2023-09-06,-0.00101,-0.000517,0.000493
65320,2023-09-06,-0.003704,-0.000517,0.003187
69200,2023-09-06,-0.013062,-0.000517,0.012545
69580,2023-09-06,0.006299,-0.000517,-0.006816
69760,2023-09-06,0.009017,-0.000517,-0.009534
70030,2023-09-06,0.097015,-0.000517,-0.097532
74530,2023-09-06,-0.002101,-0.000517,0.001584
92790,2023-09-06,0.023534,-0.000517,-0.024051
98300,2023-09-06,-0.007524,-0.000517,0.007007
21460,2023-09-07,-0.035648,-0.005442,0.030207
25930,2023-09-07,0.019149,-0.005442,-0.024591
30760,2023-09-07,-0.005157,-0.005442,-0.000285
36590,2023-09-07,0.003033,-0.005442,-0.008475
44800,2023-09-07,-0.016014,-0.005442,0.010573
54080,2023-09-07,-0.007099,-0.005442,0.001658
65900,2023-09-07,-0.021286,-0.005442,0.015844
67300,2023-09-07,0.004492,-0.005442,-0.009933
69580,2023-09-07,0.004695,-0.005442,-0.010136
69880,2023-09-07,-0.001935,-0.005442,-0.003506
74530,2023-09-07,0.001895,-0.005442,-0.007336
80570,2023-09-07,-0.005747,-0.005442,0.000305
88690,2023-09-07,-0.013636,-0.005442,0.008195
90240,2023-09-07,-0.008453,-0.005442,0.003011
92790,2023-09-07,-0.012409,-0.005442,0.006967
93360,2023-09-07,0.000435,-0.005442,-0.005877
95090,2023-09-07,-0.00723,-0.005442,0.001788
58050,2023-10-12,0.018084,-0.001002,-0.019086
32990,2023-10-17,0.005144,0.00111,-0.004034
36590,2023-10-17,-0.008447,0.00111,0.009557
44800,2023-10-17,-0.00463,0.00111,0.005739
65060,2023-10-17,-0.000727,0.00111,0.001837
67300,2023-10-17,0.019101,0.00111,-0.017991
75320,2023-10-17,0.020323,0.00111,-0.019213
88690,2023-10-17,0.003439,0.00111,-0.00233
71810,2023-10-30,0.027129,-0.004244,-0.031373
86980,2023-10-30,-0.028443,-0.004244,0.024199
19280,2023-11-01,0.007899,0.004773,-0.003126
71820,2023-11-01,0.012117,0.004773,-0.007344
19280,2023-12-06,0.013312,0.004222,-0.00909
45030,2023-12-06,0.006974,0.004222,-0.002752
50200,2023-12-06,0.00756,0.004222,-0.003338
77310,2023-12-06,0.010877,0.004222,-0.006656
32450,2023-12-11,0.017483,0.006232,-0.01125
50200,2023-12-11,0.016544,0.006232,-0.010312
59380,2023-12-11,0.001714,0.006232,0.004518
63010,2023-12-11,0.015278,0.006232,-0.009045
84730,2023-12-11,0.010248,0.006232,-0.004016
86980,2023-12-11,-0.034682,0.006232,0.040915
27600,2023-12-13,0.07419,0.00281,-0.07138
35630,2023-12-13,0.036421,0.00281,-0.03361
81290,2023-12-13,-0.01018,0.00281,0.01299
98610,2023-12-13,-0.000628,0.00281,0.003438
44800,2024-01-15,0.003348,0.008092,0.004743
36590,2024-02-05,-0.001015,0.001497,0.002511
63300,2024-02-05,-0.01,0.001497,0.011497
69050,2024-02-05,-0.010782,0.001497,0.012278
69200,2024-02-05,0.025446,0.001497,-0.023949
52140,2024-02-09,0.019444,0.0032,-0.016245
53010,2024-02-09,-0.007271,0.0032,0.01047
64810,2024-02-09,0.021429,0.0032,-0.018229
88040,2024-02-09,0.006995,0.0032,-0.003795
24100,2024-02-21,-0.003346,0.002146,0.005492
36590,2024-02-21,-0.010791,0.002146,0.012937
53010,2024-02-21,-0.00049,0.002146,0.002636
69510,2024-02-21,0.049363,0.002146,-0.047217
35630,2024-02-29,-0.009667,0.001679,0.011345
70030,2024-04-05,0.066336,0.008226,-0.05811
74530,2024-04-05,0.021809,0.008226,-0.013584
80010,2024-04-05,-0.000146,0.008226,0.008372
93080,2024-04-05,0.022857,0.008226,-0.014631
35630,2024-04-08,0.007,0.004216,-0.002784
44800,2024-04-08,-0.004577,0.004216,0.008792
47510,2024-04-08,0.020952,0.004216,-0.016737
68560,2024-04-08,0.002007,0.004216,0.002209
74530,2024-04-08,0.009723,0.004216,-0.005508
30380,2024-04-15,-0.031339,-0.002367,0.028972
32990,2024-04-15,-0.011331,-0.002367,0.008965
35490,2024-04-15,-0.013745,-0.002367,0.011378
39390,2024-04-15,-0.019608,-0.002367,0.017241
40040,2024-04-15,-0.017089,-0.002367,0.014723
42210,2024-04-15,0.00161,-0.002367,-0.003977
44800,2024-04-15,-0.103614,-0.002367,0.101248
51050,2024-04-15,0.016162,-0.002367,-0.018529
62620,2024-04-15,-0.004008,-0.002367,0.001641
65470,2024-04-15,-0.02722,-0.002367,0.024853
70030,2024-04-15,0.032641,-0.002367,-0.035008
77510,2024-04-15,-0.002908,-0.002367,0.000541
95090,2024-04-15,0.092727,-0.002367,-0.095094
14140,2024-04-22,0.006215,0.010295,0.004081
33820,2024-04-22,0.006426,0.010295,0.003869
35490,2024-04-22,0.029438,0.010295,-0.019143
37650,2024-04-22,0.014815,0.010295,-0.00452
40040,2024-04-22,0.032223,0.010295,-0.021928
49670,2024-04-22,0.029091,0.010295,-0.018796
51010,2024-04-22,0.01441,0.010295,-0.004115
53010,2024-04-22,0.012548,0.010295,-0.002253
63610,2024-04-22,0.01378,0.010295,-0.003484
64650,2024-04-22,0.010632,0.010295,-0.000337
65060,2024-04-22,0.030243,0.010295,-0.019948
77510,2024-04-22,0.015689,0.010295,-0.005394
79840,2024-04-22,0.00375,0.010295,0.006545
82330,2024-04-22,0.022677,0.010295,-0.012382
30860,2024-06-12,-0.000892,0.00196,0.002852
99620,2024-06-12,0.009978,0.00196,-0.008019
36590,2024-06-19,-0.034062,-6e-05,0.034002
40040,2024-06-19,-0.014362,-6e-05,0.014302
58050,2024-06-19,0.02268,-6e-05,-0.022741
45360,2024-06-20,0.015828,0.003376,-0.012452
99620,2024-06-20,0.012309,0.003376,-0.008933
60050,2024-07-29,0.009527,0.004045,-0.005482
81290,2024-07-29,0.008966,0.004045,-0.004921
64810,2024-08-19,0.023317,0.000781,-0.022536
79360,2024-08-19,0.003153,0.000781,-0.002372
65320,2024-09-12,0.013669,0.00266,-0.011009
33820,2024-09-20,-0.015596,0.004773,0.020369
49120,2024-09-20,0.004147,0.004773,0.000626
53340,2024-09-20,0.011503,0.004773,-0.00673
65320,2024-09-20,0.005963,0.004773,-0.00119
74530,2024-09-20,0.009958,0.004773,-0.005185
79360,2024-09-20,0.010323,0.004773,-0.005551
80010,2024-09-20,-0.015796,0.004773,0.020569
85950,2024-09-20,0.004876,0.004773,-0.000103
91040,2024-09-20,0.007507,0.004773,-0.002734
25020,2024-10-07,-0.010464,-0.006569,0.003895
36590,2024-10-07,-0.014912,-0.006569,0.008343
47550,2024-10-07,-0.009973,-0.006569,0.003404
51050,2024-10-07,-0.014912,-0.006569,0.008343
74530,2024-10-07,0.00582,-0.006569,-0.012389
32820,2024-10-31,-0.003667,-0.00375,-8.3e-05
59380,2024-12-13,0.005797,0.002903,-0.002894
85950,2024-12-13,0.012716,0.002903,-0.009813
40210,2024-12-16,-0.00768,-0.00256,0.00512
45160,2024-12-16,0.016555,-0.00256,-0.019114
46810,2024-12-16,-0.008005,-0.00256,0.005445
47510,2024-12-16,-0.003903,-0.00256,0.001343
58050,2024-12-16,-0.001292,-0.00256,-0.001268
59380,2024-12-16,0.001729,-0.00256,-0.004289
69410,2024-12-16,0.014398,-0.00256,-0.016958
90240,2024-12-16,0.028904,-0.00256,-0.031463
95130,2024-12-16,0.01622,-0.00256,-0.01878
99620,2024-12-16,-0.001641,-0.00256,-0.000918
35630,2024-12-18,-0.018386,-0.00963,0.008755
39230,2024-12-18,-0.021682,-0.00963,0.012052
48250,2024-12-18,-0.034691,-0.00963,0.025061
58050,2024-12-18,-0.020134,-0.00963,0.010504
64730,2024-12-18,0.000453,-0.00963,-0.010083
67540,2024-12-18,-0.010861,-0.00963,0.001231
67940,2024-12-18,-0.047006,-0.00963,0.037376
76060,2024-12-18,-0.006682,-0.00963,-0.002949
80200,2024-12-18,-0.013261,-0.00963,0.00363
90240,2024-12-18,-0.015916,-0.00963,0.006286
90690,2024-12-18,-0.007185,-0.00963,-0.002445
99620,2024-12-18,-0.019079,-0.00963,0.009449
18030,2024-12-19,0.028716,0.009868,-0.018848
48250,2024-12-19,0.01875,0.009868,-0.008882
58050,2024-12-19,0.020548,0.009868,-0.01068
67540,2024-12-19,0.041074,0.009868,-0.031206
67940,2024-12-19,0.004054,0.009868,0.005814
72960,2024-12-19,0.014354,0.009868,-0.004486
76060,2024-12-19,0.019058,0.009868,-0.009191
90690,2024-12-19,0.016447,0.009868,-0.00658
99620,2024-12-19,0.014165,0.009868,-0.004297
60580,2025-03-12,0.032397,0.009989,-0.022408
62690,2025-03-12,0.020732,0.009989,-0.010743
69290,2025-03-12,0.053011,0.009989,-0.043022
85700,2025-03-12,0.013049,0.009989,-0.00306
62690,2025-03-13,0.007168,-0.002256,-0.009425
85700,2025-03-13,0.014832,-0.002256,-0.017088
80010,2025-03-14,0.020583,0.011522,-0.009062
91010,2025-03-14,0.006623,0.011522,0.004899
91040,2025-03-14,0.010217,0.011522,0.001305
13330,2025-04-09,0.036409,0.053842,0.017433
22640,2025-04-09,0.020789,0.053842,0.033052
32310,2025-04-09,0.038916,0.053842,0.014926
36590,2025-04-09,0.035857,0.053842,0.017985
45400,2025-04-09,0.0275,0.053842,0.026342
50210,2025-04-09,0.090759,0.053842,-0.036917
61010,2025-04-09,0.084699,0.053842,-0.030858
91040,2025-04-09,0.065649,0.053842,-0.011807
93080,2025-04-09,0.060698,0.053842,-0.006856
19110,2025-04-10,-0.041446,-0.028277,0.013168
19280,2025-04-10,-0.037811,-0.028277,0.009534
32310,2025-04-10,-0.014264,-0.028277,-0.014013
45160,2025-04-10,-0.020162,-0.028277,-0.008115
50210,2025-04-10,-0.10506,-0.028277,0.076782
51050,2025-04-10,-0.071429,-0.028277,0.043151
65060,2025-04-10,-0.087711,-0.028277,0.059434
68560,2025-04-10,-0.050505,-0.028277,0.022228
74530,2025-04-10,-0.001379,-0.028277,-0.026898
91040,2025-04-10,-0.047479,-0.028277,0.019202
93080,2025-04-10,-0.026466,-0.028277,-0.001811
25020,2025-04-15,0.005102,0.001154,-0.003948
36590,2025-04-15,-0.006397,0.001154,0.007551
41860,2025-04-15,-0.022878,0.001154,0.024032
47040,2025-04-15,0.005676,0.001154,-0.004522
65060,2025-04-15,-0.030736,0.001154,0.03189
70030,2025-05-15,-0.016985,0.001364,0.018349
13330,2025-05-27,0.00596,0.009612,0.003652
36590,2025-05-27,0.009564,0.009612,4.8e-05
45160,2025-05-27,0.007876,0.009612,0.001736
45360,2025-05-27,0.012022,0.009612,-0.00241
65080,2025-05-27,0.016667,0.009612,-0.007055
67030,2025-05-27,0.02021,0.009612,-0.010598
67540,2025-05-27,0.014578,0.009612,-0.004966
70030,2025-05-27,0.030369,0.009612,-0.020757
76060,2025-05-27,0.019376,0.009612,-0.009764
80860,2025-05-27,-0.007576,0.009612,0.017188
90690,2025-05-27,0.006583,0.009612,0.003029
34050,2025-06-12,-0.002728,0.002085,0.004813
45210,2025-06-12,0.00885,0.002085,-0.006764
51100,2025-06-12,-0.030806,0.002085,0.032891
93080,2025-06-12,-0.005828,0.002085,0.007914
69630,2025-07-04,0.018211,-0.001054,-0.019265
77290,2025-07-04,-0.012552,-0.001054,0.011499
51050,2025-07-09,0.007511,0.006985,-0.000527
62690,2025-07-09,0.014903,0.006985,-0.007918
63610,2025-07-09,-0.010081,0.006985,0.017066
69630,2025-07-09,-0.008527,0.006985,0.015512
74530,2025-07-09,-0.012742,0.006985,0.019727
79360,2025-07-09,-0.007107,0.006985,0.014092
85580,2025-07-09,0.016238,0.006985,-0.009253
88040,2025-07-09,0.024603,0.006985,-0.017618
91470,2025-07-09,0.0133,0.006985,-0.006315
21810,2025-10-10,-0.010254,-0.020982,-0.010728
30870,2025-10-10,0.000772,-0.020982,-0.021755
35630,2025-10-10,0.005116,-0.020982,-0.026099
50210,2025-10-10,-0.046281,-0.020982,0.025299
60550,2025-10-10,-0.027082,-0.020982,0.0061
77290,2025-10-10,-0.026163,-0.020982,0.00518
90440,2025-10-10,-0.008605,-0.020982,-0.012378
95060,2025-10-10,-0.034667,-0.020982,0.013684
45160,2025-12-04,0.161925,0.003167,-0.158757
50210,2025-12-04,0.011347,0.003167,-0.008179
68070,2025-12-04,0.016935,0.003167,-0.013768
71990,2025-12-04,0.006601,0.003167,-0.003433
74530,2025-12-04,0.022727,0.003167,-0.01956
34010,2025-12-17,-0.000768,-0.003155,-0.002387
35630,2025-12-17,-0.012716,-0.003155,0.009561
45160,2025-12-17,0.010532,-0.003155,-0.013687
54710,2025-12-17,0.011776,-0.003155,-0.014931
66220,2025-12-17,-0.010526,-0.003155,0.007371
72820,2025-12-17,0.01023,-0.003155,-0.013385
90090,2025-12-17,0.008505,-0.003155,-0.011661
15990,2017-01-11,-0.000716,-0.001668,-0.000952
13650,2017-03-06,-0.007916,0.002154,0.01007
15930,2017-03-06,-0.000708,0.002154,0.002862
13210,2017-03-10,0.002,-6.5e-05,-0.002065
13460,2017-03-10,0.004012,-6.5e-05,-0.004077
15790,2017-03-10,0.007634,-6.5e-05,-0.007699
13480,2017-03-29,-0.003147,0.003656,0.006803
15930,2017-03-29,-0.003536,0.003656,0.007192
14750,2017-03-31,-0.011598,-0.007233,0.004365
13650,2017-04-17,0.029644,0.021739,-0.007905
14750,2017-04-17,0.017053,0.021739,0.004686
15930,2017-04-17,0.014981,0.021739,0.006758
80010,2017-04-17,0.005005,0.021739,0.016734
14750,2017-04-20,0.00807,0.006966,-0.001104
15990,2017-04-20,0.005944,0.006966,0.001022
14750,2017-04-26,0.001946,0.004843,0.002897
13650,2017-05-10,0.004983,0.002755,-0.002229
13650,2017-05-17,-0.027685,-0.013789,0.013896
15930,2017-05-17,-0.015972,-0.013789,0.002183
13460,2017-05-30,-0.003941,0.001632,0.005573
13650,2017-06-05,0.002439,0.003442,0.001003
13690,2017-06-05,-0.00245,0.003442,0.005892
13650,2017-06-08,-0.009002,-0.002285,0.006717
13690,2017-06-08,-0.003457,-0.002285,0.001172
14730,2017-06-08,-0.004332,-0.002285,0.002047
15790,2017-06-08,-0.008323,-0.002285,0.006039
15910,2017-06-08,-0.007703,-0.002285,0.005418
13690,2017-06-30,0.002468,0.006768,0.004301
13640,2017-07-10,0.000684,0.002696,0.002012
13690,2017-07-10,-0.002987,0.002696,0.005682
80010,2017-07-10,-0.004603,0.002696,0.007299
13690,2017-08-14,0.009207,0.006291,-0.002916
80530,2017-09-11,0.01688,0.011774,-0.005106
13480,2017-09-13,0.001195,0.003469,0.002274
13300,2017-09-21,-0.002864,-0.001135,0.001729
13650,2017-09-21,-0.006299,-0.001135,0.005164
13650,2017-09-26,0.002385,-0.000432,-0.002817
80010,2017-09-26,-0.015504,-0.000432,0.015071
83030,2017-09-29,0.009481,0.005474,-0.004007
13200,2017-10-05,0.003305,-0.003611,-0.006916
13650,2017-10-05,0.006098,-0.003611,-0.009708
13690,2017-10-05,0.000963,-0.003611,-0.004574
13290,2017-10-17,-0.000908,-0.000574,0.000334
13650,2017-10-17,0.0,-0.000574,-0.000574
13690,2017-10-17,0.001399,-0.000574,-0.001973
14750,2017-10-17,0.0,-0.000574,-0.000574
15990,2017-10-17,-0.002572,-0.000574,0.001998
13290,2017-10-20,0.016364,0.008155,-0.008208
13650,2017-10-20,0.032787,0.008155,-0.024632
13690,2017-10-20,0.01958,0.008155,-0.011425
88040,2017-10-20,0.005875,0.008155,0.00228
13650,2017-10-24,0.023578,0.008858,-0.01472
13690,2017-10-24,0.0115,0.008858,-0.002641
88040,2017-10-24,0.016949,0.008858,-0.008091
91420,2017-10-24,-0.009722,0.008858,0.01858
13290,2017-10-30,-0.007489,0.000936,0.008424
13650,2017-10-30,-0.017403,0.000936,0.018338
13690,2017-10-30,-0.008112,0.000936,0.009047
15700,2017-10-30,-0.016854,0.000936,0.017789
13650,2017-11-08,0.014366,0.006471,-0.007895
15700,2017-11-08,0.01526,0.006471,-0.008789
15910,2017-11-08,0.00809,0.006471,-0.001619
17190,2017-11-08,-0.010638,0.006471,0.017109
72420,2017-11-08,-0.007123,0.006471,0.013593
91420,2017-11-08,0.013889,0.006471,-0.007418
67240,2017-08-01,-0.036795,-0.00583,0.030965
16780,2023-07-03,0.027742,0.001312,-0.02643
16780,2023-07-04,-0.037351,-0.000829,0.036522
16780,2023-07-05,0.001304,-0.004734,-0.006039
16780,2023-07-06,-0.016607,-0.011843,0.004764
25160,2023-11-08,-0.015554,-0.011752,0.003801
15720,2023-12-04,-0.024384,-0.000551,0.023833
25160,2024-02-09,0.004884,0.0032,-0.001685
25160,2024-06-07,0.015501,0.004545,-0.010956
22440,2024-06-25,0.015055,0.008174,-0.00688
22440,2024-06-28,-0.003961,0.000467,0.004428
25160,2024-08-28,-0.035217,-0.005597,0.02962
28700,2024-08-28,0.040254,-0.005597,-0.045851
25160,2024-08-29,0.009174,0.003553,-0.005621
233A0,2024-10-04,0.007637,0.01139,0.003752
13580,2024-11-29,0.001855,0.002643,0.000788
13580,2024-12-06,0.000585,0.001067,0.000482
13580,2024-12-10,-0.001358,-0.002386,-0.001028
14950,2025-03-06,0.001118,-0.004266,-0.005384
26280,2025-03-06,0.031322,-0.004266,-0.035588
26280,2025-03-10,-0.029748,-0.01077,0.018979
14950,2025-03-11,-0.008389,0.003113,0.011502
26280,2025-03-11,0.024528,0.003113,-0.021415
26290,2025-03-18,-0.011401,0.002047,0.013447
318A0,2025-03-18,0.009704,0.002047,-0.007657
26290,2025-03-19,0.032949,0.003055,-0.029894
22540,2025-03-28,0.004103,-0.0131,-0.017202
26290,2025-03-28,-0.008832,-0.0131,-0.004268
318A0,2025-03-28,0.133369,-0.0131,-0.146468
25160,2025-04-08,0.004637,0.005098,0.000461
26290,2025-04-22,0.005072,0.013695,0.008623
28600,2025-04-22,0.036386,0.013695,-0.022691
15720,2025-04-23,-0.011899,0.001915,0.013814
22430,2025-04-23,0.022438,0.001915,-0.020523
224A0,2025-04-23,0.023936,0.001915,-0.022021
26290,2025-04-23,0.057453,0.001915,-0.055538
28600,2025-04-23,0.00548,0.001915,-0.003565
15720,2025-05-02,0.069154,0.000322,-0.068832
224A0,2025-05-02,0.031325,0.000322,-0.031003
13570,2025-05-13,0.010531,-0.004842,-0.015373
233A0,2025-05-13,-0.003947,-0.004842,-0.000895
26290,2025-05-13,0.038368,-0.004842,-0.043209
318A0,2025-05-29,0.030488,-0.0025,-0.032988
318A0,2025-06-03,-0.016032,0.001416,0.017448
16590,2025-06-26,-0.007539,0.003175,0.010713
221A0,2025-06-26,0.010349,0.003175,-0.007174
22490,2025-06-26,-0.010598,0.003175,0.013773
26280,2025-06-26,-0.003046,0.003175,0.00622
180A0,2025-10-29,-0.018092,-0.014524,0.003568
77170,2017-03-10,0.029393,-6.5e-05,-0.029459
53410,2018-01-17,0.033557,0.004604,-0.028953
45970,2018-01-18,-0.027848,-0.009004,0.018844
36270,2018-10-22,-0.017569,0.001288,0.018857
36270,2018-10-25,0.030199,-0.004688,-0.034887
66640,2018-11-06,0.061093,0.002203,-0.05889
67360,2019-01-11,0.004127,-0.003516,-0.007643
15700,2019-05-13,-0.032438,-0.029034,0.003405
15700,2019-05-28,-0.015092,-0.005842,0.00925
15700,2019-07-02,0.0,0.003567,0.003567
15700,2019-07-05,-0.003207,0.002821,0.006027
36670,2019-08-15,0.004728,0.006144,0.001416
85620,2019-11-29,-0.00641,0.00226,0.008671
13570,2020-08-14,0.012517,0.000466,-0.012051
15700,2021-01-08,0.026558,0.007939,-0.018619
53410,2021-01-22,-0.043887,0.005225,0.049112
13570,2021-02-10,-0.016471,0.006394,0.022865
13570,2021-03-01,-0.026442,0.010143,0.036586
13570,2021-05-28,-0.002421,0.004646,0.007068
14580,2021-08-02,-0.000596,0.002899,0.003494
14580,2021-09-02,0.00723,-0.002354,-0.009585
15790,2021-09-02,0.007313,-0.002354,-0.009667
15790,2021-10-01,-0.013738,-0.00063,0.013107
14580,2022-07-12,-0.0211,-0.008226,0.012874
37470,2023-06-14,-0.041833,-0.002237,0.039596
65260,2023-07-13,0.084967,0.006637,-0.07833
50320,2023-07-31,0.002821,0.001996,-0.000825
61940,2024-09-19,0.004651,0.012236,0.007585
37470,2025-07-01,-0.091904,-0.008313,0.083591
51310,2025-07-01,-0.088083,-0.008313,0.07977
155A0,2025-08-05,0.193798,0.003887,-0.189911
13580,2025-07-15,0.008079,-0.005354,-0.013433
22430,2025-07-15,0.019628,-0.005354,-0.024982
26280,2025-07-15,0.004051,-0.005354,-0.009405
313A0,2025-07-15,0.005985,-0.005354,-0.011339
22430,2025-07-16,-0.00691,-0.000684,0.006227
313A0,2025-07-16,0.001983,-0.000684,-0.002667
233A0,2025-07-24,-0.008924,0.003507,0.012431
13580,2025-07-25,-0.009411,0.003759,0.01317
233A0,2025-07-25,-0.005503,0.003759,0.009262
313A0,2025-07-25,0.017148,0.003759,-0.013389
26400,2025-08-06,0.012461,0.005661,-0.0068
316A0,2025-08-06,0.021099,0.005661,-0.015438
316A0,2025-09-24,0.002249,0.000614,-0.001635
224A0,2025-10-20,-0.018329,0.007736,0.026065
224A0,2025-10-21,-0.065349,-0.001388,0.063961
224A0,2025-10-23,0.005285,0.005862,0.000577
233A0,2025-10-23,0.003745,0.005862,0.002117
316A0,2025-10-23,0.014919,0.005862,-0.009057
224A0,2025-10-24,0.061332,0.004714,-0.056617
233A0,2025-10-24,-0.009328,0.004714,0.014043
22440,2025-10-31,0.002491,0.001446,-0.001045
233A0,2025-10-31,0.000951,0.001446,0.000494
316A0,2025-10-31,-0.012638,0.001446,0.014083
15630,2025-11-06,-0.002326,-0.00367,-0.001344
16150,2025-11-06,0.007295,-0.00367,-0.010964
233A0,2025-11-06,-0.000483,-0.00367,-0.003187
316A0,2025-12-18,0.011176,0.004532,-0.006644
99790,2025-12-23,0.002616,0.006331,0.003715
13300,2018-06-11,0.012717,0.004834,-0.007883
14730,2018-06-11,0.006615,0.004834,-0.001781
32710,2018-06-11,0.027251,0.004834,-0.022417
42930,2018-06-11,0.012295,0.004834,-0.007461
45650,2018-06-11,0.023358,0.004834,-0.018524
47120,2018-06-11,0.014706,0.004834,-0.009872
48140,2018-06-11,0.018433,0.004834,-0.013599
53570,2018-06-11,0.005594,0.004834,-0.000761
59550,2018-06-11,0.035088,0.004834,-0.030254
60890,2018-06-11,0.041513,0.004834,-0.036679
60920,2018-06-11,-0.012203,0.004834,0.017037
62640,2018-06-11,-0.01519,0.004834,0.020024
65050,2018-06-11,-0.010499,0.004834,0.015333
67870,2018-06-11,-0.023606,0.004834,0.02844
68820,2018-06-11,-0.017586,0.004834,0.02242
69660,2018-06-11,0.002899,0.004834,0.001935
69930,2018-06-11,0.0,0.004834,0.004834
77460,2018-06-11,0.0,0.004834,0.004834
80290,2018-06-11,-0.006601,0.004834,0.011434
95170,2018-06-11,0.03169,0.004834,-0.026856
90080,2018-12-26,0.021311,0.048579,0.027267
13690,2017-10-11,0.007177,0.000914,-0.006263
26670,2017-10-11,0.032419,0.000914,-0.031505
27020,2017-10-11,0.002041,0.000914,-0.001127
27220,2017-10-11,0.067004,0.000914,-0.06609
30530,2017-10-11,0.051173,0.000914,-0.050259
36610,2017-10-11,-0.004172,0.000914,0.005085
36630,2017-10-11,-0.012638,0.000914,0.013552
38510,2017-10-11,-0.021672,0.000914,0.022585
39030,2017-10-11,-0.01426,0.000914,0.015174
40040,2017-10-11,0.020436,0.000914,-0.019522
48470,2017-10-11,-0.02372,0.000914,0.024634
53410,2017-10-11,0.059701,0.000914,-0.058788
63150,2017-10-11,-0.003384,0.000914,0.004298
66190,2017-10-11,-0.007907,0.000914,0.008821
68170,2017-10-11,0.00293,0.000914,-0.002016
68750,2017-10-11,-0.014474,0.000914,0.015387
68820,2017-10-11,-0.048323,0.000914,0.049237
69520,2017-10-11,0.003086,0.000914,-0.002173
80290,2017-10-11,-0.065315,0.000914,0.066229
81010,2017-10-11,-0.013053,0.000914,0.013967
94240,2017-10-11,0.014493,0.000914,-0.013579
72460,2017-11-15,-0.033708,-0.020901,0.012807
39150,2020-03-12,-0.145559,-0.097119,0.04844
29300,2020-04-15,-0.029474,-0.012474,0.016999
29300,2020-04-16,0.013015,0.026164,0.013148
18080,2020-09-16,0.002701,0.005042,0.002341
27680,2020-09-16,-0.008065,0.005042,0.013107
18080,2020-09-17,0.0,0.001842,0.001842
27680,2020-09-17,-0.004065,0.001842,0.005907
49020,2021-05-06,-0.008078,0.005915,0.013992
49330,2021-06-24,0.0,0.004323,0.004323
44360,2022-04-04,0.024194,0.012241,-0.011953
60350,2023-03-13,-0.011186,-0.012835,-0.001649
41690,2023-04-24,0.046099,0.003266,-0.042833
41690,2023-06-28,0.050698,0.007428,-0.04327
44980,2023-06-28,-0.033167,0.007428,0.040596
52400,2023-07-06,-0.006897,-0.011843,-0.004946
95170,2023-09-11,0.025485,-0.002537,-0.028023
95170,2023-09-13,0.014201,0.001305,-0.012897
95530,2023-10-02,-0.064815,-0.013257,0.051558
34980,2023-10-11,0.058333,-0.004511,-0.062844
29360,2023-10-19,-0.008711,-0.003549,0.005161
35490,2023-11-21,-0.015953,0.000421,0.016374
62320,2023-12-18,-0.011481,0.000533,0.012014
135A0,2024-04-24,0.009302,0.001048,-0.008254
43930,2024-07-22,-0.007313,-0.006734,0.000579
70140,2024-07-22,0.005621,-0.006734,-0.012354
43930,2024-07-24,-0.080827,-0.017269,0.063558
70140,2024-07-29,-0.024615,0.004045,0.02866
70140,2024-08-23,-0.011429,0.003245,0.014674
82330,2024-09-02,0.010092,-0.004645,-0.014737
62320,2025-02-12,0.130389,0.003527,-0.126862
45280,2025-02-13,0.010333,0.002948,-0.007384
35490,2025-04-09,0.010047,0.053842,0.043795
36920,2025-04-09,0.116071,0.053842,-0.06223
350A0,2025-05-09,0.023637,0.008177,-0.01546
35490,2025-09-01,0.007154,0.004176,-0.002978
44990,2025-09-01,-0.016123,0.004176,0.020299
65900,2023-05-16,0.029422,-0.000652,-0.030074
13570,2022-03-25,0.018519,-0.003188,-0.021706
15700,2022-04-08,-0.019017,-0.00344,0.015577
15700,2022-04-14,-0.006567,-0.00303,0.003537
15700,2022-04-26,-0.046108,-0.012552,0.033557
15700,2022-04-28,0.023936,0.006851,-0.017085
15700,2022-05-10,-0.006602,-0.001089,0.005513
13570,2022-05-24,0.01995,-0.008721,-0.028672
13570,2022-05-31,0.0,8.3e-05,8.3e-05
13570,2022-06-06,-0.03125,0.010696,0.041946
13600,2022-06-06,-0.030183,0.010696,0.040879
15700,2022-06-15,0.01506,-0.00128,-0.01634
15700,2022-06-16,-0.078635,-0.023874,0.054761
15700,2022-06-21,0.027483,0.017848,-0.009635
13570,2022-06-30,0.024814,-0.008018,-0.032832
15700,2022-07-05,-0.022936,-0.00166,0.021276
13570,2022-07-13,0.0,0.000483,0.000483
13570,2022-07-21,-0.013333,0.009422,0.022755
13570,2022-08-09,0.016667,-0.003485,-0.020152
13570,2022-08-16,-0.002941,0.00569,0.008632
13570,2022-08-19,0.032738,-0.007006,-0.039744
15700,2022-08-31,-0.008938,-0.001543,0.007394
15700,2022-09-02,-0.012883,-0.00921,0.003673
15700,2022-09-16,0.015141,-0.00072,-0.01586
15700,2022-09-26,-0.010185,-0.007807,0.002377
15700,2022-09-28,0.012284,-0.000942,-0.013226
13570,2022-11-15,-0.002899,0.004088,0.006987
15700,2023-01-04,0.000399,-0.008158,-0.008557
15700,2023-01-06,0.035455,0.012749,-0.022706
13570,2023-01-25,-0.016807,0.006467,0.023274
13570,2023-01-26,0.0,-7.4e-05,-7.4e-05
13570,2023-02-07,0.008746,0.002084,-0.006663
13570,2023-02-14,0.0,0.001937,0.001937
13570,2023-03-07,0.0,0.003055,0.003055
14590,2023-03-07,-0.003014,0.003055,0.00607
15700,2023-03-15,-0.056564,-0.017373,0.039191
15790,2023-03-22,-0.004707,-0.004264,0.000443
13570,2023-04-17,0.003195,0.000183,-0.003012
13570,2023-05-01,-0.016502,0.00108,0.017581
13570,2023-05-15,-0.017182,0.001488,0.01867
14590,2023-06-09,-0.029204,0.006954,0.036158
14580,2023-06-26,0.001698,-0.003901,-0.005599
13570,2023-09-04,-0.008734,0.004277,0.01301
15790,2023-10-04,0.003135,-0.003124,-0.006259
13570,2023-10-13,0.021739,-0.016354,-0.038093
55410,2023-10-13,-0.022463,-0.016354,0.006109
13570,2023-11-08,0.013393,-0.011752,-0.025145
13570,2023-11-17,-0.014085,0.00941,0.023494
13570,2023-12-22,-0.004739,0.005445,0.010184
13570,2024-01-15,-0.021858,0.008092,0.02995
15790,2024-02-13,0.012031,-0.001893,-0.013924
13570,2024-02-14,-0.018634,-0.001665,0.016969
13570,2024-06-26,-0.007042,0.0002,0.007243
13570,2024-06-28,-0.021429,0.000467,0.021896
13570,2024-07-04,-0.007634,0.000707,0.008341
13570,2024-08-19,0.0,0.000781,0.000781
13570,2024-08-21,-0.028986,0.004953,0.033939
13570,2024-09-27,0.04878,-0.016767,-0.065548
13570,2025-01-06,0.010057,-0.002414,-0.012471
13570,2025-01-09,0.030197,-0.007109,-0.037306
15700,2025-01-09,-0.026916,-0.007109,0.019807
15700,2025-01-15,-0.002074,0.000659,0.002732
13570,2025-01-24,-0.010591,0.010608,0.0212
15700,2025-01-29,-0.003846,-0.000524,0.003322
15700,2025-02-05,-0.002994,0.003158,0.006152
15700,2025-03-04,-0.001226,-0.002024,-0.000798
13570,2025-03-19,0.009612,0.003055,-0.006556
15700,2025-04-01,-0.011111,-0.007722,0.003389
15700,2025-04-02,-0.089006,-0.034701,0.054306
13570,2025-05-02,-0.01737,0.000322,0.017692
13570,2025-05-07,0.000421,0.003983,0.003562
13570,2025-05-13,0.010531,-0.004842,-0.015373
13570,2025-05-15,0.001322,0.001364,4.2e-05
13570,2025-06-02,0.000877,0.001595,0.000718
15700,2025-06-17,-0.000986,0.003346,0.004332
13570,2025-06-19,0.019204,-0.000579,-0.019783
13570,2025-06-20,0.012408,-0.006799,-0.019207
13570,2025-06-30,0.014801,-0.001686,-0.016487
13570,2025-07-25,0.010142,0.003759,-0.006382
15700,2025-08-05,-0.005138,0.003887,0.009025
15700,2025-08-06,0.010864,0.005661,-0.005202
13570,2025-08-12,-0.043478,0.003149,0.046627
39050,2025-08-12,-0.143077,0.003149,0.146226
13570,2025-08-14,0.010778,0.002354,-0.008424
39050,2025-08-14,0.150612,0.002354,-0.148258
15700,2025-08-25,-0.019497,-0.001472,0.018025
15700,2025-09-03,-0.001318,-0.002447,-0.001128
13570,2025-09-11,-0.038839,0.00093,0.039768
13570,2025-09-16,0.007957,0.00237,-0.005587
13570,2025-09-22,-0.008989,0.002542,0.011531
37470,2025-09-22,0.008872,0.002542,-0.00633
13570,2025-10-07,0.018569,-0.001177,-0.019746
13600,2025-10-07,0.021118,-0.001177,-0.022295
37470,2025-10-07,0.024194,-0.001177,-0.025371
13570,2025-10-08,-0.009115,0.001566,0.010682
13600,2025-10-08,-0.012165,0.001566,0.013732
37470,2025-10-08,-0.00315,0.001566,0.004716
15700,2025-10-16,-0.014286,-0.003696,0.01059
15790,2025-10-16,-0.015349,-0.003696,0.011653
37470,2025-10-16,-0.001471,-0.003696,-0.002225
62660,2025-10-16,-0.027302,-0.003696,0.023606
13570,2025-10-23,-0.02327,0.005862,0.029132
13600,2025-10-23,-0.019695,0.005862,0.025557
37470,2025-10-23,-0.079596,0.005862,0.085458
62660,2025-10-23,0.022959,0.005862,-0.017097
13570,2025-10-29,-0.017987,-0.014524,0.003463
13600,2025-10-29,-0.017289,-0.014524,0.002765
37470,2025-10-29,-0.131607,-0.014524,0.117083
62660,2025-10-29,-0.019068,-0.014524,0.004544
13570,2025-10-31,-0.027739,0.001446,0.029184
13600,2025-10-31,-0.026676,0.001446,0.028122
37470,2025-10-31,0.043641,0.001446,-0.042195
62320,2025-10-31,-0.000965,0.001446,0.002411
62660,2025-10-31,0.049145,0.001446,-0.0477
15700,2025-11-06,-0.042444,-0.00367,0.038775
15790,2025-11-06,-0.043541,-0.00367,0.039872
37470,2025-11-06,-0.081707,-0.00367,0.078038
15700,2025-11-07,0.023439,0.006934,-0.016505
15790,2025-11-07,0.024595,0.006934,-0.017662
37470,2025-11-07,0.051793,0.006934,-0.044859
15700,2025-11-18,-0.043621,-0.010809,0.032812
15790,2025-11-18,-0.042739,-0.010809,0.031929
37470,2025-11-18,-0.005926,-0.010809,-0.004883
15700,2025-11-20,-0.072089,-0.008804,0.063285
15790,2025-11-20,-0.073113,-0.008804,0.06431
37470,2025-11-20,-0.002937,-0.008804,-0.005867
15700,2025-12-03,0.012876,-0.002898,-0.015774
15790,2025-12-03,0.01263,-0.002898,-0.015528
37470,2025-12-03,-0.001439,-0.002898,-0.001459
13570,2025-12-08,0.003806,0.003059,-0.000746
13600,2025-12-08,0.004228,0.003059,-0.001169
37470,2025-12-08,-0.031722,0.003059,0.034781
15790,2025-12-09,0.009583,0.000115,-0.009468
37470,2025-12-09,0.032761,0.000115,-0.032647
15700,2025-12-18,0.029288,0.004532,-0.024756
15790,2025-12-18,0.028328,0.004532,-0.023796
37470,2025-12-18,0.02568,0.004532,-0.021148
15700,2025-12-22,0.002319,-0.003424,-0.005743
15790,2025-12-22,0.000215,-0.003424,-0.00364
37470,2025-12-22,0.021898,-0.003424,-0.025322
39320,2019-03-19,-0.027331,-0.002919,0.024412
52020,2018-06-27,0.004717,0.000443,-0.004274
52020,2018-06-28,0.000939,-0.00146,-0.002399
52020,2019-06-05,-0.005487,0.005299,0.010786
83580,2021-06-14,-0.014706,0.000264,0.01497
83580,2021-06-15,-0.00597,0.000296,0.006266
83580,2021-06-17,-0.005714,7.5e-05,0.005789
83580,2021-06-18,-0.011494,-0.022838,-0.011344
83040,2023-07-19,0.000179,0.004395,0.004216
45650,2021-11-30,0.002801,-0.017954,-0.020755
45650,2025-09-10,-0.030181,0.002461,0.032642
64720,2025-09-10,0.004982,0.002461,-0.002522
64720,2025-11-06,-0.003333,-0.00367,-0.000336
40040,2019-01-28,-0.02965,-0.009832,0.019818
77520,2019-01-28,0.011344,-0.009832,-0.021176
34360,2019-10-10,0.050139,-0.002289,-0.052428
69760,2020-01-24,-0.032532,-0.020381,0.012151
69760,2020-02-28,-0.004,-0.028098,-0.024098
77520,2020-06-12,0.03075,0.022724,-0.008027
77350,2022-07-04,0.008055,0.001754,-0.006301
83040,2023-01-27,-0.006523,0.000491,0.007015
83040,2023-01-30,0.011201,3.4e-05,-0.011167
23710,2017-09-28,0.029624,0.003148,-0.026477
30640,2017-09-28,-0.00691,0.003148,0.010058
34360,2017-09-28,-0.026126,0.003148,0.029273
34430,2017-09-28,0.006296,0.003148,-0.003148
36560,2017-09-28,-0.016857,0.003148,0.020005
36600,2017-09-28,-0.018759,0.003148,0.021907
40430,2017-09-28,-0.001497,0.003148,0.004645
40470,2017-09-28,0.036815,0.003148,-0.033668
41000,2017-09-28,-0.011858,0.003148,0.015005
46660,2017-09-28,0.013529,0.003148,-0.010381
47550,2017-09-28,0.003673,0.003148,-0.000526
48140,2017-09-28,-0.037383,0.003148,0.040531
52320,2017-09-28,0.004098,0.003148,-0.000951
55410,2017-09-28,-0.044628,0.003148,0.047776
57060,2017-09-28,0.028369,0.003148,-0.025221
57070,2017-09-28,-0.01626,0.003148,0.019408
57130,2017-09-28,0.006554,0.003148,-0.003406
57260,2017-09-28,-0.00369,0.003148,0.006838
64600,2017-09-28,0.009115,0.003148,-0.005967
65060,2017-09-28,0.002817,0.003148,0.000331
66520,2017-09-28,-0.020675,0.003148,0.023823
66750,2017-09-28,0.01708,0.003148,-0.013933
67530,2017-09-28,-0.01173,0.003148,0.014878
67700,2017-09-28,0.02806,0.003148,-0.024913
68170,2017-09-28,0.042163,0.003148,-0.039015
68570,2017-09-28,-0.002845,0.003148,0.005992
69520,2017-09-28,-0.005722,0.003148,0.008869
69760,2017-09-28,0.006094,0.003148,-0.002946
70030,2017-09-28,0.009563,0.003148,-0.006415
75160,2017-09-28,-0.002845,0.003148,0.005992
75450,2017-09-28,0.012245,0.003148,-0.009097
75930,2017-09-28,0.018957,0.003148,-0.01581
79360,2017-09-28,-0.019402,0.003148,0.022549
80110,2017-09-28,0.0,0.003148,0.003148
81010,2017-09-28,0.041899,0.003148,-0.038752
82520,2017-09-28,-0.001874,0.003148,0.005021
82670,2017-09-28,-0.008969,0.003148,0.012116
90060,2017-09-28,0.005247,0.003148,-0.0021
90240,2017-09-28,0.013948,0.003148,-0.010801
90410,2017-09-28,0.0,0.003148,0.003148
90450,2017-09-28,0.006107,0.003148,-0.002959
90480,2017-09-28,-0.004088,0.003148,0.007236
90640,2017-09-28,-0.070939,0.003148,0.074087
91010,2017-09-28,-0.012875,0.003148,0.016023
93010,2017-09-28,-0.015051,0.003148,0.018198
95320,2017-09-28,0.006652,0.003148,-0.003505
95330,2017-09-28,-0.030624,0.003148,0.033772
96970,2017-09-28,0.020451,0.003148,-0.017304
97060,2017-09-28,0.002532,0.003148,0.000616
13690,2018-03-13,0.003212,0.007564,0.004352
19630,2018-03-13,-0.003438,0.007564,0.011002
22290,2018-03-13,0.009845,0.007564,-0.002281
24320,2018-03-13,0.017481,0.007564,-0.009916
31970,2018-03-13,0.012916,0.007564,-0.005352
39280,2018-03-13,0.056228,0.007564,-0.048663
45650,2018-03-13,0.023429,0.007564,-0.015865
46130,2018-03-13,-0.018797,0.007564,0.026361
46660,2018-03-13,0.021261,0.007564,-0.013697
47430,2018-03-13,0.002356,0.007564,0.005209
47550,2018-03-13,-0.00064,0.007564,0.008205
48140,2018-03-13,0.041322,0.007564,-0.033758
54060,2018-03-13,0.000952,0.007564,0.006612
54800,2018-03-13,-0.009434,0.007564,0.016998
57410,2018-03-13,-0.004627,0.007564,0.012192
61010,2018-03-13,-0.023454,0.007564,0.031018
64800,2018-03-13,0.024249,0.007564,-0.016685
67530,2018-03-13,-0.004292,0.007564,0.011856
68170,2018-03-13,-0.03865,0.007564,0.046215
68570,2018-03-13,0.013506,0.007564,-0.005942
69520,2018-03-13,-0.006094,0.007564,0.013658
73090,2018-03-13,0.025136,0.007564,-0.017572
75160,2018-03-13,0.010008,0.007564,-0.002444
75930,2018-03-13,0.006885,0.007564,0.00068
79270,2018-03-13,0.009464,0.007564,-0.001899
79360,2018-03-13,0.011499,0.007564,-0.003935
82520,2018-03-13,-0.006523,0.007564,0.014087
84730,2018-03-13,0.033852,0.007564,-0.026288
87150,2018-03-13,0.028822,0.007564,-0.021258
90640,2018-03-13,-0.009628,0.007564,0.017192
91010,2018-03-13,-0.010253,0.007564,0.017817
91070,2018-03-13,-0.007919,0.007564,0.015484
94490,2018-03-13,0.038835,0.007564,-0.031271
18520,2018-09-27,-0.005291,-0.001653,0.003638
19630,2018-09-27,0.024696,-0.001653,-0.026349
24320,2018-09-27,-0.000505,-0.001653,-0.001148
30360,2018-09-27,-0.000614,-0.001653,-0.001039
30970,2018-09-27,-0.015789,-0.001653,0.014137
31970,2018-09-27,0.002976,-0.001653,-0.004629
37690,2018-09-27,-0.00277,-0.001653,0.001117
40040,2018-09-27,0.016393,-0.001653,-0.018046
45020,2018-09-27,0.026228,-0.001653,-0.027881
46660,2018-09-27,-0.007267,-0.001653,0.005615
47550,2018-09-27,-0.010648,-0.001653,0.008995
53010,2018-09-27,0.001785,-0.001653,-0.003438
61030,2018-09-27,0.014218,-0.001653,-0.015871
62030,2018-09-27,-0.032454,-0.001653,0.030801
65060,2018-09-27,-0.004335,-0.001653,0.002682
68170,2018-09-27,0.015267,-0.001653,-0.01692
68560,2018-09-27,-0.017828,-0.001653,0.016175
69520,2018-09-27,0.005898,-0.001653,-0.007551
69760,2018-09-27,-0.041355,-0.001653,0.039702
75930,2018-09-27,-0.003992,-0.001653,0.002339
77170,2018-09-27,-0.008206,-0.001653,0.006553
77790,2018-09-27,0.015625,-0.001653,-0.017278
79360,2018-09-27,0.022305,-0.001653,-0.023958
82520,2018-09-27,0.010749,-0.001653,-0.012402
91070,2018-09-27,0.002746,-0.001653,-0.004399
36560,2018-10-04,-0.040724,-0.009081,0.031643
60470,2020-11-20,0.028417,0.01837,-0.010047
65900,2022-06-24,0.027637,0.01701,-0.010627
27490,2023-01-13,0.021212,-0.003456,-0.024668
27490,2023-01-30,0.005731,3.4e-05,-0.005697
27490,2023-02-02,0.029762,-0.004545,-0.034307
70940,2023-05-31,-0.052239,-0.006799,0.04544
27490,2023-06-16,0.01173,0.011912,0.000181
77310,2017-03-14,-0.004101,-0.001233,0.002868
83030,2017-03-14,-0.009569,-0.001233,0.008336
45060,2017-08-14,0.014936,0.006291,-0.008645
46130,2017-09-15,0.008223,0.017698,0.009475
51050,2017-10-20,0.005023,0.008155,0.003132
94490,2017-12-22,-0.021505,0.00272,0.024226
62680,2018-11-12,0.006623,-0.018939,-0.025562
46310,2019-04-24,-0.02526,-0.002856,0.022404
52140,2019-04-24,-0.012924,-0.002856,0.010068
94160,2019-09-02,-0.006726,-0.001957,0.00477
73090,2020-08-05,0.016386,0.006757,-0.00963
47550,2020-11-06,0.030928,0.009231,-0.021696
66190,2020-12-23,0.044914,0.003158,-0.041756
29860,2021-09-07,-0.012994,-0.000558,0.012437
29860,2021-09-08,0.021817,0.003608,-0.018209
29860,2021-09-10,-0.017117,0.009554,0.02667
29860,2021-09-13,-0.007181,0.008469,0.01565
29860,2021-09-14,-0.046474,-0.001748,0.044726
29860,2021-09-27,0.013509,-0.002606,-0.016115
29860,2021-09-29,0.014485,0.007783,-0.006702
29860,2021-10-06,0.007339,-0.00641,-0.013749
29860,2021-11-08,0.004948,-0.004984,-0.009931
45970,2022-03-02,0.010638,0.006364,-0.004274
45970,2022-03-04,-0.032609,-0.02253,0.010079
45970,2022-03-07,-0.022472,-0.021534,0.000938
45970,2022-03-09,0.024096,0.015085,-0.009011
29860,2022-08-22,-0.003194,-0.002058,0.001135
43920,2022-09-16,-0.038278,-0.00072,0.037558
43920,2022-09-20,-0.0199,-0.006584,0.013316
72010,2022-11-04,0.020608,0.003372,-0.017236
29860,2022-11-22,-0.007694,0.008229,0.015923
43920,2022-11-22,0.007229,0.008229,0.001
29860,2023-04-06,-0.017786,-0.000991,0.016795
72010,2023-04-06,-0.015397,-0.000991,0.014406
96100,2023-05-01,0.012821,0.00108,-0.011741
96100,2023-06-05,0.0,0.000206,0.000206
96100,2023-06-06,-0.007143,0.009634,0.016777
96100,2023-06-07,0.0,-0.004369,-0.004369
96100,2023-06-08,0.028777,-0.001329,-0.030106
96100,2023-06-09,0.118881,0.006954,-0.111927
96100,2023-07-07,-0.006452,0.0049,0.011352
29860,2023-09-29,-0.037037,-0.00381,0.033227
29860,2023-10-02,-0.028846,-0.013257,0.015589
36970,2023-10-02,-0.031758,-0.013257,0.018501
39940,2023-10-02,-0.026521,-0.013257,0.013265
29860,2023-10-04,0.011571,-0.003124,-0.014695
39940,2023-10-04,0.0,-0.003124,-0.003124
62320,2024-02-19,0.041204,0.015064,-0.026141
43920,2024-07-31,0.003333,0.007899,0.004566
96100,2024-09-06,0.336283,-0.028754,-0.365037
96100,2024-09-10,0.043796,-0.002488,-0.046284
24320,2025-09-04,0.000893,0.005112,0.004219
43240,2025-09-04,0.022924,0.005112,-0.017811
34360,2025-11-11,-0.122196,-0.001075,0.121121
66190,2025-12-10,-0.005405,0.002508,0.007914
36560,2025-09-05,0.0,0.007761,0.007761
81360,2017-08-03,0.000718,-0.00377,-0.004489
53020,2018-11-01,0.030159,0.003575,-0.026584
53020,2018-12-06,0.010225,-0.009641,-0.019866
53020,2018-12-11,-0.007511,-0.013092,-0.005581
53020,2018-12-12,0.04,0.014419,-0.025581
53020,2019-01-09,-0.020666,-0.007317,0.013349
53020,2019-01-11,-0.013221,-0.003516,0.009705
53010,2019-04-25,-0.013804,-0.000901,0.012903
34360,2025-06-09,0.013101,0.002053,-0.011048
34360,2025-11-13,0.035051,-0.006285,-0.041336
57070,2019-09-06,-0.021695,-0.001366,0.020329
13790,2020-10-19,-0.001327,0.00632,0.007648
90690,2024-09-30,0.006452,0.007271,0.00082
90690,2024-10-08,0.011381,-0.002215,-0.013596
34430,2017-01-11,0.068878,-0.001668,-0.070547
40410,2017-01-11,0.007143,-0.001668,-0.008811
69970,2017-01-11,-0.003846,-0.001668,0.002178
68100,2017-03-01,0.010431,0.010825,0.000394
80860,2017-03-01,0.013005,0.010825,-0.00218
17190,2017-03-09,0.004914,0.006413,0.001499
22640,2017-03-09,0.013001,0.006413,-0.006587
23370,2017-03-09,-0.011299,0.006413,0.017713
26850,2017-03-09,0.019505,0.006413,-0.013092
72240,2017-03-09,0.023458,0.006413,-0.017045
23790,2017-03-14,-0.00428,-0.001233,0.003047
46260,2017-03-14,-0.005871,-0.001233,0.004638
95090,2017-03-14,-0.012121,-0.001233,0.010888
75810,2017-03-24,-0.001421,0.002972,0.004393
14330,2017-05-12,0.0,-0.004488,-0.004488
21240,2017-05-12,0.019146,-0.004488,-0.023635
23370,2017-05-12,-0.009119,-0.004488,0.00463
26850,2017-05-12,-0.012,-0.004488,0.007512
29180,2017-05-12,0.009464,-0.004488,-0.013952
36860,2017-05-12,-0.026042,-0.004488,0.021554
68100,2017-05-12,-0.008014,-0.004488,0.003526
95090,2017-05-12,-0.004878,-0.004488,0.00039
18080,2017-05-24,-0.009629,0.003857,0.013486
22640,2017-05-24,0.006448,0.003857,-0.002591
23370,2017-05-24,-0.012232,0.003857,0.01609
23790,2017-05-24,-0.00672,0.003857,0.010577
31160,2017-05-24,0.002708,0.003857,0.00115
36260,2017-05-24,0.017264,0.003857,-0.013407
36620,2017-05-24,0.01157,0.003857,-0.007713
36860,2017-05-24,-0.020704,0.003857,0.024561
50210,2017-05-24,-0.019384,0.003857,0.023241
80780,2017-05-24,-0.015951,0.003857,0.019808
82190,2017-05-24,-0.007326,0.003857,0.011183
96840,2017-05-24,-0.027055,0.003857,0.030912
18350,2017-05-29,-0.002825,0.000485,0.00331
23170,2017-05-29,-0.010108,0.000485,0.010593
23370,2017-05-29,-0.018237,0.000485,0.018722
23790,2017-05-29,0.028116,0.000485,-0.027631
24280,2017-05-29,0.007666,0.000485,-0.00718
27300,2017-05-29,0.013258,0.000485,-0.012773
31160,2017-05-29,0.000463,0.000485,2.2e-05
36260,2017-05-29,0.007793,0.000485,-0.007308
36960,2017-05-29,0.044499,0.000485,-0.044014
46260,2017-05-29,-0.005113,0.000485,0.005598
50210,2017-05-29,0.012397,0.000485,-0.011912
58520,2017-05-29,0.0,0.000485,0.000485
59490,2017-05-29,-0.003132,0.000485,0.003617
61040,2017-05-29,-0.01006,0.000485,0.010545
65070,2017-05-29,-0.002924,0.000485,0.003409
67280,2017-05-29,0.013201,0.000485,-0.012716
68100,2017-05-29,0.001396,0.000485,-0.000911
69950,2017-05-29,0.009268,0.000485,-0.008783
69970,2017-05-29,0.021164,0.000485,-0.020679
74190,2017-05-29,-0.011065,0.000485,0.01155
75450,2017-05-29,0.007692,0.000485,-0.007207
75990,2017-05-29,-0.005025,0.000485,0.00551
77290,2017-05-29,-0.007926,0.000485,0.008411
81300,2017-05-29,-0.00203,0.000485,0.002516
84730,2017-05-29,-0.010381,0.000485,0.010866
95090,2017-05-29,0.020166,0.000485,-0.019681
96840,2017-05-29,0.0,0.000485,0.000485
97440,2017-05-29,-0.002102,0.000485,0.002587
22920,2017-08-03,0.015951,-0.00377,-0.019721
23370,2017-08-03,0.008902,-0.00377,-0.012672
27680,2017-08-03,0.010135,-0.00377,-0.013905
43010,2017-08-03,0.0,-0.00377,-0.00377
46260,2017-08-03,0.0,-0.00377,-0.00377
46860,2017-08-03,-0.005889,-0.00377,0.002119
61180,2017-08-03,0.008945,-0.00377,-0.012715
72440,2017-08-03,-0.008083,-0.00377,0.004313
74190,2017-08-03,0.0,-0.00377,-0.00377
91420,2017-08-03,0.0,-0.00377,-0.00377
27300,2017-10-11,-0.005535,0.000914,0.006449
42020,2018-05-25,0.002402,-0.000233,-0.002635
46260,2018-05-25,0.009956,-0.000233,-0.010189
90390,2018-05-25,-0.015552,-0.000233,0.015319
98300,2018-05-25,0.001099,-0.000233,-0.001332
46260,2018-06-11,0.026695,0.004834,-0.021861
98300,2018-06-11,0.01108,0.004834,-0.006247
38800,2020-08-14,-0.000684,0.000466,0.001151
60470,2021-12-14,0.05187,-0.007049,-0.058919
27300,2023-03-10,-0.003658,-0.015682,-0.012024
27300,2023-05-09,0.001491,0.004911,0.003419
27300,2023-05-17,-0.007133,0.004012,0.011145
90690,2024-10-11,0.006015,0.002057,-0.003958
33970,2025-02-27,0.020681,-0.000667,-0.021347
45650,2025-12-01,-0.051919,-0.00934,0.042579
77170,2017-02-21,-0.040253,0.005675,0.045928
38510,2017-06-26,0.022044,0.006943,-0.015101
39030,2017-07-25,0.025283,0.002678,-0.022605
34010,2017-10-23,0.0,0.002564,0.002564
72690,2017-10-23,-0.0098,0.002564,0.012364
61360,2017-11-24,0.008824,0.011169,0.002345
31510,2019-01-25,-0.015817,0.008228,0.024045
14170,2019-02-13,-0.015088,0.003128,0.018216
30500,2019-08-23,-0.008539,-0.016547,-0.008008
68560,2019-06-14,-0.017143,0.003665,0.020808
89550,2019-06-14,0.011375,0.003665,-0.00771
65860,2019-09-11,0.025335,0.014537,-0.010798
61430,2019-12-13,-0.017094,-0.003887,0.013207
62680,2019-12-13,0.00561,-0.003887,-0.009498
21120,2020-03-09,-0.019802,-0.074589,-0.054787
59860,2018-02-26,-0.029524,0.004972,0.034496
31030,2025-03-19,-0.02907,0.003055,0.032125
44770,2025-03-26,-0.020747,-0.001645,0.019102
44770,2025-03-28,-0.025641,-0.0131,0.012541
95090,2025-07-24,0.036471,0.003507,-0.032964
36560,2025-11-27,-0.045627,0.005451,0.051079
53020,2017-06-29,-0.034626,-0.003207,0.031419
35470,2020-08-05,0.015498,0.006757,-0.008741
94120,2021-01-18,0.006452,0.005934,-0.000518
16620,2017-08-15,0.004021,0.003268,-0.000754
18150,2017-08-15,0.002755,0.003268,0.000513
23150,2017-08-15,-0.031237,0.003268,0.034504
23950,2017-08-15,-0.007168,0.003268,0.010436
27490,2017-08-15,0.021127,0.003268,-0.017859
30530,2017-08-15,0.1,0.003268,-0.096732
31560,2017-08-15,0.014917,0.003268,-0.011649
31930,2017-08-15,0.013163,0.003268,-0.009895
32990,2017-08-15,-0.003766,0.003268,0.007034
35210,2017-08-15,0.016129,0.003268,-0.012861
36390,2017-08-15,0.018908,0.003268,-0.01564
36490,2017-08-15,-0.006749,0.003268,0.010017
36560,2017-08-15,0.043779,0.003268,-0.040511
36670,2017-08-15,0.008955,0.003268,-0.005688
36800,2017-08-15,-0.036332,0.003268,0.0396
36860,2017-08-15,0.002294,0.003268,0.000974
37580,2017-08-15,-0.068284,0.003268,0.071551
37910,2017-08-15,-0.045568,0.003268,0.048835
38070,2017-08-15,-0.006601,0.003268,0.009868
38510,2017-08-15,0.030006,0.003268,-0.026739
39000,2017-08-15,0.008909,0.003268,-0.005641
39050,2017-08-15,-0.015581,0.003268,0.018848
39170,2017-08-15,-0.001818,0.003268,0.005086
39620,2017-08-15,-0.01054,0.003268,0.013807
41120,2017-08-15,0.031117,0.003268,-0.02785
42880,2017-08-15,-0.037956,0.003268,0.041224
43470,2017-08-15,0.029412,0.003268,-0.026144
48130,2017-08-15,0.007026,0.003268,-0.003758
49600,2017-08-15,0.005882,0.003268,-0.002615
49710,2017-08-15,-0.005533,0.003268,0.0088
52180,2017-08-15,0.018297,0.003268,-0.015029
53020,2017-08-15,-0.013977,0.003268,0.017245
53410,2017-08-15,-0.008772,0.003268,0.01204
54100,2017-08-15,0.006829,0.003268,-0.003562
55410,2017-08-15,0.0,0.003268,0.003268
57070,2017-08-15,0.013333,0.003268,-0.010066
57260,2017-08-15,-0.002475,0.003268,0.005743
57410,2017-08-15,0.007246,0.003268,-0.003979
60330,2017-08-15,-0.07896,0.003268,0.082228
60340,2017-08-15,0.014577,0.003268,-0.01131
60380,2017-08-15,0.012513,0.003268,-0.009245
60810,2017-08-15,0.0,0.003268,0.003268
61910,2017-08-15,-0.026217,0.003268,0.029485
62030,2017-08-15,0.019512,0.003268,-0.016245
62080,2017-08-15,-0.082474,0.003268,0.085742
62170,2017-08-15,0.0,0.003268,0.003268
62980,2017-08-15,0.150754,0.003268,-0.147486
63100,2017-08-15,-0.018418,0.003268,0.021685
63350,2017-08-15,0.045455,0.003268,-0.042187
63660,2017-08-15,-0.014311,0.003268,0.017579
63900,2017-08-15,0.0,0.003268,0.003268
64000,2017-08-15,0.00495,0.003268,-0.001683
64800,2017-08-15,0.006803,0.003268,-0.003535
66190,2017-08-15,0.016253,0.003268,-0.012985
66560,2017-08-15,0.021423,0.003268,-0.018156
67360,2017-08-15,-0.001466,0.003268,0.004734
67780,2017-08-15,-0.008794,0.003268,0.012062
68030,2017-08-15,0.0,0.003268,0.003268
68170,2017-08-15,-0.00885,0.003268,0.012117
68710,2017-08-15,0.000936,0.003268,0.002331
68750,2017-08-15,0.007062,0.003268,-0.003795
69580,2017-08-15,0.023832,0.003268,-0.020565
70220,2017-08-15,-0.003922,0.003268,0.007189
77210,2017-08-15,-0.039216,0.003268,0.042483
77440,2017-08-15,0.006588,0.003268,-0.00332
80110,2017-08-15,-0.026807,0.003268,0.030074
81070,2017-08-15,-0.142857,0.003268,0.146125
82020,2017-08-15,-0.010593,0.003268,0.013861
82370,2017-08-15,-0.013684,0.003268,0.016952
88350,2017-08-15,0.01,0.003268,-0.006732
88920,2017-08-15,0.015556,0.003268,-0.012288
89230,2017-08-15,0.008323,0.003268,-0.005056
94180,2017-08-15,-0.024438,0.003268,0.027706
94240,2017-08-15,0.007143,0.003268,-0.003875
96330,2017-08-15,0.0,0.003268,0.003268
97220,2017-08-15,-0.020604,0.003268,0.023872
14580,2020-12-22,-0.000636,-0.013502,-0.012866
15680,2021-07-27,-0.014818,-0.003168,0.01165
16710,2021-08-24,0.028409,0.01074,-0.017669
15680,2021-12-03,0.024926,0.01385,-0.011076
28420,2022-06-28,0.032546,0.001761,-0.030785
28420,2022-07-01,-0.002136,-0.004438,-0.002302
28420,2022-08-09,0.011814,-0.003485,-0.0153
15800,2023-05-17,-0.021435,0.004012,0.025447
14560,2023-07-05,0.006051,-0.004734,-0.010786
25520,2023-09-21,-0.005941,-0.011027,-0.005086
14560,2023-11-17,-0.007776,0.00941,0.017186
45060,2018-02-23,0.015499,0.012,-0.003499
62550,2021-06-11,0.052016,-0.000897,-0.052912
33770,2021-09-03,-0.014368,0.013785,0.028153
53810,2021-11-16,0.096774,0.002335,-0.094439
93080,2022-03-25,-0.005709,-0.003188,0.002521
44750,2022-04-01,0.298618,0.007426,-0.291193
44750,2022-05-20,0.079304,0.012978,-0.066325
44750,2022-05-30,0.059281,0.009279,-0.050002
49340,2022-09-06,0.344828,-0.001963,-0.346791
39030,2022-11-04,0.006659,0.003372,-0.003288
63380,2023-04-05,-0.028785,-0.014499,0.014286
52530,2024-05-16,-0.03937,-0.009717,0.029653
70030,2024-05-16,-0.052734,-0.009717,0.043017
70030,2024-08-29,0.037751,0.003553,-0.034198
37930,2024-09-02,-0.029115,-0.004645,0.02447
92290,2024-11-22,0.067901,0.007897,-0.060004
92290,2024-11-25,-0.033719,-0.002442,0.031276
52530,2025-04-17,-0.001401,0.011374,0.012775
74140,2021-09-17,-0.018079,-0.01386,0.004219
96030,2021-11-30,-0.039441,-0.017954,0.021487
96030,2021-12-14,0.024198,-0.007049,-0.031247
96030,2022-07-11,0.008487,-0.00125,-0.009738
82330,2024-12-26,0.03537,0.006152,-0.029218
53410,2018-05-31,-0.009886,-0.003169,0.006717
62170,2018-05-31,-0.044531,-0.003169,0.041362
60620,2020-01-07,0.010288,0.003617,-0.006671
27300,2017-11-13,-0.002346,-0.005712,-0.003366
64810,2021-12-01,-0.022172,-0.003289,0.018883
69200,2017-01-06,0.007456,0.00792,0.000464
36600,2018-11-06,0.054241,0.002203,-0.052038
62770,2018-11-13,0.024904,0.003492,-0.021412
44750,2020-01-10,-0.0195,0.002802,0.022302
78590,2019-11-27,-0.043062,0.003421,0.046483
78590,2019-12-04,-0.033175,0.009482,0.042658
36610,2021-12-30,-0.027307,0.010595,0.037902
46310,2017-06-12,-0.01297,-0.000189,0.012782
77310,2017-06-12,-0.006761,-0.000189,0.006572
34050,2019-06-14,-0.009288,0.003665,0.012953
51010,2019-06-14,-0.008122,0.003665,0.011787
72720,2019-06-14,0.000631,0.003665,0.003034
77520,2019-06-14,-0.008341,0.003665,0.012006
77520,2019-08-20,-0.015674,0.000777,0.016451
80350,2019-08-20,0.011466,0.000777,-0.010689
47040,2020-01-14,-0.003515,-0.002892,0.000622
46680,2020-02-20,-0.011853,-0.010738,0.001115
61830,2020-02-20,-0.020248,-0.010738,0.00951
75160,2020-02-20,-0.000823,-0.010738,-0.009915
65860,2020-03-23,-0.006911,0.044339,0.05125
77520,2020-03-23,0.044898,0.044339,-0.000559
86970,2020-03-23,0.053699,0.044339,-0.00936
73130,2021-11-01,-0.001937,0.001777,0.003714
83540,2021-11-01,-0.004292,0.001777,0.006069
19110,2021-12-10,0.009796,-0.003323,-0.013119
25010,2021-12-10,0.01677,-0.003323,-0.020093
25790,2021-12-10,0.006545,-0.003323,-0.009868
47040,2021-12-10,0.017778,-0.003323,-0.021101
51050,2021-12-10,0.005495,-0.003323,-0.008817
52140,2021-12-10,-0.005638,-0.003323,0.002316
62680,2021-12-10,0.014019,-0.003323,-0.017342
72720,2021-12-10,0.015601,-0.003323,-0.018924
79560,2021-12-10,0.021934,-0.003323,-0.025257
19110,2021-12-13,-0.009701,-0.010317,-0.000615
63610,2021-12-13,-0.007564,-0.010317,-0.002752
72720,2021-12-13,-0.029418,-0.010317,0.019101
89510,2021-12-13,-0.005626,-0.010317,-0.004691
32260,2022-02-10,0.008157,-0.013187,-0.021343
34620,2022-02-10,0.003155,-0.013187,-0.016341
34660,2022-02-10,-0.003429,-0.013187,-0.009758
34810,2022-02-10,0.006865,-0.013187,-0.020052
35430,2022-02-10,-0.008326,-0.013187,-0.004861
36080,2022-02-10,-0.020833,-0.013187,0.007647
74530,2022-02-10,-0.017684,-0.013187,0.004497
25030,2022-06-13,-0.006783,-0.014648,-0.007865
25790,2022-06-13,0.0,-0.014648,-0.014648
30030,2022-06-13,-0.015785,-0.014648,0.001136
41890,2022-06-13,-0.016903,-0.014648,0.002254
52010,2022-06-13,-0.005941,-0.014648,-0.008708
67280,2022-06-13,-0.013725,-0.014648,-0.000923
68170,2022-06-13,-0.004938,-0.014648,-0.00971
76130,2022-06-13,-0.032577,-0.014648,0.017928
89510,2022-06-13,-0.009804,-0.014648,-0.004844
89550,2022-06-13,-0.007282,-0.014648,-0.007367
89870,2022-06-13,-0.006255,-0.014648,-0.008393
67700,2022-06-24,0.022362,0.01701,-0.005352
32810,2022-08-15,0.003411,-0.000443,-0.003854
34620,2022-08-15,0.002353,-0.000443,-0.002796
34810,2022-08-15,0.003115,-0.000443,-0.003559
35430,2022-08-15,-0.005947,-0.000443,0.005504
76070,2022-08-15,0.001764,-0.000443,-0.002207
77300,2022-08-15,-0.010957,-0.000443,0.010514
89540,2022-08-15,0.001552,-0.000443,-0.001995
89840,2022-08-15,0.004717,-0.000443,-0.00516
88040,2023-01-20,-0.005657,0.013404,0.019061
16050,2023-03-01,0.034123,0.005535,-0.028587
69200,2023-03-09,-0.021926,-0.004415,0.01751
47040,2023-03-14,-0.003115,-0.000824,0.002291
80200,2023-09-15,0.003169,-0.001115,-0.004284
34050,2024-02-08,-0.022393,-0.004468,0.017924
65320,2024-02-20,-0.017161,-0.001512,0.015649
85950,2024-02-22,0.011939,0.00284,-0.009099
88040,2024-06-24,0.00284,0.00508,0.002239
30860,2024-08-26,-0.001703,0.00527,0.006973
32950,2024-08-26,0.004909,0.00527,0.000361
34660,2024-08-26,0.007437,0.00527,-0.002167
34920,2024-08-26,0.010235,0.00527,-0.004965
25020,2024-12-17,-0.006928,-0.00343,0.003498
28110,2024-12-17,-0.010333,-0.00343,0.006904
34660,2024-12-17,0.000725,-0.00343,-0.004154
39160,2024-12-17,-0.001357,-0.00343,-0.002072
49110,2024-12-17,0.018384,-0.00343,-0.021813
67230,2024-12-17,-0.009663,-0.00343,0.006234
91470,2024-12-17,-0.008962,-0.00343,0.005533
77300,2025-02-17,-0.006563,0.00046,0.007023
63020,2025-03-07,0.017323,0.003477,-0.013846
21570,2025-04-17,-0.006,0.011374,0.017374
36120,2025-04-17,0.012133,0.011374,-0.000759
72450,2025-10-30,0.019512,0.0077,-0.011813
25020,2025-12-02,-0.003337,-0.007493,-0.004156
51010,2025-12-02,-0.012835,-0.007493,0.005342
63830,2025-12-02,-0.013039,-0.007493,0.005546
68170,2025-12-02,-0.000854,-0.007493,-0.006639
68560,2025-12-02,0.009346,-0.007493,-0.016839
89850,2025-12-02,0.003529,-0.007493,-0.011022
34820,2025-12-08,0.016187,0.003059,-0.013128
69140,2025-12-08,0.019355,0.003059,-0.016296
89850,2025-12-08,-0.004657,0.003059,0.007716
69990,2025-12-09,0.009373,0.000115,-0.009258
40620,2025-12-24,0.043427,0.001502,-0.041924
43850,2025-12-24,0.006189,0.001502,-0.004686
94680,2025-12-24,0.028934,0.001502,-0.027431
34820,2025-12-26,-0.022847,0.000596,0.023443
51010,2025-12-26,-0.015691,0.000596,0.016287
60920,2017-09-22,-0.034417,-0.001245,0.033171
83580,2021-02-16,0.031161,-0.003488,-0.034649
45970,2024-07-30,0.016667,-0.008192,-0.024858
30530,2018-06-19,-0.04491,-0.013138,0.031772
25020,2024-06-04,0.010435,0.001288,-0.009147
62680,2024-06-04,0.010291,0.001288,-0.009003
67280,2024-06-04,0.000892,0.001288,0.000396
25020,2024-06-05,0.017711,-0.000974,-0.018685
49190,2024-06-05,-0.016594,-0.000974,0.01562
62680,2024-06-05,0.002499,-0.000974,-0.003473
63020,2024-06-05,-0.016867,-0.000974,0.015893
67280,2024-06-05,-0.001783,-0.000974,0.000808
44520,2024-06-20,0.0,0.003376,0.003376
67280,2024-06-20,0.036585,0.003376,-0.03321
86980,2024-09-06,-0.039557,-0.028754,0.010803
22010,2025-02-26,-0.009042,-0.002064,0.006977
33600,2025-02-26,-0.024327,-0.002064,0.022263
88760,2025-02-26,-0.010166,-0.002064,0.008102
22010,2025-03-04,0.00871,-0.002024,-0.010734
33600,2025-03-04,0.001026,-0.002024,-0.00305
88760,2025-03-04,-0.016641,-0.002024,0.014617
62500,2025-05-22,0.015122,0.005585,-0.009537
25790,2025-06-16,-0.005481,0.005993,0.011473
47220,2025-06-16,0.011038,0.005993,-0.005045
77160,2025-06-16,-0.002625,0.005993,0.008618
77440,2025-06-16,0.003409,0.005993,0.002584
77470,2025-06-16,-0.03617,0.005993,0.042163
94160,2025-06-16,0.002465,0.005993,0.003528
98300,2025-06-16,-0.010204,0.005993,0.016197
72010,2025-12-08,0.009846,0.003059,-0.006786
63580,2018-05-01,-0.017241,0.000114,0.017355
72610,2020-08-07,0.070352,0.003439,-0.066913
44770,2021-11-09,-0.038636,-0.009569,0.029067
66740,2018-01-15,0.0,0.002109,0.002109
53020,2017-06-30,-0.001435,0.006768,0.008203
40430,2017-09-29,-0.006747,0.005474,0.012221
57070,2017-09-29,0.001033,0.005474,0.004441
36600,2017-05-26,-0.01223,-0.003239,0.00899
80530,2017-05-26,-0.007815,-0.003239,0.004575
36640,2019-10-31,0.013514,-0.006051,-0.019564
68750,2019-10-31,-0.024217,-0.006051,0.018166
69760,2019-10-31,-0.027871,-0.006051,0.02182
71500,2019-10-31,-0.005706,-0.006051,-0.000345
80290,2019-10-31,-0.008764,-0.006051,0.002713
81110,2019-10-31,-0.008458,-0.006051,0.002407
87080,2019-10-31,-0.032383,-0.006051,0.026333
18200,2021-05-26,0.007289,0.000536,-0.006752
18400,2021-05-26,0.0,0.000536,0.000536
18850,2021-05-26,0.013029,0.000536,-0.012493
19610,2021-05-26,-0.008615,0.000536,0.009151
22220,2021-05-26,0.04893,0.000536,-0.048393
24890,2021-05-26,0.001126,0.000536,-0.00059
27300,2021-05-26,-0.000919,0.000536,0.001455
28840,2021-05-26,-0.016731,0.000536,0.017267
29290,2021-05-26,0.003241,0.000536,-0.002705
29310,2021-05-26,0.009581,0.000536,-0.009045
31090,2021-05-26,-0.010684,0.000536,0.01122
33490,2021-05-26,0.00969,0.000536,-0.009154
36860,2021-05-26,-0.003367,0.000536,0.003903
37880,2021-05-26,-0.015296,0.000536,0.015833
38910,2021-05-26,0.046512,0.000536,-0.045975
39030,2021-05-26,0.027358,0.000536,-0.026822
39150,2021-05-26,-0.006526,0.000536,0.007062
39620,2021-05-26,0.016447,0.000536,-0.015911
39940,2021-05-26,-0.009124,0.000536,0.00966
39980,2021-05-26,-0.003322,0.000536,0.003858
41000,2021-05-26,0.000845,0.000536,-0.000308
43930,2021-05-26,0.019802,0.000536,-0.019266
44060,2021-05-26,0.00361,0.000536,-0.003074
44240,2021-05-26,-0.04578,0.000536,0.046316
44250,2021-05-26,0.059032,0.000536,-0.058496
44290,2021-05-26,-0.021438,0.000536,0.021974
44460,2021-05-26,0.015888,0.000536,-0.015352
44770,2021-05-26,0.016959,0.000536,-0.016423
44780,2021-05-26,0.026185,0.000536,-0.025648
44800,2021-05-26,0.0,0.000536,0.000536
45120,2021-05-26,0.034056,0.000536,-0.03352
45640,2021-05-26,0.0,0.000536,0.000536
45650,2021-05-26,-0.007692,0.000536,0.008229
45690,2021-05-26,-0.019042,0.000536,0.019578
45740,2021-05-26,-0.015539,0.000536,0.016076
46510,2021-05-26,0.038348,0.000536,-0.037812
46610,2021-05-26,0.028422,0.000536,-0.027886
47760,2021-05-26,-0.037247,0.000536,0.037783
48140,2021-05-26,0.043902,0.000536,-0.043366
49220,2021-05-26,0.031231,0.000536,-0.030695
49750,2021-05-26,0.006868,0.000536,-0.006332
49920,2021-05-26,-0.004362,0.000536,0.004898
53410,2021-05-26,-0.033467,0.000536,0.034003
55410,2021-05-26,0.005464,0.000536,-0.004928
55630,2021-05-26,-0.006154,0.000536,0.00669
57070,2021-05-26,-0.008955,0.000536,0.009491
58160,2021-05-26,-0.023161,0.000536,0.023697
58520,2021-05-26,-0.011765,0.000536,0.012301
59380,2021-05-26,0.0,0.000536,0.000536
59490,2021-05-26,0.005208,0.000536,-0.004672
59740,2021-05-26,-0.017263,0.000536,0.017799
60270,2021-05-26,0.017341,0.000536,-0.016805
60340,2021-05-26,0.010534,0.000536,-0.009997
60350,2021-05-26,-0.002797,0.000536,0.003333
63300,2021-05-26,0.010174,0.000536,-0.009638
63310,2021-05-26,0.014297,0.000536,-0.013761
63380,2021-05-26,-0.045643,0.000536,0.046179
63690,2021-05-26,-0.005942,0.000536,0.006478
63950,2021-05-26,-0.003666,0.000536,0.004203
64000,2021-05-26,-0.016854,0.000536,0.01739
64400,2021-05-26,-0.028465,0.000536,0.029002
65070,2021-05-26,0.02707,0.000536,-0.026534
66190,2021-05-26,-0.030837,0.000536,0.031373
66350,2021-05-26,-0.023734,0.000536,0.02427
66560,2021-05-26,0.010978,0.000536,-0.010442
66590,2021-05-26,0.049702,0.000536,-0.049166
67540,2021-05-26,-0.010664,0.000536,0.0112
68550,2021-05-26,-0.022705,0.000536,0.023242
68770,2021-05-26,0.018229,0.000536,-0.017693
69690,2021-05-26,-0.010929,0.000536,0.011465
70030,2021-05-26,0.012474,0.000536,-0.011938
70680,2021-05-26,0.015198,0.000536,-0.014661
71480,2021-05-26,0.010929,0.000536,-0.010393
76060,2021-05-26,0.005556,0.000536,-0.005019
76100,2021-05-26,-0.014706,0.000536,0.015242
76250,2021-05-26,0.044335,0.000536,-0.043799
77070,2021-05-26,-0.011765,0.000536,0.012301
77260,2021-05-26,-0.023935,0.000536,0.024471
77510,2021-05-26,0.00253,0.000536,-0.001994
78600,2021-05-26,0.021304,0.000536,-0.020768
78680,2021-05-26,0.010732,0.000536,-0.010195
80110,2021-05-26,0.013871,0.000536,-0.013335
80160,2021-05-26,0.010101,0.000536,-0.009565
80570,2021-05-26,-0.020513,0.000536,0.021049
81600,2021-05-26,-0.001754,0.000536,0.002291
82190,2021-05-26,0.00355,0.000536,-0.003014
82330,2021-05-26,0.009967,0.000536,-0.009431
83340,2021-05-26,-0.026738,0.000536,0.027274
83580,2021-05-26,-0.062663,0.000536,0.063199
83660,2021-05-26,-0.016315,0.000536,0.016851
83860,2021-05-26,0.0,0.000536,0.000536
83990,2021-05-26,-0.00569,0.000536,0.006226
85220,2021-05-26,-0.029893,0.000536,0.030429
87040,2021-05-26,0.018182,0.000536,-0.017646
87140,2021-05-26,-0.006135,0.000536,0.006671
88480,2021-05-26,-0.006944,0.000536,0.007481
89630,2021-05-26,0.012373,0.000536,-0.011837
95090,2021-05-26,0.0,0.000536,0.000536
98610,2021-05-26,0.002972,0.000536,-0.002436
77450,2022-02-04,0.004162,0.008172,0.004009
14590,2021-02-17,-0.003153,0.007525,0.010677
44770,2023-10-25,-0.042802,-0.008138,0.034663
39960,2024-09-26,0.025794,0.005468,-0.020326
62550,2024-09-26,-0.004902,0.005468,0.01037
15710,2017-01-05,0.0145,-0.000658,-0.015158
13990,2017-01-19,0.006667,-0.000364,-0.007031
15790,2017-01-19,0.0,-0.000364,-0.000364
16980,2017-01-19,0.0059,-0.000364,-0.006264
14730,2017-01-23,-0.008558,-0.000806,0.007752
50190,2017-01-23,-0.004418,-0.000806,0.003612
79150,2017-01-23,0.014263,-0.000806,-0.015069
13990,2017-01-26,0.001325,0.004209,0.002884
64180,2017-01-26,0.019802,0.004209,-0.015593
16980,2017-01-30,-0.005797,-0.003772,0.002025
64180,2017-01-30,-0.005956,-0.003772,0.002184
15710,2017-01-31,0.010758,-0.002867,-0.013625
13690,2017-02-06,-0.010978,-0.003653,0.007325
64180,2017-02-06,-0.041667,-0.003653,0.038014
13600,2017-02-08,-0.001037,0.003323,0.00436
15790,2017-02-08,0.001342,0.003323,0.00198
16310,2017-02-08,0.001718,0.003323,0.001604
64180,2017-02-08,0.03367,0.003323,-0.030347
15680,2017-03-06,-0.002712,0.002154,0.004866
17190,2017-03-06,0.002463,0.002154,-0.000309
64180,2017-03-06,-0.00598,0.002154,0.008134
72120,2017-03-06,0.002107,0.002154,4.7e-05
13600,2017-04-13,0.003018,0.004812,0.001793
14560,2017-04-13,0.003289,0.004812,0.001522
14730,2017-04-28,-0.000645,-0.001714,-0.001069
13460,2017-05-10,0.002437,0.002755,0.000318
15790,2017-05-10,0.006031,0.002755,-0.003277
36680,2017-05-10,0.080722,0.002755,-0.077967
42200,2017-05-10,0.010772,0.002755,-0.008017
71920,2017-05-10,0.007499,0.002755,-0.004745
13600,2017-05-18,-0.004566,0.00891,0.013476
15790,2017-05-18,0.006266,0.00891,0.002644
71920,2017-05-18,-0.000276,0.00891,0.009186
13600,2017-06-22,0.0,0.002919,0.002919
16980,2017-06-22,-0.002786,0.002919,0.005705
17190,2017-06-22,-0.028986,0.002919,0.031905
15680,2017-06-27,-0.002477,-0.000948,0.001528
16980,2017-06-27,0.001112,-0.000948,-0.002061
17190,2017-06-27,-0.004354,-0.000948,0.003406
13300,2017-06-29,-0.010942,-0.003207,0.007735
36670,2017-06-29,-0.050409,-0.003207,0.047203
72120,2017-08-07,0.037086,0.001543,-0.035543
16980,2017-08-17,-0.015582,-0.00508,0.010501
72120,2017-08-29,0.015449,0.010451,-0.004997
72120,2017-08-30,0.021065,0.003401,-0.017664
15960,2017-09-21,-0.009302,-0.001135,0.008168
14730,2017-10-04,0.002358,-0.002959,-0.005318
84180,2017-10-04,0.006823,-0.002959,-0.009783
13990,2017-10-18,0.0,-0.002117,-0.002117
13460,2017-11-07,0.012489,0.003859,-0.00863
13460,2017-11-10,0.0,0.008307,0.008307
17190,2017-11-17,-0.005663,-0.002668,0.002995
14170,2017-12-25,-0.006619,-0.003174,0.003445
16250,2017-12-25,0.003383,-0.003174,-0.006557
15960,2018-01-09,-0.000627,0.003291,0.003918
15860,2018-01-10,0.010897,0.000202,-0.010696
39510,2018-01-25,-0.007897,0.001955,0.009852
42200,2018-01-25,0.004815,0.001955,-0.00286
14170,2018-02-26,0.002311,0.004972,0.002661
13690,2018-03-05,0.018966,-0.003389,-0.022355
94160,2018-03-05,-0.005274,-0.003389,0.001885
15860,2018-03-16,-0.029043,-0.007847,0.021196
15860,2018-03-20,0.005468,0.007934,0.002466
15860,2018-03-26,0.0,0.0193,0.0193
13460,2018-03-29,0.006378,0.006327,-5.1e-05
14170,2018-08-17,-0.006131,0.003107,0.009238
31510,2018-09-28,0.005477,0.000762,-0.004715
16550,2018-11-15,0.010497,0.00489,-0.005608
60460,2019-01-21,-0.033758,-0.004298,0.02946
62350,2019-10-21,-0.013514,0.007492,0.021006
62350,2019-10-30,0.018182,0.00492,-0.013262
32490,2019-12-23,0.000614,-0.004983,-0.005598
14730,2020-04-20,-0.00823,0.002034,0.010264
43850,2020-04-20,0.045736,0.002034,-0.043703
25240,2020-06-15,0.006962,-0.005949,-0.012912
14730,2020-06-16,0.015038,0.018782,0.003744
14750,2020-06-16,0.016822,0.018782,0.001959
18850,2020-06-16,0.035762,0.018782,-0.01698
25240,2020-06-16,0.014456,0.018782,0.004325
32490,2020-06-16,-0.001799,0.018782,0.02058
13290,2020-06-18,0.006034,0.005008,-0.001026
18850,2020-06-18,0.016008,0.005008,-0.011
13290,2020-06-23,-0.004259,-0.000488,0.003771
13210,2020-07-22,-0.014983,-0.007064,0.007919
14730,2020-07-22,-0.012571,-0.007064,0.005507
14750,2020-08-20,0.001226,-0.000461,-0.001687
14730,2020-09-08,-0.012285,-0.003586,0.008699
14750,2020-09-08,-0.010969,-0.003586,0.007383
13290,2020-09-09,0.012304,0.011524,-0.00078
14730,2020-09-09,0.014303,0.011524,-0.002779
14750,2020-09-09,0.011707,0.011524,-0.000183
14730,2020-09-17,0.0,0.001842,0.001842
14750,2020-09-17,0.0,0.001842,0.001842
13200,2020-10-12,0.003716,0.002288,-0.001428
13210,2020-10-12,0.00247,0.002288,-0.000182
13290,2020-10-12,0.002871,0.002288,-0.000583
13290,2020-10-16,0.001645,-0.007019,-0.008665
14750,2020-10-26,-0.00902,-0.017008,-0.007988
14750,2020-11-20,0.02385,0.01837,-0.00548
14750,2020-12-23,0.002208,0.003158,0.00095
14730,2021-01-05,0.0,0.003426,0.003426
14750,2021-01-05,0.00109,0.003426,0.002336
25240,2021-01-05,0.0,0.003426,0.003426
14750,2021-01-22,0.008452,0.005225,-0.003227
18850,2021-03-01,0.034555,0.010143,-0.024412
25260,2021-03-01,0.003454,0.010143,0.006689
57260,2021-03-01,0.001229,0.010143,0.008915
18850,2021-03-02,0.020243,-0.007992,-0.028235
25240,2021-03-02,-0.004661,-0.007992,-0.003331
32820,2021-03-02,0.004658,-0.007992,-0.01265
57260,2021-03-02,-0.022086,-0.007992,0.014094
69690,2021-04-08,-0.144033,-0.006578,0.137455
14730,2021-04-23,0.006166,0.003288,-0.002878
14750,2021-04-23,0.006122,0.003288,-0.002834
18850,2021-04-23,0.003312,0.003288,-2.4e-05
57260,2021-04-23,-0.005513,0.003288,0.008801
89570,2021-04-23,0.006615,0.003288,-0.003327
24400,2021-06-11,-0.011345,-0.000897,0.010449
14750,2021-06-23,-0.004973,-0.001943,0.00303
45650,2021-06-23,0.032853,-0.001943,-0.034796
40550,2021-08-12,-0.001202,-0.002426,-0.001224
74140,2021-08-12,-0.008889,-0.002426,0.006463
14730,2021-10-01,-0.001461,-0.00063,0.000831
14750,2021-10-01,-0.001453,-0.00063,0.000823
43850,2021-10-01,0.053485,-0.00063,-0.054115
13480,2021-10-05,0.008383,0.004054,-0.004329
14730,2021-10-05,0.007541,0.004054,-0.003487
14750,2021-10-05,0.008496,0.004054,-0.004442
18850,2021-10-05,0.012648,0.004054,-0.008594
18850,2021-10-20,-0.014324,-0.006063,0.008262
89570,2021-10-20,0.003195,-0.006063,-0.009257
89550,2021-12-29,0.012626,0.008538,-0.004088
89640,2021-12-29,0.010101,0.008538,-0.001563
89770,2021-12-29,0.012033,0.008538,-0.003495
14750,2022-01-18,-0.024878,-0.015635,0.009243
25570,2022-01-18,-0.033226,-0.015635,0.017591
32950,2022-01-18,0.00406,-0.015635,-0.019695
71980,2022-01-18,-0.039088,-0.015635,0.023453
89600,2022-01-18,-0.002882,-0.015635,-0.012753
14730,2022-02-16,-0.003294,-0.001082,0.002212
25240,2022-02-16,-0.001267,-0.001082,0.000185
32950,2022-02-16,0.010044,-0.001082,-0.011126
89600,2022-02-16,0.037319,-0.001082,-0.038401
89640,2022-02-16,0.032931,-0.001082,-0.034013
18850,2022-02-21,-0.006364,-0.007986,-0.001622
45650,2022-02-21,-0.027465,-0.007986,0.019479
89570,2022-02-21,-0.004403,-0.007986,-0.003583
25240,2022-04-11,-0.002845,-0.012133,-0.009288
25570,2022-04-11,-0.007624,-0.012133,-0.00451
89640,2022-04-11,0.009901,-0.012133,-0.022034
89760,2022-05-18,-0.009524,-0.013862,-0.004338
89570,2022-06-10,-0.00665,-0.015424,-0.008775
25570,2022-06-20,0.009751,-0.008547,-0.018298
89570,2022-06-20,0.012869,-0.008547,-0.021415
89600,2022-06-20,-0.000705,-0.008547,-0.007842
89770,2022-06-20,-0.005491,-0.008547,-0.003056
43850,2022-08-01,0.053829,0.003165,-0.050665
95530,2023-01-16,-0.01835,-0.001305,0.017045
95530,2023-01-17,-0.016878,0.005385,0.022264
16330,2023-01-19,0.004168,0.001841,-0.002327
89550,2023-01-19,-0.011331,0.001841,0.013172
95530,2023-02-08,-0.049739,-0.000586,0.049153
95530,2023-02-21,-0.060002,-0.002997,0.057005
95530,2023-02-28,0.168718,-0.000637,-0.169356
14750,2023-03-14,0.004491,-0.000824,-0.005315
45650,2023-03-14,0.02563,-0.000824,-0.026455
45650,2023-05-01,0.028731,0.00108,-0.027652
16250,2023-09-28,0.001625,0.000468,-0.001157
89570,2023-09-28,-0.010215,0.000468,0.010683
89640,2023-09-28,-0.018182,0.000468,0.01865
89770,2023-09-28,-0.018118,0.000468,0.018587
14750,2023-10-05,0.013437,0.013026,-0.000411
89570,2023-10-05,0.008446,0.013026,0.00458
89640,2023-10-05,0.003322,0.013026,0.009704
89770,2023-10-05,0.00788,0.013026,0.005146
16190,2024-08-07,0.023469,0.027825,0.004356
16300,2024-08-29,0.013454,0.003553,-0.009902
26940,2024-08-29,-0.012987,0.003553,0.01654
89570,2024-08-29,-0.008366,0.003553,0.011918
89600,2024-08-29,-0.010862,0.003553,0.014415
89760,2024-08-29,-0.022047,0.003553,0.0256
16210,2024-09-10,-0.0136,-0.002488,0.011112
89640,2024-12-30,-0.011392,0.007013,0.018405
16190,2025-01-14,-0.013158,-0.004709,0.008449
16190,2025-01-16,-0.01157,-0.008058,0.003512
34980,2025-10-06,-0.068097,-0.000277,0.06782
34980,2025-10-22,0.021561,0.00526,-0.0163
81070,2017-11-06,0.0,-0.00557,-0.00557
25160,2020-09-18,0.001114,0.001449,0.000336
25160,2020-09-25,0.026287,0.011832,-0.014455
14190,2023-01-19,-0.048387,0.001841,0.050228
95090,2024-04-24,-0.069228,0.001048,0.070276
62540,2024-04-25,-0.024254,-0.006808,0.017445
95090,2024-04-25,-0.05804,-0.006808,0.051231
95090,2024-05-07,0.013623,0.001633,-0.01199
95090,2024-05-09,0.003678,0.002675,-0.001003
20800,2023-09-13,0.011846,0.001305,-0.010541
20800,2023-09-14,0.017561,0.00475,-0.012811
20800,2023-09-20,-0.016997,-0.00944,0.007557
20800,2023-09-22,0.008721,0.01355,0.004829
20800,2023-10-06,0.020429,0.010331,-0.010098
20800,2023-10-30,-0.00303,-0.004244,-0.001214
20170,2024-04-05,0.004757,0.008226,0.003468
20170,2024-04-22,0.015842,0.010295,-0.005547
69410,2025-12-15,0.012411,0.006012,-0.0064
15790,2021-10-01,-0.013738,-0.00063,0.013107
13570,2022-02-14,0.002353,0.000105,-0.002248
15700,2022-02-24,0.0,-0.001168,-0.001168
13570,2022-03-18,-0.039443,0.0159,0.055343
25160,2020-10-16,-0.004931,-0.007019,-0.002088
34750,2020-04-16,0.033422,0.026164,-0.007259
64440,2020-06-30,-0.207602,-0.006437,0.201165
40550,2020-12-25,-0.044218,0.002713,0.046931
69970,2020-06-11,-0.083659,-0.053037,0.030622
37780,2025-08-04,0.022039,0.013031,-0.009008
60350,2025-08-04,0.025873,0.013031,-0.012842
36560,2025-09-12,0.085561,-0.001572,-0.087134
36560,2025-09-18,-0.059091,0.003349,0.06244
15510,2020-06-18,-0.001129,0.005008,0.006137
39280,2019-12-27,-0.001383,0.003794,0.005177
39280,2020-01-08,-0.002903,0.002246,0.005148
62640,2020-01-08,-0.012848,0.002246,0.015094
35470,2020-01-20,0.05507,0.004196,-0.050874
62080,2020-01-23,-0.02253,-0.002011,0.020519
62640,2020-01-27,-0.00103,-0.010633,-0.009603
49710,2020-01-28,0.077333,0.009607,-0.067726
62080,2020-01-28,-0.004676,0.009607,0.014283
62640,2020-07-02,-0.055172,-0.01529,0.039883
62640,2020-09-01,0.028474,0.006441,-0.022033
75220,2020-09-01,0.013712,0.006441,-0.007271
69970,2022-11-14,-0.032418,-0.005557,0.02686
62170,2017-02-02,-0.022346,-0.007868,0.014478
62080,2017-03-01,-0.061179,0.010825,0.072004
94130,2017-03-01,0.015891,0.010825,-0.005066
31930,2017-03-13,-0.015326,-0.002447,0.012878
32420,2017-03-24,-0.005076,0.002972,0.008048
62170,2017-03-30,0.0,-0.001197,-0.001197
48250,2017-07-24,0.0,0.005259,0.005259
62080,2017-07-24,-0.008217,0.005259,0.013476
23010,2017-08-09,-0.007217,-0.009193,-0.001975
32710,2017-08-09,0.036036,-0.009193,-0.045229
23010,2018-06-28,-0.00533,-0.00146,0.003869
21620,2018-11-14,-0.012346,-0.01392,-0.001575
62080,2019-03-29,0.00814,0.006605,-0.001534
92780,2023-10-23,-0.004854,-0.008569,-0.003714
14730,2017-01-04,0.012987,0.013986,0.000999
17200,2017-01-04,0.016009,0.013986,-0.002023
13460,2017-01-19,0.0,-0.000364,-0.000364
86010,2017-02-08,0.004247,0.003323,-0.000925
15710,2017-02-14,0.000999,0.000751,-0.000247
71640,2017-02-14,0.015089,0.000751,-0.014338
13050,2017-04-05,-0.009458,-0.006613,0.002845
17200,2017-04-14,-0.033058,-0.006729,0.026328
71640,2017-04-14,-0.012469,-0.006729,0.005739
77330,2017-04-14,-0.007463,-0.006729,0.000733
13080,2017-05-12,-0.006769,-0.004488,0.002281
72690,2017-05-25,0.013937,0.000105,-0.013833
71640,2017-05-26,-0.037594,-0.003239,0.034355
72690,2017-05-26,-0.011837,-0.003239,0.008597
13690,2017-06-07,0.003469,0.007764,0.004296
17200,2017-06-07,0.007338,0.007764,0.000427
15800,2017-06-26,-0.005837,0.006943,0.012779
15800,2017-06-28,-0.005859,-0.001662,0.004198
71640,2017-06-28,-0.012658,-0.001662,0.010997
15970,2017-07-10,0.001765,0.002696,0.000931
15800,2017-07-21,0.007797,0.001644,-0.006153
15970,2017-07-28,0.006414,-0.006808,-0.013222
15970,2017-07-31,0.003476,-0.002413,-0.005889
71640,2017-08-24,0.012387,0.005154,-0.007234
15800,2017-09-20,-0.007921,0.002021,0.009942
15800,2017-10-04,0.00203,-0.002959,-0.00499
17200,2017-10-04,-0.001099,-0.002959,-0.00186
13480,2017-10-23,-0.002221,0.002564,0.004785
15800,2017-10-25,0.007543,-0.005832,-0.013375
15800,2017-11-01,-0.013086,0.002016,0.015103
17200,2017-11-01,0.004,0.002016,-0.001984
71640,2017-11-01,0.00641,0.002016,-0.004394
15710,2017-11-10,-0.003571,0.008307,0.011878
71640,2017-11-10,0.0,0.008307,0.008307
13430,2017-11-14,0.008202,-0.00852,-0.016722
71640,2017-11-14,-0.039554,-0.00852,0.031034
14750,2017-12-04,-0.012095,-0.00891,0.003185
14570,2017-12-15,-0.004054,0.002917,0.006971
16580,2017-12-20,0.00565,0.001018,-0.004632
13450,2018-01-15,0.008792,0.002109,-0.006683
14760,2018-01-22,0.008427,0.008561,0.000134
39010,2018-01-22,0.060588,0.008561,-0.052027
15920,2018-02-21,-0.00773,0.001226,0.008957
71640,2018-02-22,-0.019812,0.001566,0.021378
13300,2018-02-27,-0.004762,-0.00706,-0.002298
13300,2018-03-01,-0.030531,-0.022631,0.0079
13300,2018-03-02,-0.009128,0.001184,0.010312
13580,2018-03-02,-0.019446,0.001184,0.02063
13640,2018-03-02,-0.007879,0.001184,0.009063
15950,2018-03-02,-0.005263,0.001184,0.006447
15860,2018-03-14,-0.020094,0.004259,0.024352
15860,2018-03-16,-0.029043,-0.007847,0.021196
15860,2018-03-20,0.005468,0.007934,0.002466
13580,2018-03-29,0.011053,0.006327,-0.004726
15780,2018-03-29,0.014706,0.006327,-0.008378
15860,2018-05-02,-0.006494,0.00519,0.011683
15970,2018-05-02,-0.006236,0.00519,0.011426
15970,2018-05-09,-0.009577,-0.001124,0.008454
25170,2018-05-25,0.001963,-0.000233,-0.002196
48130,2018-05-25,-0.009174,-0.000233,0.008941
15700,2018-05-31,-0.005592,-0.003169,0.002424
16550,2018-05-31,0.001416,-0.003169,-0.004584
25170,2018-05-31,-0.012658,-0.003169,0.00949
14730,2018-06-06,0.003328,0.003516,0.000189
65060,2018-06-06,-0.012791,0.003516,0.016307
13460,2018-06-11,0.013237,0.004834,-0.008403
14750,2018-06-11,0.008296,0.004834,-0.003463
83030,2018-06-11,0.016667,0.004834,-0.011833
25170,2018-06-18,-0.002933,-0.010368,-0.007435
71640,2018-06-18,0.0,-0.010368,-0.010368
13570,2018-06-19,0.018961,-0.013138,-0.0321
13970,2018-06-19,-0.00089,-0.013138,-0.012248
13570,2018-06-20,-0.016181,0.004315,0.020496
13970,2018-06-20,0.012918,0.004315,-0.008603
15700,2018-06-20,0.014536,0.004315,-0.010222
15710,2018-06-20,-0.007951,0.004315,0.012266
13290,2018-08-14,0.013263,0.009153,-0.00411
15700,2018-08-14,0.027893,0.009153,-0.01874
16550,2018-08-14,0.009888,0.009153,-0.000735
13570,2018-09-20,-0.009355,0.002501,0.011855
53010,2018-09-20,0.004325,0.002501,-0.001824
13570,2018-09-27,-0.013474,-0.001653,0.011822
15710,2018-09-27,-0.007324,-0.001653,0.005671
39010,2018-09-27,-0.019704,-0.001653,0.018052
15700,2018-10-12,0.00049,0.01486,0.014369
15710,2018-10-12,-0.004383,0.01486,0.019243
14810,2018-10-16,0.020343,0.013934,-0.006409
15700,2018-10-16,0.049525,0.013934,-0.03559
69760,2018-10-18,-0.0625,-0.01339,0.04911
13460,2018-10-24,-0.034889,-0.024496,0.010393
71640,2018-10-24,-0.017943,-0.024496,-0.006553
13970,2018-11-08,-0.000884,-0.00037,0.000514
16550,2018-11-09,-0.009632,-0.00354,0.006093
15700,2018-11-14,-0.017857,-0.01392,0.003937
15710,2018-11-14,0.010462,-0.01392,-0.024382
15710,2018-11-27,-0.003715,0.003275,0.00699
13970,2018-11-28,0.013951,0.012991,-0.00096
14750,2018-12-12,0.014233,0.014419,0.000186
83030,2018-12-17,-0.008547,-0.021878,-0.013331
99830,2018-12-17,-0.004773,-0.021878,-0.017105
25220,2018-12-27,0.022071,0.006117,-0.015954
15950,2019-01-07,0.002769,0.008117,0.005348
18080,2019-01-07,0.000849,0.008117,0.007268
25170,2019-01-07,0.008604,0.008117,-0.000488
91420,2019-01-07,-0.017196,0.008117,0.025312
14570,2019-01-09,0.011139,-0.007317,-0.018456
13570,2019-01-10,-0.005178,0.000961,0.006139
14570,2019-01-10,-0.00612,0.000961,0.007081
69760,2019-01-10,-0.015554,0.000961,0.016515
77520,2019-01-10,0.022556,0.000961,-0.021595
14570,2019-01-11,0.007389,-0.003516,-0.010905
99830,2019-01-11,0.054338,-0.003516,-0.057854
13570,2019-01-15,-0.035346,0.017476,0.052822
14570,2019-01-15,-0.017115,0.017476,0.034591
15710,2019-01-15,-0.018476,0.017476,0.035952
15710,2019-01-29,-0.007634,0.003777,0.011411
89850,2019-01-29,0.009662,0.003777,-0.005884
14880,2019-02-06,-0.004715,-0.002064,0.00265
15800,2019-02-15,-0.01236,0.010651,0.023011
15780,2019-02-28,-0.002326,-0.004613,-0.002287
71640,2019-02-28,0.004884,-0.004613,-0.009497
15950,2019-03-12,0.00053,0.003243,0.002713
15690,2019-03-22,0.01875,-0.01126,-0.03001
71640,2019-03-22,0.008631,-0.01126,-0.019891
83030,2019-03-22,-0.030435,-0.01126,0.019175
13480,2019-04-12,0.007775,0.003568,-0.004207
53010,2019-04-12,0.010951,0.003568,-0.007383
16550,2019-05-09,-0.002209,-0.012988,-0.010779
53010,2019-05-09,-0.146212,-0.012988,0.133224
15780,2019-05-13,-0.020302,-0.029034,-0.008732
53010,2019-05-22,-0.030043,-0.003523,0.02652
14560,2019-05-27,-0.00428,0.00162,0.005899
15690,2019-05-27,-0.00303,0.00162,0.00465
16550,2019-05-27,0.001803,0.00162,-0.000183
14870,2019-06-20,-0.003243,0.004618,0.007861
14870,2019-06-26,-0.003786,0.001399,0.005184
13460,2019-07-02,-0.001334,0.003567,0.004901
15800,2019-07-02,-0.002372,0.003567,0.00594
15860,2019-07-18,0.005143,-0.012438,-0.017581
14820,2019-07-29,0.0,-0.000815,-0.000815
15710,2019-07-29,-0.001271,-0.000815,0.000456
14820,2019-08-06,0.000841,0.023852,0.023011
14820,2019-08-07,0.00042,0.001079,0.000658
25220,2019-08-07,-0.00947,0.001079,0.010548
14750,2019-08-20,-0.00396,0.000777,0.004737
14750,2019-08-21,0.006627,0.004398,-0.002229
14750,2019-08-23,-0.021768,-0.016547,0.005221
25130,2019-08-28,0.008114,-0.003768,-0.011881
25120,2019-08-30,0.023764,0.007672,-0.016093
47510,2019-08-30,0.031983,0.007672,-0.024311
69520,2019-08-30,0.005442,0.007672,0.00223
15710,2019-09-06,0.001252,-0.001366,-0.002618
15710,2019-09-09,-0.00875,0.008039,0.016789
82530,2019-09-09,0.043515,0.008039,-0.035476
14960,2019-09-27,0.0,-0.007999,-0.007999
71640,2019-09-27,-0.024941,-0.007999,0.016942
82530,2019-09-27,0.028017,-0.007999,-0.036016
45060,2019-10-02,-0.026403,-0.007064,0.019338
69520,2019-10-02,0.001783,-0.007064,-0.008847
14820,2019-10-03,0.006692,-0.000193,-0.006885
25130,2019-10-07,0.0,0.001659,0.001659
71640,2019-10-07,0.01118,0.001659,-0.009521
25130,2019-10-08,-0.007913,0.000369,0.008282
45060,2019-10-08,0.008168,0.000369,-0.007799
63830,2019-10-08,0.007163,0.000369,-0.006794
65060,2019-10-08,-0.020253,0.000369,0.020622
77520,2019-10-08,-0.034773,0.000369,0.035142
89770,2019-10-08,0.01699,0.000369,-0.016621
15710,2019-10-16,0.002013,-0.003722,-0.005735
82530,2019-10-16,-0.006623,-0.003722,0.0029
15710,2019-10-24,-0.001359,0.001804,0.003163
82530,2019-10-24,-0.01089,0.001804,0.012694
13690,2019-11-01,0.017422,0.012114,-0.005308
77310,2019-11-01,0.026715,0.012114,-0.014601
82530,2019-11-01,0.009003,0.012114,0.00311
83040,2019-11-01,0.021152,0.012114,-0.009039
13690,2019-11-06,-0.000852,-0.002172,-0.00132
15800,2019-11-06,0.002604,-0.002172,-0.004776
89570,2019-11-06,-0.011203,-0.002172,0.009032
14820,2019-11-11,0.0,0.003277,0.003277
89570,2019-11-11,0.008678,0.003277,-0.005401
89770,2019-11-11,0.002857,0.003277,0.000419
34660,2019-11-20,0.011146,-0.001638,-0.012783
89770,2019-11-20,0.012062,-0.001638,-0.0137
14860,2019-11-28,-0.001887,-0.001888,-2e-06
34810,2019-11-28,0.001416,-0.001888,-0.003304
16560,2019-12-10,0.001582,0.002647,0.001065
34660,2019-12-10,0.010929,0.002647,-0.008282
38630,2019-12-10,-0.016071,0.002647,0.018717
45060,2019-12-10,0.014506,0.002647,-0.011859
77310,2019-12-10,-0.001373,0.002647,0.00402
77350,2019-12-10,-0.00271,0.002647,0.005357
83030,2019-12-10,-0.002381,0.002647,0.005028
13690,2019-12-16,0.005807,0.00298,-0.002826
16570,2019-12-16,0.005157,0.00298,-0.002177
16800,2019-12-16,0.006775,0.00298,-0.003794
24130,2019-12-16,0.024631,0.00298,-0.02165
33090,2019-12-16,-0.024044,0.00298,0.027024
69520,2019-12-16,0.007907,0.00298,-0.004927
77310,2019-12-16,-0.00944,0.00298,0.012421
83040,2019-12-16,0.010468,0.00298,-0.007487
13290,2019-12-17,-0.002414,0.003894,0.006307
16800,2019-12-17,-0.002617,0.003894,0.00651
13690,2019-12-18,-0.006606,-0.005741,0.000865
16800,2019-12-18,-0.003373,-0.005741,-0.002368
25550,2019-12-18,0.003752,-0.005741,-0.009493
34810,2019-12-18,-0.004298,-0.005741,-0.001443
40040,2019-12-18,-0.043421,-0.005741,0.03768
14820,2019-12-24,0.001293,0.00197,0.000677
14860,2019-12-24,0.007601,0.00197,-0.005631
14870,2019-12-24,0.013151,0.00197,-0.011181
34810,2019-12-24,-0.001411,0.00197,0.003381
16560,2020-01-07,-0.004736,0.003617,0.008353
16800,2020-01-07,-0.016339,0.003617,0.019956
34810,2020-01-07,-0.005556,0.003617,0.009173
16560,2020-01-15,0.003147,0.002182,-0.000965
24130,2020-01-15,-0.01791,0.002182,0.020092
65060,2020-01-15,-0.014739,0.002182,0.016921
77310,2020-01-15,-0.008689,0.002182,0.010871
77520,2020-01-15,-0.011905,0.002182,0.014087
83030,2020-01-15,-0.003098,0.002182,0.00528
83040,2020-01-15,-0.002058,0.002182,0.00424
16570,2020-01-21,-0.00451,-8e-05,0.00443
34810,2020-01-21,-0.005502,-8e-05,0.005422
77520,2020-01-21,-0.006359,-8e-05,0.006279
16560,2020-01-22,0.000392,0.001627,0.001235
16570,2020-01-27,-0.006751,-0.010633,-0.003882
34660,2020-01-27,0.007812,-0.010633,-0.018446
40040,2020-01-27,-0.023264,-0.010633,0.012631
16550,2020-01-29,-0.001949,-0.006518,-0.004569
16560,2020-01-29,0.003502,-0.006518,-0.01002
34810,2020-01-29,0.00651,-0.006518,-0.013028
89570,2020-01-29,-0.007477,-0.006518,0.000959
14970,2020-01-31,-0.001676,-0.016969,-0.015293
16570,2020-01-31,-0.017662,-0.016969,0.000693
25170,2020-01-31,0.001543,-0.016969,-0.018512
25220,2020-01-31,-0.018182,-0.016969,0.001213
69520,2020-01-31,-0.054814,-0.016969,0.037845
77350,2020-01-31,-0.032841,-0.016969,0.015872
77620,2020-01-31,-0.015152,-0.016969,-0.001817
83040,2020-01-31,0.018333,-0.016969,-0.035301
25140,2020-02-13,-0.000833,-0.006646,-0.005813
25150,2020-02-13,0.008072,-0.006646,-0.014718
77310,2020-02-13,-0.013061,-0.006646,0.006415
77350,2020-02-13,0.005944,-0.006646,-0.01259
89770,2020-02-13,0.0,-0.006646,-0.006646
14960,2020-02-17,-0.005052,-0.00923,-0.004178
16560,2020-02-17,-0.000768,-0.00923,-0.008462
25130,2020-02-17,-0.004181,-0.00923,-0.005049
25140,2020-02-17,0.0,-0.00923,-0.00923
34660,2020-02-17,-0.006557,-0.00923,-0.002673
34810,2020-02-17,0.015951,-0.00923,-0.025181
47040,2020-02-17,-0.005017,-0.00923,-0.004213
62680,2020-02-17,0.0,-0.00923,-0.00923
77310,2020-02-17,0.006768,-0.00923,-0.015998
77520,2020-02-17,-0.006211,-0.00923,-0.003019
82530,2020-02-17,0.010422,-0.00923,-0.019652
83040,2020-02-17,0.013158,-0.00923,-0.022388
89570,2020-02-17,0.003357,-0.00923,-0.012587
89670,2020-02-17,0.003135,-0.00923,-0.012365
16560,2020-02-19,0.011167,0.012198,0.001031
25130,2020-02-19,0.014298,0.012198,-0.0021
33090,2020-02-19,-0.004237,0.012198,0.016435
47040,2020-02-19,0.042105,0.012198,-0.029907
77350,2020-02-19,0.020767,0.012198,-0.008569
77520,2020-02-19,0.003552,0.012198,0.008645
16560,2020-02-26,-0.007092,-0.004623,0.002469
25110,2020-02-26,-0.003968,-0.004623,-0.000655
25140,2020-02-26,-0.02255,-0.004623,0.017926
25220,2020-02-26,-0.032693,-0.004623,0.02807
34810,2020-02-26,-0.018182,-0.004623,0.013558
79360,2020-02-26,-0.009591,-0.004623,0.004967
15470,2020-02-28,-0.02849,-0.028098,0.000392
15780,2020-02-28,-0.049714,-0.028098,0.021616
16770,2020-02-28,-0.011765,-0.028098,-0.016333
25150,2020-02-28,0.001942,-0.028098,-0.03004
25580,2020-02-28,-0.025696,-0.028098,-0.002402
47040,2020-02-28,-0.041516,-0.028098,0.013418
77520,2020-02-28,-0.021825,-0.028098,-0.006273
82530,2020-02-28,-0.019708,-0.028098,-0.00839
89670,2020-02-28,-0.060958,-0.028098,0.03286
15470,2020-03-02,0.065982,0.0676,0.001617
24130,2020-03-02,0.098182,0.0676,-0.030582
25220,2020-03-02,0.050964,0.0676,0.016635
47040,2020-03-02,0.030132,0.0676,0.037468
77520,2020-03-02,0.054767,0.0676,0.012833
89770,2020-03-02,0.095646,0.0676,-0.028047
14820,2020-03-09,-0.010518,-0.074589,-0.06407
25150,2020-03-09,-0.018595,-0.074589,-0.055994
34660,2020-03-09,-0.104507,-0.074589,0.029918
14820,2020-03-10,-0.023622,0.055369,0.078991
77350,2020-03-10,0.036885,0.055369,0.018484
83030,2020-03-10,0.061088,0.055369,-0.005719
89770,2020-03-10,0.017718,0.055369,0.037651
15690,2020-03-17,-0.056391,0.081624,0.138015
33090,2020-03-17,0.078203,0.081624,0.003421
34810,2020-03-17,0.125635,0.081624,-0.044012
89570,2020-03-17,0.0424,0.081624,0.039224
15690,2020-03-18,-0.018592,-0.004997,0.013595
15800,2020-03-18,0.001972,-0.004997,-0.00697
32820,2020-03-18,-0.080044,-0.004997,0.075047
33090,2020-03-18,-0.135802,-0.004997,0.130805
34810,2020-03-18,-0.053548,-0.004997,0.048551
89770,2020-03-18,-0.110619,-0.004997,0.105622
13060,2020-03-27,-0.018,-0.026303,-0.008303
13080,2020-03-27,-0.018792,-0.026303,-0.007511
13460,2020-03-27,-0.025265,-0.026303,-0.001038
13480,2020-03-27,-0.01745,-0.026303,-0.008853
14730,2020-03-27,-0.01511,-0.026303,-0.011193
34660,2020-03-27,-0.082232,-0.026303,0.055929
89770,2020-03-27,-0.063793,-0.026303,0.03749
13060,2020-03-31,-0.031936,-0.017856,0.01408
13480,2020-03-31,-0.032886,-0.017856,0.01503
14750,2020-03-31,-0.03399,-0.017856,0.016134
68570,2020-03-31,-0.028681,-0.017856,0.010825
13060,2020-04-01,-0.033677,-0.033953,-0.000276
13210,2020-04-01,-0.03874,-0.033953,0.004787
14560,2020-04-01,0.039456,-0.033953,-0.073409
32820,2020-04-01,-0.091205,-0.033953,0.057252
13210,2020-04-02,0.003224,-0.00721,-0.010434
14750,2020-04-02,-0.00365,-0.00721,-0.00356
14960,2020-04-02,-0.028722,-0.00721,0.021512
47040,2020-04-02,-0.018887,-0.00721,0.011677
13060,2020-04-07,0.000677,0.009852,0.009175
13080,2020-04-07,0.002053,0.009852,0.007798
13210,2020-04-07,0.001519,0.009852,0.008333
13480,2020-04-07,0.002734,0.009852,0.007118
14570,2020-04-07,-0.001263,0.009852,0.011114
14730,2020-04-07,-0.007682,0.009852,0.017533
16560,2020-04-07,-0.007611,0.009852,0.017463
34810,2020-04-07,0.03271,0.009852,-0.022859
68570,2020-04-07,0.044364,0.009852,-0.034512
69760,2020-04-07,-0.000359,0.009852,0.010211
82530,2020-04-07,0.015697,0.009852,-0.005845
13060,2020-04-17,-0.00727,-0.000241,0.007029
13080,2020-04-17,-0.008672,-0.000241,0.008431
13480,2020-04-17,-0.008667,-0.000241,0.008426
15910,2020-04-17,-0.00613,-0.000241,0.005889
15930,2020-04-17,-0.008246,-0.000241,0.008005
19630,2020-04-17,0.020661,-0.000241,-0.020902
23710,2020-04-17,0.021335,-0.000241,-0.021576
33090,2020-04-17,-0.008929,-0.000241,0.008688
45070,2020-04-17,-0.012385,-0.000241,0.012144
47040,2020-04-17,-0.041584,-0.000241,0.041343
67240,2020-04-17,0.003887,-0.000241,-0.004128
69520,2020-04-17,0.020661,-0.000241,-0.020902
77620,2020-04-17,-0.011236,-0.000241,0.010995
82530,2020-04-17,0.029384,-0.000241,-0.029625
96840,2020-04-17,-0.040385,-0.000241,0.040144
14820,2020-06-08,0.00323,0.006413,0.003184
34810,2020-06-08,-0.003871,0.006413,0.010284
45070,2020-06-08,0.017203,0.006413,-0.01079
14860,2020-06-10,-0.008422,0.000823,0.009245
68570,2020-06-10,0.015228,0.000823,-0.014406
89770,2020-06-10,-0.02,0.000823,0.020823
14860,2020-06-11,0.003129,-0.053037,-0.056166
14870,2020-06-11,0.005061,-0.053037,-0.058097
18780,2020-06-11,-0.051382,-0.053037,-0.001655
67240,2020-06-11,-0.046343,-0.053037,-0.006694
14870,2020-06-23,-0.003027,-0.000488,0.002539
32260,2020-06-23,-0.007812,-0.000488,0.007324
33090,2020-06-23,-0.005587,-0.000488,0.005098
34810,2020-06-23,-0.014249,-0.000488,0.013761
45070,2020-06-23,-0.008465,-0.000488,0.007977
68570,2020-06-23,-0.006601,-0.000488,0.006112
14820,2020-06-25,-0.000795,0.004201,0.004996
89570,2020-06-25,0.010101,0.004201,-0.0059
16560,2020-07-06,-0.002565,0.018921,0.021486
47550,2020-07-06,0.037234,0.018921,-0.018313
14870,2020-07-07,0.014773,-0.00335,-0.018124
45070,2020-07-07,-0.018547,-0.00335,0.015197
47550,2020-07-07,0.022564,-0.00335,-0.025914
77010,2020-07-07,-0.017905,-0.00335,0.014555
25110,2020-07-10,0.001996,-0.003822,-0.005818
34660,2020-07-10,-0.01166,-0.003822,0.007839
34810,2020-07-10,-0.001138,-0.003822,-0.002684
67240,2020-07-10,0.004146,-0.003822,-0.007968
89570,2020-07-10,-0.001425,-0.003822,-0.002397
25210,2020-07-20,0.005305,0.001562,-0.003743
77010,2020-07-20,0.001727,0.001562,-0.000166
82330,2020-07-20,-0.01107,0.001562,0.012632
89640,2020-07-20,-0.004724,0.001562,0.006286
16570,2020-07-27,0.007703,0.008127,0.000424
25110,2020-07-27,-0.002959,0.008127,0.011085
34660,2020-07-27,0.027778,0.008127,-0.019651
56310,2020-07-27,0.011328,0.008127,-0.003201
61410,2020-07-27,0.001592,0.008127,0.006534
82330,2020-07-27,0.001263,0.008127,0.006864
89640,2020-07-27,-0.00974,0.008127,0.017867
89770,2020-07-27,-0.000854,0.008127,0.008981
13690,2020-07-30,-0.008459,-0.011922,-0.003463
25120,2020-07-30,0.001876,-0.011922,-0.013799
45070,2020-07-30,0.001398,-0.011922,-0.013321
47680,2020-07-30,-0.009091,-0.011922,-0.002832
61410,2020-07-30,-0.042893,-0.011922,0.030971
63020,2020-07-30,-0.043917,-0.011922,0.031995
64810,2020-07-30,-0.027767,-0.011922,0.015845
67280,2020-07-30,-0.01072,-0.011922,-0.001203
77520,2020-07-30,-0.048209,-0.011922,0.036287
83040,2020-07-30,-0.032813,-0.011922,0.020891
16570,2020-08-03,0.01168,0.017007,0.005327
40040,2020-08-03,0.005016,0.017007,0.011991
64720,2020-08-03,0.0,0.017007,0.017007
69760,2020-08-03,0.011834,0.017007,0.005173
25210,2020-08-11,-0.005102,0.013346,0.018448
33090,2020-08-11,0.001431,0.013346,0.011915
40040,2020-08-11,0.022978,0.013346,-0.009632
45070,2020-08-11,0.006075,0.013346,0.007271
64810,2020-08-11,0.040833,0.013346,-0.027487
69760,2020-08-11,0.013678,0.013346,-0.000332
82330,2020-08-11,0.035714,0.013346,-0.022368
89640,2020-08-11,-0.018957,0.013346,0.032303
25140,2020-08-17,0.00945,-0.001301,-0.010751
25630,2020-08-17,0.004579,-0.001301,-0.005879
33090,2020-08-17,-0.011315,-0.001301,0.010015
40040,2020-08-17,-0.019375,-0.001301,0.018074
47040,2020-08-17,0.0,-0.001301,-0.001301
49010,2020-08-17,0.006736,-0.001301,-0.008037
56310,2020-08-17,-0.020196,-0.001301,0.018895
69760,2020-08-17,-0.004808,-0.001301,0.003507
79360,2020-08-17,-0.013897,-0.001301,0.012596
82330,2020-08-17,-0.010843,-0.001301,0.009543
25110,2020-08-24,-0.001963,0.008719,0.010682
25130,2020-08-24,0.010545,0.008719,-0.001826
32820,2020-08-24,-0.010339,0.008719,0.019058
40040,2020-08-24,0.011364,0.008719,-0.002645
14960,2020-08-28,0.004189,-0.006538,-0.010727
25210,2020-08-28,0.009812,-0.006538,-0.01635
89640,2020-08-28,0.001422,-0.006538,-0.007961
14960,2020-09-09,0.003788,0.011524,0.007736
25610,2020-09-09,0.001465,0.011524,0.010059
40040,2020-09-09,0.015385,0.011524,-0.003861
14960,2020-09-11,0.001885,0.011177,0.009293
25620,2020-09-11,0.007541,0.011177,0.003636
32820,2020-09-11,0.001626,0.011177,0.009551
34810,2020-09-11,0.013269,0.011177,-0.002092
65060,2020-09-11,0.008838,0.011177,0.002339
13980,2020-09-14,0.006965,0.004875,-0.00209
15470,2020-09-14,0.002571,0.004875,0.002304
25620,2020-09-14,0.006653,0.004875,-0.001778
32260,2020-09-14,0.001639,0.004875,0.003236
33090,2020-09-14,0.0,0.004875,0.004875
47550,2020-09-14,0.030594,0.004875,-0.025719
61410,2020-09-14,-0.015199,0.004875,0.020074
89640,2020-09-14,-0.002874,0.004875,0.007748
89770,2020-09-14,0.001711,0.004875,0.003164
25300,2020-09-23,-0.012658,-0.000313,0.012345
33090,2020-09-23,0.008253,-0.000313,-0.008566
40040,2020-09-23,-0.00241,-0.000313,0.002097
89670,2020-09-23,0.023422,-0.000313,-0.023735
23790,2020-10-06,0.021076,-0.003189,-0.024265
25110,2020-10-06,0.000999,-0.003189,-0.004188
25130,2020-10-06,-0.011525,-0.003189,0.008336
25200,2020-10-06,0.004024,-0.003189,-0.007213
40040,2020-10-06,0.022881,-0.003189,-0.02607
46660,2020-10-06,-0.021727,-0.003189,0.018538
47040,2020-10-06,-0.02044,-0.003189,0.017251
47680,2020-10-06,0.021195,-0.003189,-0.024384
49120,2020-10-06,0.001422,-0.003189,-0.004611
51010,2020-10-06,0.011214,-0.003189,-0.014403
64810,2020-10-06,0.000754,-0.003189,-0.003943
67230,2020-10-06,-0.004884,-0.003189,0.001695
69520,2020-10-06,-0.018626,-0.003189,0.015437
73090,2020-10-06,-0.031392,-0.003189,0.028203
77310,2020-10-06,0.014286,-0.003189,-0.017475
79560,2020-10-06,-0.009288,-0.003189,0.006099
82530,2020-10-06,0.0,-0.003189,-0.003189
89570,2020-10-06,0.011266,-0.003189,-0.014455
37650,2020-10-09,-0.016735,-0.000449,0.016285
40610,2020-10-09,-0.00936,-0.000449,0.008911
56310,2020-10-09,-0.010294,-0.000449,0.009845
64720,2020-10-09,-0.033019,-0.000449,0.03257
69520,2020-10-09,-0.021726,-0.000449,0.021277
69760,2020-10-09,0.009859,-0.000449,-0.010308
77310,2020-10-09,-0.009901,-0.000449,0.009452
77620,2020-10-09,-0.041812,-0.000449,0.041363
79560,2020-10-09,-0.00198,-0.000449,0.001531
96840,2020-10-09,0.013595,-0.000449,-0.014044
25210,2020-10-13,-0.004839,-0.003431,0.001408
51050,2020-10-13,-0.022874,-0.003431,0.019443
64720,2020-10-13,-0.009756,-0.003431,0.006325
65060,2020-10-13,0.017943,-0.003431,-0.021373
69760,2020-10-13,0.026536,-0.003431,-0.029967
77510,2020-10-13,0.006845,-0.003431,-0.010276
82670,2020-10-13,0.001911,-0.003431,-0.005342
21270,2020-10-16,0.0,-0.007019,-0.007019
37650,2020-10-16,-0.011463,-0.007019,0.004443
40610,2020-10-16,0.030744,-0.007019,-0.037764
69760,2020-10-16,0.009459,-0.007019,-0.016479
77520,2020-10-16,0.027231,-0.007019,-0.034251
77620,2020-10-16,0.011321,-0.007019,-0.01834
82530,2020-10-16,0.00766,-0.007019,-0.014679
89770,2020-10-16,-0.008987,-0.007019,0.001968
13300,2020-10-20,0.000821,0.001277,0.000455
25260,2020-10-20,-0.001343,0.001277,0.00262
37650,2020-10-20,0.032579,0.001277,-0.031303
69760,2020-10-20,0.01436,0.001277,-0.013084
13690,2020-11-02,0.029703,0.015189,-0.014514
16770,2020-11-02,-0.003937,0.015189,0.019126
25140,2020-11-02,0.039286,0.015189,-0.024097
25690,2020-11-02,0.027652,0.015189,-0.012463
34660,2020-11-02,0.000615,0.015189,0.014575
69760,2020-11-02,-0.003932,0.015189,0.019121
89570,2020-11-02,0.021337,0.015189,-0.006148
89640,2020-11-02,0.014286,0.015189,0.000903
89670,2020-11-02,0.004482,0.015189,0.010707
25110,2020-11-04,0.003021,0.006209,0.003188
25690,2020-11-04,0.043053,0.006209,-0.036843
67240,2020-11-04,-0.005645,0.006209,0.011855
25200,2020-11-06,0.014395,0.009231,-0.005164
25610,2020-11-06,0.0,0.009231,0.009231
25630,2020-11-06,0.011459,0.009231,-0.002227
40040,2020-11-06,0.036314,0.009231,-0.027083
45870,2020-11-06,-0.003922,0.009231,0.013153
67240,2020-11-06,0.059984,0.009231,-0.050752
69760,2020-11-06,0.024643,0.009231,-0.015412
25630,2020-11-11,0.00959,0.007189,-0.002401
25690,2020-11-11,0.023844,0.007189,-0.016654
89570,2020-11-11,0.006601,0.007189,0.000589
25610,2020-11-16,0.0,0.005057,0.005057
34810,2020-11-16,-0.032688,0.005057,0.037744
69760,2020-11-16,0.020808,0.005057,-0.015751
25240,2020-11-19,0.006893,-0.002826,-0.009718
25120,2020-11-20,-0.000943,0.01837,0.019313
25130,2020-11-20,0.020513,0.01837,-0.002143
25150,2020-11-20,0.013514,0.01837,0.004856
21270,2020-11-30,0.049931,-0.010696,-0.060627
25610,2020-11-30,-0.000366,-0.010696,-0.01033
25620,2020-11-30,-0.005414,-0.010696,-0.005283
34660,2020-11-30,0.000641,-0.010696,-0.011337
89640,2020-11-30,-0.011749,-0.010696,0.001053
89670,2020-11-30,0.015922,-0.010696,-0.026618
25110,2020-12-02,0.000997,0.000804,-0.000193
34810,2020-12-02,-0.017478,0.000804,0.018282
69520,2020-12-02,0.02952,0.000804,-0.028717
14870,2020-12-09,0.0,0.001773,0.001773
25120,2020-12-09,-0.000947,0.001773,0.00272
34810,2020-12-09,0.001275,0.001773,0.000498
25610,2020-12-21,0.000731,-0.01112,-0.011851
33090,2020-12-21,-0.006757,-0.01112,-0.004364
25550,2020-12-23,0.006282,0.003158,-0.003124
45870,2020-12-23,0.015066,0.003158,-0.011908
49020,2020-12-23,-0.015625,0.003158,0.018783
69760,2020-12-23,0.017372,0.003158,-0.014214
13640,2021-01-05,-0.001203,0.003426,0.004629
77510,2021-01-05,0.010554,0.003426,-0.007128
25260,2021-01-13,0.002933,0.003943,0.00101
25610,2021-01-13,-0.000733,0.003943,0.004676
25260,2021-01-15,-0.016792,-0.008988,0.007804
47040,2021-01-15,0.001727,-0.008988,-0.010715
64810,2021-01-15,-0.048649,-0.008988,0.03966
25610,2021-01-21,0.0,0.000779,0.000779
34660,2021-01-21,-0.026627,0.000779,0.027406
49020,2021-01-21,-0.027523,0.000779,0.028302
21270,2021-01-22,-0.018581,0.005225,0.023806
25610,2021-01-22,0.0,0.005225,0.005225
25620,2021-01-22,-0.002607,0.005225,0.007832
34660,2021-01-22,0.003647,0.005225,0.001577
47680,2021-01-22,0.02947,0.005225,-0.024245
25120,2021-01-26,0.0,-0.002114,-0.002114
25110,2021-02-02,-0.001986,0.01231,0.014297
25120,2021-02-02,-0.001903,0.01231,0.014213
32820,2021-02-02,-0.014232,0.01231,0.026543
34810,2021-02-02,0.00121,0.01231,0.0111
25120,2021-02-05,-0.000954,0.008823,0.009777
32260,2021-02-05,0.006944,0.008823,0.001878
33090,2021-02-05,0.026042,0.008823,-0.017219
69520,2021-02-05,0.029231,0.008823,-0.020408
89570,2021-02-05,0.008333,0.008823,0.000489
89640,2021-02-05,0.011299,0.008823,-0.002477
13970,2021-02-16,0.004926,-0.003488,-0.008414
69520,2021-02-16,-0.007078,-0.003488,0.00359
69760,2021-02-16,0.008726,-0.003488,-0.012214
23790,2021-02-19,-0.013093,0.004588,0.017681
25550,2021-02-19,0.021672,0.004588,-0.017084
47040,2021-02-19,-0.008621,0.004588,0.013209
96840,2021-02-19,-0.017673,0.004588,0.022261
13300,2021-02-24,0.006452,0.000163,-0.006289
25130,2021-02-24,0.019099,0.000163,-0.018936
25540,2021-02-24,-0.000977,0.000163,0.00114
49020,2021-02-24,0.027473,0.000163,-0.02731
61410,2021-02-24,0.022599,0.000163,-0.022436
69520,2021-02-24,0.015474,0.000163,-0.015311
75320,2021-02-24,0.037959,0.000163,-0.037796
14140,2021-03-02,0.004228,-0.007992,-0.01222
25790,2021-03-02,-0.021579,-0.007992,0.013587
32820,2021-03-02,0.004658,-0.007992,-0.01265
47040,2021-03-02,-0.056604,-0.007992,0.048612
49190,2021-03-02,0.001642,-0.007992,-0.009634
53010,2021-03-02,0.02122,-0.007992,-0.029212
64650,2021-03-02,-0.01134,-0.007992,0.003349
74530,2021-03-02,0.038862,-0.007992,-0.046854
25620,2021-03-04,-0.008922,-0.005329,0.003593
32260,2021-03-04,-0.010239,-0.005329,0.00491
33090,2021-03-04,0.004773,-0.005329,-0.010103
89640,2021-03-04,0.007361,-0.005329,-0.01269
25650,2021-03-08,-0.023166,-0.003547,0.019619
32820,2021-03-08,0.011363,-0.003547,-0.01491
34810,2021-03-08,-0.011125,-0.003547,0.007578
13290,2021-03-19,-0.017857,0.00765,0.025507
64650,2021-03-19,-0.021401,0.00765,0.029051
13290,2021-03-22,0.0,0.004054,0.004054
34660,2021-03-22,-0.006728,0.004054,0.010782
25120,2021-03-23,0.002953,-0.019501,-0.022453
25130,2021-03-23,-0.009531,-0.019501,-0.00997
25540,2021-03-23,0.001992,-0.019501,-0.021493
30480,2021-03-23,-0.021588,-0.019501,0.002088
49110,2021-03-23,-0.040037,-0.019501,0.020536
65060,2021-03-23,-0.03525,-0.019501,0.01575
77470,2021-03-23,-0.00318,-0.019501,-0.016321
89570,2021-03-23,-0.005504,-0.019501,-0.013997
14820,2021-03-25,-0.000856,0.013618,0.014474
14870,2021-03-25,-0.000548,0.013618,0.014166
14870,2021-03-29,-0.003853,-0.015125,-0.011272
25120,2021-03-29,-0.001963,-0.015125,-0.013162
25540,2021-03-29,-0.000997,-0.015125,-0.014128
47040,2021-03-29,0.018018,-0.015125,-0.033143
74530,2021-03-29,-0.024615,-0.015125,0.009491
25120,2021-04-05,0.000982,0.00495,0.003967
25130,2021-04-05,0.002821,0.00495,0.002129
25140,2021-04-05,0.007908,0.00495,-0.002958
32820,2021-04-05,-0.001502,0.00495,0.006451
14140,2021-04-06,0.006091,-0.011679,-0.01777
14730,2021-04-06,-0.014778,-0.011679,0.0031
25130,2021-04-06,-0.00211,-0.011679,-0.009569
25140,2021-04-06,0.00214,-0.011679,-0.013818
25790,2021-04-06,-0.027441,-0.011679,0.015762
34660,2021-04-06,-0.01481,-0.011679,0.003132
36590,2021-04-06,-0.044295,-0.011679,0.032617
40450,2021-04-06,-0.022489,-0.011679,0.01081
47040,2021-04-06,-0.008945,-0.011679,-0.002734
49110,2021-04-06,-0.022868,-0.011679,0.01119
49190,2021-04-06,-0.013072,-0.011679,0.001393
53010,2021-04-06,-0.003819,-0.011679,-0.00786
64650,2021-04-06,-0.000971,-0.011679,-0.010708
65060,2021-04-06,0.001712,-0.011679,-0.013391
74530,2021-04-06,-0.012425,-0.011679,0.000746
79360,2021-04-06,-0.004459,-0.011679,-0.007219
89570,2021-04-06,-0.005348,-0.011679,-0.006331
14870,2021-04-14,-0.001645,-0.001834,-0.000189
61410,2021-04-14,0.00884,-0.001834,-0.010674
14870,2021-04-15,0.006041,0.002969,-0.003072
25130,2021-04-15,0.006988,0.002969,-0.004019
25540,2021-04-15,0.002976,0.002969,-7e-06
25620,2021-04-15,0.007524,0.002969,-0.004555
25620,2021-04-22,-0.008817,-0.001538,0.007279
15500,2021-04-23,0.009288,0.003288,-0.006
89570,2021-04-23,0.006615,0.003288,-0.003327
25540,2021-04-30,0.000991,0.002285,0.001294
89570,2021-04-30,0.007027,0.002285,-0.004742
89670,2021-04-30,-0.003164,0.002285,0.00545
25690,2021-05-10,-0.029531,-0.002244,0.027286
25690,2021-05-11,0.000417,-0.012104,-0.01252
25620,2021-05-14,0.011205,0.007847,-0.003359
25690,2021-05-14,0.021601,0.007847,-0.013754
89570,2021-05-14,0.012534,0.007847,-0.004687
25120,2021-05-19,0.000992,0.005541,0.004549
25190,2021-05-19,0.001963,0.005541,0.003579
25540,2021-05-19,-0.002964,0.005541,0.008506
26300,2021-05-27,0.004608,0.001281,-0.003328
26340,2021-05-31,-0.001882,-0.001777,0.000105
89670,2021-05-31,0.001626,-0.001777,-0.003404
13290,2021-06-01,-0.01194,1.6e-05,0.011956
13970,2021-06-09,-0.005479,0.000387,0.005866
39010,2021-06-09,0.011457,0.000387,-0.01107
26300,2021-06-16,-0.008219,0.001504,0.009723
33090,2021-06-16,-0.001091,0.001504,0.002594
25540,2021-06-23,0.000993,-0.001943,-0.002936
77620,2021-06-23,-0.007126,-0.001943,0.005183
25540,2021-06-30,0.003964,-0.003124,-0.007088
13970,2021-07-06,-0.015571,-0.006584,0.008987
14870,2021-07-06,0.011376,-0.006584,-0.01796
14870,2021-07-07,-0.004821,-0.000919,0.003902
32790,2021-07-07,-0.007604,-0.000919,0.006686
89870,2021-07-07,0.002532,-0.000919,-0.00345
89560,2021-07-08,-0.009685,-0.018293,-0.008607
25540,2021-07-14,0.002962,0.0021,-0.000861
34660,2021-07-14,0.010654,0.0021,-0.008554
16570,2021-07-16,-0.008157,-0.001081,0.007076
25540,2021-07-16,0.001969,-0.001081,-0.003049
25120,2021-07-19,0.006796,-0.013107,-0.019903
25120,2021-07-26,0.0,0.000156,0.000156
14880,2021-08-11,-0.001808,0.004377,0.006185
14880,2021-08-12,0.003623,-0.002426,-0.006049
26250,2021-08-12,-0.001527,-0.002426,-0.000899
70040,2021-08-12,-0.00479,-0.002426,0.002365
14880,2021-08-13,-0.002708,-0.00294,-0.000232
25690,2021-08-13,0.002952,-0.00294,-0.005892
25690,2021-08-19,0.003745,-0.006276,-0.010022
46660,2021-08-19,-0.02614,-0.006276,0.019864
89670,2021-08-19,0.001453,-0.006276,-0.007729
26300,2021-08-31,-0.001708,0.005956,0.007664
32260,2021-08-31,-0.016442,0.005956,0.022399
32790,2021-08-31,-0.024313,0.005956,0.03027
33090,2021-08-31,-0.032124,0.005956,0.038081
34810,2021-08-31,-0.009597,0.005956,0.015553
89870,2021-08-31,-0.028359,0.005956,0.034316
15970,2021-09-03,0.004977,0.013785,0.008808
22060,2021-09-03,0.007143,0.013785,0.006642
25010,2021-09-03,0.021633,0.013785,-0.007848
32260,2021-09-03,-0.007564,0.013785,0.021349
33090,2021-09-03,0.00325,0.013785,0.010535
46660,2021-09-03,-0.003749,0.013785,0.017534
49110,2021-09-03,0.024805,0.013785,-0.01102
49120,2021-09-03,0.008976,0.013785,0.004809
51050,2021-09-03,0.037018,0.013785,-0.023233
52010,2021-09-03,0.005464,0.013785,0.00832
52140,2021-09-03,0.027731,0.013785,-0.013946
64650,2021-09-03,0.017143,0.013785,-0.003358
65920,2021-09-03,0.030928,0.013785,-0.017143
77510,2021-09-03,0.00512,0.013785,0.008665
79360,2021-09-03,0.023714,0.013785,-0.009929
79560,2021-09-03,0.01092,0.013785,0.002865
89770,2021-09-03,0.007766,0.013785,0.006019
26340,2021-09-08,-0.006114,0.003608,0.009722
32790,2021-09-08,0.01764,0.003608,-0.014032
34660,2021-09-08,0.015361,0.003608,-0.011753
70040,2021-09-08,0.003417,0.003608,0.000191
89670,2021-09-08,-0.001457,0.003608,0.005065
89770,2021-09-08,0.009047,0.003608,-0.005439
89870,2021-09-08,-0.002807,0.003608,0.006415
25610,2021-09-10,0.0,0.009554,0.009554
89770,2021-09-10,-0.007147,0.009554,0.016701
16560,2021-10-04,-0.000756,-0.023594,-0.022838
32920,2021-10-04,0.002703,-0.023594,-0.026297
25190,2021-10-18,0.0,-0.000538,-0.000538
25540,2021-10-18,-0.00498,-0.000538,0.004442
26340,2021-10-18,-0.002643,-0.000538,0.002105
32920,2021-10-18,0.00712,-0.000538,-0.007658
89570,2021-10-18,0.003178,-0.000538,-0.003716
89770,2021-10-18,0.008358,-0.000538,-0.008896
25540,2021-10-22,0.002006,0.000887,-0.001119
45070,2021-10-22,-0.009309,0.000887,0.010196
65060,2021-10-22,-0.003071,0.000887,0.003958
69520,2021-10-22,0.009834,0.000887,-0.008947
77620,2021-10-22,0.00789,0.000887,-0.007002
95010,2021-10-22,-0.014577,0.000887,0.015465
16550,2021-11-11,0.003953,0.001367,-0.002585
95010,2021-11-11,-0.006557,0.001367,0.007925
25540,2021-11-19,-0.003992,-0.002394,0.001598
25620,2021-11-19,-0.023697,-0.002394,0.021303
45070,2021-11-19,0.042981,-0.002394,-0.045375
25110,2021-11-29,-0.001468,0.001702,0.00317
25120,2021-11-29,-0.001961,0.001702,0.003663
25130,2021-11-29,0.010474,0.001702,-0.008773
25110,2021-11-30,-0.00098,-0.017954,-0.016974
25120,2021-11-30,0.003438,-0.017954,-0.021392
25130,2021-11-30,-0.018293,-0.017954,0.000338
25150,2021-11-30,-0.025943,-0.017954,0.007989
25190,2021-11-30,-0.003867,-0.017954,-0.014088
25210,2021-11-30,-0.016835,-0.017954,-0.001119
25540,2021-11-30,-0.002107,-0.017954,-0.015848
25620,2021-11-30,-0.021454,-0.017954,0.0035
26340,2021-11-30,-0.016317,-0.017954,-0.001637
95010,2021-11-30,-0.016234,-0.017954,-0.00172
25150,2021-12-07,0.010244,0.022066,0.011822
25540,2021-12-07,-0.002014,0.022066,0.02408
25630,2021-12-07,0.018704,0.022066,0.003362
26320,2021-12-07,0.031693,0.022066,-0.009627
13290,2021-12-09,-0.009707,-0.002668,0.007039
25150,2021-12-09,-0.012048,-0.002668,0.00938
25540,2021-12-09,0.002737,-0.002668,-0.005405
26340,2021-12-09,-0.005047,-0.002668,0.002379
33090,2021-12-09,-0.002367,-0.002668,-0.000302
34660,2021-12-09,0.01875,-0.002668,-0.021418
34810,2021-12-09,0.020534,-0.002668,-0.023203
89560,2021-12-09,-0.003958,-0.002668,0.001289
89570,2021-12-09,0.017607,-0.002668,-0.020276
89770,2021-12-09,0.006854,-0.002668,-0.009522
89870,2021-12-09,-0.003613,-0.002668,0.000944
25540,2021-12-14,-0.007741,-0.007049,0.000692
25150,2021-12-16,0.004292,-0.007594,-0.011886
25540,2021-12-16,0.004138,-0.007594,-0.011732
95010,2021-12-16,0.013158,-0.007594,-0.020752
16530,2021-12-27,0.004811,-0.003535,-0.008346
32790,2021-12-27,0.004945,-0.003535,-0.00848
89870,2021-12-27,0.003737,-0.003535,-0.007272
25540,2022-01-04,-0.000506,-6e-06,0.0005
65060,2022-01-04,0.007005,-6e-06,-0.007011
69520,2022-01-04,0.020791,-6e-06,-0.020797
77520,2022-01-04,0.0092,-6e-06,-0.009205
77620,2022-01-04,0.013944,-6e-06,-0.01395
25150,2022-01-12,-0.000387,0.007891,0.008278
25190,2022-01-12,-0.006238,0.007891,0.014129
25200,2022-01-12,0.0096,0.007891,-0.001709
25540,2022-01-12,0.003062,0.007891,0.004829
26320,2022-01-12,0.005433,0.007891,0.002458
25110,2022-01-13,-0.000491,-0.013456,-0.012965
25540,2022-01-13,0.000814,-0.013456,-0.01427
26320,2022-01-13,-0.0266,-0.013456,0.013145
65060,2022-01-13,-0.064103,-0.013456,0.050647
25550,2022-01-20,-0.036491,0.000184,0.036675
65060,2022-01-20,-0.001007,0.000184,0.001191
25130,2022-01-21,-0.012917,0.000737,0.013655
25150,2022-01-21,-0.02694,0.000737,0.027677
25540,2022-01-21,-0.000307,0.000737,0.001044
26340,2022-01-21,-0.021179,0.000737,0.021916
69520,2022-01-21,0.009682,0.000737,-0.008945
25120,2022-02-01,-0.001302,-0.000625,0.000677
25130,2022-02-01,0.011285,-0.000625,-0.01191
25150,2022-02-01,-0.004389,-0.000625,0.003765
25540,2022-02-01,-0.002984,-0.000625,0.002359
65060,2022-02-01,-0.010309,-0.000625,0.009684
45870,2022-02-22,-0.024476,-0.007115,0.017361
69200,2022-02-22,-0.010521,-0.007115,0.003406
77510,2022-02-22,-0.01136,-0.007115,0.004245
79360,2022-02-22,0.005415,-0.007115,-0.01253
25130,2022-02-25,0.012111,0.013602,0.001491
26320,2022-02-25,-0.002857,0.013602,0.016459
26340,2022-02-25,0.00532,0.013602,0.008282
32790,2022-02-25,0.001299,0.013602,0.012303
32920,2022-02-25,0.010669,0.013602,0.002934
34660,2022-02-25,-0.013245,0.013602,0.026847
89560,2022-02-25,0.005424,0.013602,0.008178
89570,2022-02-25,-0.006711,0.013602,0.020314
89770,2022-02-25,-0.004178,0.013602,0.01778
89870,2022-02-25,0.009623,0.013602,0.003979
22120,2022-03-02,-0.035691,0.006364,0.042056
34660,2022-03-02,0.014908,0.006364,-0.008543
34810,2022-03-02,0.011494,0.006364,-0.00513
44520,2022-03-02,-0.007808,0.006364,0.014173
49120,2022-03-02,-0.006821,0.006364,0.013186
49220,2022-03-02,-0.010736,0.006364,0.017101
51050,2022-03-02,0.019661,0.006364,-0.013297
51100,2022-03-02,0.001855,0.006364,0.004509
52010,2022-03-02,-0.036036,0.006364,0.042401
52140,2022-03-02,-0.004058,0.006364,0.010422
53010,2022-03-02,0.024302,0.006364,-0.017938
65060,2022-03-02,0.02063,0.006364,-0.014265
69200,2022-03-02,0.009268,0.006364,-0.002904
77510,2022-03-02,-0.00113,0.006364,0.007494
95010,2022-03-02,0.0,0.006364,0.006364
96270,2022-03-02,0.009449,0.006364,-0.003084
19280,2022-03-03,0.0,-0.008713,-0.008713
22120,2022-03-03,0.012113,-0.008713,-0.020826
30640,2022-03-03,0.00614,-0.008713,-0.014853
34810,2022-03-03,0.011363,-0.008713,-0.020076
44520,2022-03-03,-0.011324,-0.008713,0.002612
47680,2022-03-03,-0.010345,-0.008713,0.001632
49120,2022-03-03,-0.010989,-0.008713,0.002276
51050,2022-03-03,-0.00133,-0.008713,-0.007383
52140,2022-03-03,-0.009259,-0.008713,0.000547
53010,2022-03-03,-0.009666,-0.008713,0.000954
65060,2022-03-03,-0.012766,-0.008713,0.004053
65320,2022-03-03,-0.049332,-0.008713,0.040619
77300,2022-03-03,-0.009662,-0.008713,0.000949
82330,2022-03-03,0.018519,-0.008713,-0.027231
96270,2022-03-03,-0.018721,-0.008713,0.010008
25580,2022-03-07,-0.015952,-0.021534,-0.005582
52140,2022-03-07,-0.041828,-0.021534,0.020294
53010,2022-03-07,-0.033119,-0.021534,0.011585
65060,2022-03-07,-0.038462,-0.021534,0.016927
95010,2022-03-07,-0.026316,-0.021534,0.004782
25130,2022-03-10,-0.004944,0.000183,0.005127
52010,2022-03-10,0.017778,0.000183,-0.017594
25190,2022-04-01,0.024066,0.007426,-0.016641
33090,2022-04-01,0.028571,0.007426,-0.021146
44520,2022-04-01,0.012955,0.007426,-0.00553
45070,2022-04-01,-0.018452,0.007426,0.025878
49220,2022-04-01,0.0415,0.007426,-0.034075
65060,2022-04-01,-0.010571,0.007426,0.017997
65320,2022-04-01,0.002252,0.007426,0.005173
82330,2022-04-01,0.015571,0.007426,-0.008145
14760,2022-04-06,-0.005266,-0.013378,-0.008113
33090,2022-04-06,-0.004878,-0.013378,-0.0085
34810,2022-04-06,0.007329,-0.013378,-0.020708
44520,2022-04-06,-0.015314,-0.013378,0.001936
49120,2022-04-06,-0.017765,-0.013378,0.004386
14760,2022-04-08,-0.014472,-0.00344,0.011032
25130,2022-04-08,-0.002929,-0.00344,-0.000511
25140,2022-04-08,-0.000995,-0.00344,-0.002445
25210,2022-04-08,-0.005407,-0.00344,0.001967
25630,2022-04-08,-0.00579,-0.00344,0.00235
34810,2022-04-08,-0.01589,-0.00344,0.01245
45070,2022-04-08,-0.01206,-0.00344,0.00862
95010,2022-04-08,0.050132,-0.00344,-0.053572
98610,2022-04-08,-0.006313,-0.00344,0.002873
25540,2022-04-20,0.001647,-0.003166,-0.004812
32260,2022-04-20,-0.014107,-0.003166,0.010941
32790,2022-04-20,-0.00949,-0.003166,0.006324
25120,2022-04-21,-0.004873,-0.006026,-0.001153
25210,2022-04-21,-0.021781,-0.006026,0.015755
25540,2022-04-21,-0.005042,-0.006026,-0.000985
33090,2022-04-21,0.002541,-0.006026,-0.008568
25130,2022-04-28,0.003919,0.006851,0.002932
25200,2022-04-28,0.01458,0.006851,-0.007729
25620,2022-05-09,-0.010123,-0.016675,-0.006553
26300,2022-05-09,-0.020883,-0.016675,0.004207
33090,2022-05-09,0.014249,-0.016675,-0.030924
25540,2022-05-12,-0.000554,-0.008971,-0.008417
47550,2022-05-12,-0.01487,-0.008971,0.005899
25210,2022-05-16,-0.00713,-0.01061,-0.003479
25540,2022-05-16,-0.002426,-0.01061,-0.008183
26470,2022-05-16,0.001172,-0.01061,-0.011781
25540,2022-05-18,-0.001997,-0.013862,-0.011865
25580,2022-05-18,-0.054516,-0.013862,0.040653
26300,2022-05-18,-0.045066,-0.013862,0.031204
34810,2022-05-18,-0.004325,-0.013862,-0.009538
14870,2022-05-24,0.013288,-0.008721,-0.022009
14870,2022-05-25,-0.00122,-0.003734,-0.002514
25150,2022-05-25,0.006866,-0.003734,-0.0106
25190,2022-05-25,-0.002759,-0.003734,-0.000974
25540,2022-05-25,0.003867,-0.003734,-0.0076
52320,2022-05-25,-0.001531,-0.003734,-0.002202
25120,2022-06-01,0.001101,0.007575,0.006474
25130,2022-06-01,-0.003948,0.007575,0.011523
32260,2022-06-01,-0.001502,0.007575,0.009076
32790,2022-06-01,0.004872,0.007575,0.002703
33090,2022-06-01,-0.002513,0.007575,0.010088
34810,2022-06-01,0.003185,0.007575,0.00439
89560,2022-06-01,-0.009204,0.007575,0.016779
26300,2022-06-06,0.017486,0.010696,-0.00679
33090,2022-06-06,0.003764,0.010696,0.006932
89570,2022-06-06,-0.004128,0.010696,0.014824
14870,2022-06-09,0.000938,-0.002747,-0.003685
25120,2022-06-09,-0.0049,-0.002747,0.002153
32920,2022-06-09,-0.003878,-0.002747,0.001131
34660,2022-06-09,0.007295,-0.002747,-0.010042
34810,2022-06-09,0.002155,-0.002747,-0.004902
52320,2022-06-09,0.027778,-0.002747,-0.030525
89570,2022-06-09,0.005658,-0.002747,-0.008406
25140,2022-06-15,0.018883,-0.00128,-0.020162
25150,2022-06-15,0.008761,-0.00128,-0.010041
25540,2022-06-15,0.007218,-0.00128,-0.008498
63700,2022-06-15,0.009843,-0.00128,-0.011122
89570,2022-06-15,-0.014807,-0.00128,0.013527
25130,2022-06-16,-0.037718,-0.023874,0.013844
25140,2022-06-16,-0.027799,-0.023874,0.003925
25150,2022-06-16,-0.018197,-0.023874,-0.005677
25540,2022-06-16,0.001251,-0.023874,-0.025125
34660,2022-06-16,-0.009529,-0.023874,-0.014344
25120,2022-06-23,0.007673,0.007342,-0.000331
57070,2022-06-23,-0.015158,0.007342,0.022501
14820,2022-06-24,-0.007339,0.01701,0.024348
25120,2022-06-24,-0.002016,0.01701,0.019025
25630,2022-06-24,0.029881,0.01701,-0.012872
26340,2022-06-24,0.039788,0.01701,-0.022778
32790,2022-06-24,0.00125,0.01701,0.015759
57070,2022-06-24,0.027985,0.01701,-0.010975
89770,2022-06-24,0.007612,0.01701,0.009397
14820,2022-06-27,-0.002957,-0.002585,0.000372
25210,2022-06-27,0.001853,-0.002585,-0.004437
25630,2022-06-27,-0.000795,-0.002585,-0.00179
26300,2022-06-27,0.002413,-0.002585,-0.004997
26340,2022-06-27,-0.00051,-0.002585,-0.002075
26470,2022-06-27,0.00038,-0.002585,-0.002965
28410,2022-06-27,-0.004734,-0.002585,0.002149
32790,2022-06-27,0.014981,-0.002585,-0.017566
45070,2022-06-27,0.007157,-0.002585,-0.009742
89560,2022-06-27,0.007586,-0.002585,-0.010171
89770,2022-06-27,0.004808,-0.002585,-0.007393
25540,2022-06-29,0.00125,0.006934,0.005684
28410,2022-07-19,0.030773,0.009819,-0.020954
32920,2022-07-19,0.002594,0.009819,0.007225
34810,2022-07-19,0.00106,0.009819,0.008759
47550,2022-07-19,-0.001577,0.009819,0.011396
15470,2022-07-25,-0.00068,-0.001498,-0.000818
25580,2022-07-25,-0.000323,-0.001498,-0.001175
69520,2022-07-25,0.005503,-0.001498,-0.007001
15550,2022-07-27,0.0,0.004796,0.004796
25540,2022-07-27,0.003927,0.004796,0.000868
25580,2022-07-27,0.01094,0.004796,-0.006144
28380,2022-07-27,0.001466,0.004796,0.00333
33090,2022-07-27,0.00369,0.004796,0.001105
89530,2022-07-27,0.013096,0.004796,-0.008301
89560,2022-07-27,0.003392,0.004796,0.001403
25540,2022-08-15,0.001558,-0.000443,-0.002001
57070,2022-08-15,-0.014023,-0.000443,0.013579
89560,2022-08-15,0.001359,-0.000443,-0.001802
25540,2022-08-19,-0.00557,-0.007006,-0.001436
25120,2022-08-29,-0.002929,0.008732,0.011661
89770,2022-08-29,0.005829,0.008732,0.002903
14860,2022-09-02,0.00107,-0.00921,-0.01028
95010,2022-09-02,-0.007533,-0.00921,-0.001677
14860,2022-09-05,0.000641,0.005243,0.004601
25610,2022-09-05,0.000776,0.005243,0.004467
30860,2022-09-08,0.02418,0.005418,-0.018762
40040,2022-09-08,0.026798,0.005418,-0.02138
44520,2022-09-08,0.015553,0.005418,-0.010135
51050,2022-09-08,0.002967,0.005418,0.002451
53010,2022-09-08,0.014896,0.005418,-0.009478
63260,2022-09-08,0.018824,0.005418,-0.013405
65320,2022-09-08,0.007326,0.005418,-0.001908
77300,2022-09-08,0.029686,0.005418,-0.024268
82330,2022-09-08,0.026382,0.005418,-0.020964
88040,2022-09-08,0.0,0.005418,0.005418
89570,2022-09-08,0.001009,0.005418,0.004409
14860,2022-09-12,-0.006757,0.002662,0.009419
25210,2022-09-12,0.010357,0.002662,-0.007695
34810,2022-09-12,0.005224,0.002662,-0.002562
14140,2022-09-14,0.003263,0.007912,0.004649
25540,2022-09-14,0.000461,0.007912,0.00745
30860,2022-09-14,0.018364,0.007912,-0.010452
34660,2022-09-14,-0.005784,0.007912,0.013695
44520,2022-09-14,-0.003772,0.007912,0.011683
49110,2022-09-14,0.011178,0.007912,-0.003266
49120,2022-09-14,-0.002463,0.007912,0.010375
51050,2022-09-14,0.001205,0.007912,0.006707
52010,2022-09-14,0.009484,0.007912,-0.001572
53010,2022-09-14,0.010913,0.007912,-0.003001
61360,2022-09-14,-0.011992,0.007912,0.019903
63260,2022-09-14,0.002764,0.007912,0.005148
64810,2022-09-14,-0.002976,0.007912,0.010888
65060,2022-09-14,0.001092,0.007912,0.00682
65320,2022-09-14,-0.003654,0.007912,0.011566
74530,2022-09-14,0.015601,0.007912,-0.007689
76490,2022-09-14,0.001689,0.007912,0.006223
77300,2022-09-14,0.02739,0.007912,-0.019478
77510,2022-09-14,0.005819,0.007912,0.002092
82330,2022-09-14,0.016245,0.007912,-0.008334
85700,2022-09-14,0.006085,0.007912,0.001827
88040,2022-09-14,0.012784,0.007912,-0.004872
96010,2022-09-14,0.005932,0.007912,0.00198
96270,2022-09-14,-0.013393,0.007912,0.021305
25120,2022-09-26,-0.016517,-0.007807,0.00871
25540,2022-09-26,-0.006353,-0.007807,-0.001454
67030,2022-09-26,-0.016901,-0.007807,0.009094
28410,2022-11-07,0.020847,0.004108,-0.01674
32260,2022-11-07,-0.023923,0.004108,0.028031
33090,2022-11-07,-0.005025,0.004108,0.009133
89530,2022-11-07,-0.011091,0.004108,0.015198
89670,2022-11-07,-0.013825,0.004108,0.017933
25110,2022-11-10,0.000493,0.012609,0.012116
68570,2022-11-10,0.1067,0.012609,-0.094091
26200,2022-11-14,0.008453,-0.005557,-0.01401
26200,2022-11-16,0.002606,0.000782,-0.001824
26300,2022-11-16,-0.004092,0.000782,0.004874
68570,2022-11-16,-0.025082,0.000782,0.025864
89530,2022-11-16,0.008563,0.000782,-0.007782
26300,2022-11-18,0.003424,0.001806,-0.001619
26320,2022-11-18,-0.001057,0.001806,0.002862
96270,2023-01-13,-0.023649,-0.003456,0.020193
26300,2023-02-28,-0.007501,-0.000637,0.006864
32790,2023-02-28,-0.005083,-0.000637,0.004445
33090,2023-02-28,-0.004149,-0.000637,0.003512
34660,2023-02-28,-0.007038,-0.000637,0.0064
89560,2023-02-28,0.005174,-0.000637,-0.005811
89770,2023-02-28,-0.006224,-0.000637,0.005587
25930,2023-03-06,-0.025668,0.00123,0.026899
33090,2023-03-06,0.004219,0.00123,-0.002989
51100,2023-03-06,0.0,0.00123,0.00123
61410,2023-03-06,0.011086,0.00123,-0.009856
73090,2023-03-06,0.009493,0.00123,-0.008263
82330,2023-03-06,0.005664,0.00123,-0.004434
25930,2023-03-08,0.00678,0.009198,0.002418
32790,2023-03-08,-0.002618,0.009198,0.011815
33910,2023-03-08,0.02291,0.009198,-0.013712
52010,2023-03-08,0.007843,0.009198,0.001355
61410,2023-03-08,0.022222,0.009198,-0.013024
65060,2023-03-08,0.034234,0.009198,-0.025036
65320,2023-03-08,0.02669,0.009198,-0.017493
68570,2023-03-08,0.028751,0.009198,-0.019553
88040,2023-03-08,0.035024,0.009198,-0.025826
23790,2023-04-13,0.062222,0.007746,-0.054477
30640,2023-04-13,0.043678,0.007746,-0.035933
49800,2023-04-13,0.000463,0.007746,0.007282
77620,2023-04-13,0.0,0.007746,0.007746
68570,2023-04-27,0.00565,0.010584,0.004934
14860,2023-05-08,-0.006446,0.007116,0.013561
33090,2023-05-08,0.010417,0.007116,-0.003301
39010,2023-05-08,-0.020842,0.007116,0.027958
16770,2023-06-19,-0.000576,0.001803,0.002378
72610,2023-06-19,-0.016193,0.001803,0.017996
89670,2023-06-19,-0.012385,0.001803,0.014187
26200,2023-07-20,-0.000642,-0.003955,-0.003313
89570,2023-07-26,0.018088,-0.002304,-0.020392
26320,2023-07-27,-0.005023,-0.003481,0.001542
32920,2023-07-27,-0.038217,-0.003481,0.034736
68570,2023-07-27,0.022384,-0.003481,-0.025865
89670,2023-07-27,-0.032051,-0.003481,0.02857
14760,2023-08-17,-0.003665,-0.007358,-0.003693
89670,2023-08-17,-0.001015,-0.007358,-0.006343
14760,2023-08-18,-0.000525,0.000362,0.000887
26300,2023-08-18,0.001426,0.000362,-0.001064
30380,2023-09-12,0.025713,0.002707,-0.023007
39010,2023-09-12,-0.001623,0.002707,0.00433
40040,2023-09-12,0.003953,0.002707,-0.001246
45870,2023-09-12,-0.008009,0.002707,0.010716
49120,2023-09-12,-0.004913,0.002707,0.00762
51050,2023-09-12,0.025928,0.002707,-0.023222
25020,2023-09-19,-0.007563,0.002899,0.010462
25790,2023-09-19,-0.001951,0.002899,0.00485
30640,2023-09-19,-0.011566,0.002899,0.014465
33490,2023-09-19,0.001584,0.002899,0.001315
33910,2023-09-19,-0.025,0.002899,0.027899
36970,2023-09-19,-0.035491,0.002899,0.038391
37650,2023-09-19,0.011987,0.002899,-0.009088
40450,2023-09-19,-0.01456,0.002899,0.017459
41510,2023-09-19,-0.000741,0.002899,0.00364
44520,2023-09-19,-0.009743,0.002899,0.012642
45870,2023-09-19,-0.012515,0.002899,0.015414
49110,2023-09-19,-0.002292,0.002899,0.005191
49220,2023-09-19,0.005518,0.002899,-0.002619
49670,2023-09-19,-0.007573,0.002899,0.010472
51050,2023-09-19,0.006911,0.002899,-0.004012
51100,2023-09-19,0.013318,0.002899,-0.010418
53010,2023-09-19,0.009091,0.002899,-0.006192
61360,2023-09-19,0.011172,0.002899,-0.008272
62680,2023-09-19,0.003814,0.002899,-0.000915
63260,2023-09-19,0.003344,0.002899,-0.000445
65320,2023-09-19,-0.0146,0.002899,0.017499
67230,2023-09-19,-0.026152,0.002899,0.029051
73090,2023-09-19,0.010079,0.002899,-0.007179
74530,2023-09-19,-0.004947,0.002899,0.007846
77300,2023-09-19,-0.014591,0.002899,0.01749
77470,2023-09-19,-0.025381,0.002899,0.02828
77510,2023-09-19,0.014795,0.002899,-0.011895
89570,2023-09-19,-0.004844,0.002899,0.007743
96270,2023-09-19,0.003487,0.002899,-0.000587
25140,2023-10-04,-0.006389,-0.003124,0.003264
33090,2023-10-26,-0.00122,-0.001418,-0.000199
89670,2023-10-26,-0.009568,-0.001418,0.00815
89720,2023-10-26,-0.018868,-0.001418,0.01745
33090,2023-10-27,-0.02442,0.004267,0.028687
89670,2023-10-27,0.010018,0.004267,-0.005751
89720,2023-10-27,-0.057396,0.004267,0.061663
89720,2023-10-31,0.01723,0.016706,-0.000524
36970,2023-11-07,0.071022,6.8e-05,-0.070954
47550,2023-11-07,-0.004054,6.8e-05,0.004123
67240,2023-11-07,-0.001393,6.8e-05,0.001461
77620,2023-11-07,0.006757,6.8e-05,-0.006688
26200,2024-01-10,0.004594,0.006971,0.002377
13300,2024-02-09,0.014052,0.0032,-0.010852
14860,2024-05-07,0.002103,0.001633,-0.00047
34010,2024-05-13,-0.030132,0.002195,0.032327
40610,2024-05-13,0.018355,0.002195,-0.01616
77620,2024-05-13,-0.033301,0.002195,0.035496
89720,2024-05-13,0.008872,0.002195,-0.006677
32950,2024-05-27,-0.008784,0.001792,0.010576
89580,2024-05-27,0.007897,0.001792,-0.006105
32920,2024-05-29,-0.011914,-0.019499,-0.007586
32950,2024-05-29,-0.020904,-0.019499,0.001404
34620,2024-05-29,-0.005479,-0.019499,-0.01402
89540,2024-05-29,-0.022967,-0.019499,0.003468
89560,2024-05-29,-0.00919,-0.019499,-0.01031
89580,2024-05-29,-0.012758,-0.019499,-0.006742
89770,2024-05-29,-0.032727,-0.019499,0.013228
25110,2024-07-16,0.00218,0.003095,0.000916
13200,2024-09-02,-0.008475,-0.004645,0.003829
22120,2024-09-06,-0.005435,-0.028754,-0.023319
76490,2024-09-06,-0.002913,-0.028754,-0.025841
96010,2024-09-06,-0.027142,-0.028754,-0.001611
22120,2024-09-10,0.016872,-0.002488,-0.01936
41860,2024-09-10,-0.004396,-0.002488,0.001908
43240,2024-09-10,-0.006065,-0.002488,0.003577
44520,2024-09-10,-0.030941,-0.002488,0.028453
45870,2024-09-10,0.010956,-0.002488,-0.013444
46660,2024-09-10,0.005667,-0.002488,-0.008155
47040,2024-09-10,-0.003151,-0.002488,0.000663
49120,2024-09-10,0.002587,-0.002488,-0.005075
51100,2024-09-10,-0.005312,-0.002488,0.002824
62680,2024-09-10,-0.020302,-0.002488,0.017814
63020,2024-09-10,-0.016549,-0.002488,0.014061
79360,2024-09-10,0.003691,-0.002488,-0.006179
82330,2024-09-10,-0.007596,-0.002488,0.005108
96010,2024-09-10,0.06416,-0.002488,-0.066647
19280,2024-09-12,0.004999,0.00266,-0.002339
22120,2024-09-12,-0.023847,0.00266,0.026507
25010,2024-09-12,0.005497,0.00266,-0.002837
25930,2024-09-12,-0.005597,0.00266,0.008257
34050,2024-09-12,0.051882,0.00266,-0.049222
36590,2024-09-12,0.00111,0.00266,0.00155
43240,2024-09-12,0.010276,0.00266,-0.007616
44520,2024-09-12,0.012358,0.00266,-0.009698
47680,2024-09-12,0.004,0.00266,-0.00134
51010,2024-09-12,0.005496,0.00266,-0.002836
51050,2024-09-12,-0.014335,0.00266,0.016995
61410,2024-09-12,-0.033153,0.00266,0.035812
63020,2024-09-12,-0.002416,0.00266,0.005076
64650,2024-09-12,-0.012474,0.00266,0.015133
64810,2024-09-12,-0.010467,0.00266,0.013127
77300,2024-09-12,-0.021858,0.00266,0.024518
65260,2024-10-10,-0.028121,-0.005724,0.022397
77310,2024-10-10,0.038661,-0.005724,-0.044385
77620,2024-10-10,-0.007277,-0.005724,0.001553
65260,2024-10-24,0.000919,0.002438,0.001519
43850,2025-01-17,0.006231,0.00537,-0.000861
45060,2025-01-17,0.036122,0.00537,-0.030752
65260,2025-01-17,-0.000991,0.00537,0.006361
30990,2025-02-12,0.01666,0.003527,-0.013133
43850,2025-02-12,-0.018483,0.003527,0.02201
56310,2025-02-12,0.072695,0.003527,-0.069168
69760,2025-02-12,0.009149,0.003527,-0.005622
19110,2025-03-11,-0.007548,0.003113,0.010661
25010,2025-03-11,0.029237,0.003113,-0.026124
30860,2025-03-11,0.018011,0.003113,-0.014898
49120,2025-03-11,-0.005117,0.003113,0.008229
51050,2025-03-11,0.006384,0.003113,-0.003271
65060,2025-03-11,-0.024927,0.003113,0.02804
74530,2025-03-11,0.081479,0.003113,-0.078366
76490,2025-03-11,0.014471,0.003113,-0.011358
77520,2025-03-11,0.017017,0.003113,-0.013904
91470,2025-03-11,-0.001855,0.003113,0.004968
96020,2025-03-11,0.028083,0.003113,-0.02497
45780,2025-03-13,-0.005243,-0.002256,0.002987
49110,2025-03-13,-0.032022,-0.002256,0.029766
51010,2025-03-13,-0.021867,-0.002256,0.019611
51100,2025-03-13,-0.000797,-0.002256,-0.001459
52010,2025-03-13,-0.010672,-0.002256,0.008416
64650,2025-03-13,0.002088,-0.002256,-0.004344
64810,2025-03-13,-0.025889,-0.002256,0.023633
65920,2025-03-13,-0.001459,-0.002256,-0.000797
74530,2025-03-13,-0.008905,-0.002256,0.006649
77300,2025-03-13,-0.009901,-0.002256,0.007645
77470,2025-03-13,-0.042297,-0.002256,0.04004
79360,2025-03-13,-0.026911,-0.002256,0.024655
79840,2025-03-13,-0.013923,-0.002256,0.011667
91470,2025-03-13,-0.008425,-0.002256,0.006169
96020,2025-03-13,0.002321,-0.002256,-0.004577
26300,2025-05-09,0.011675,0.008177,-0.003498
30380,2025-09-10,-0.010962,0.002461,0.013423
30860,2025-09-10,0.001419,0.002461,0.001041
40450,2025-09-10,-0.000322,0.002461,0.002783
43240,2025-09-10,0.011624,0.002461,-0.009164
49110,2025-09-10,-0.020833,0.002461,0.023294
52010,2025-09-10,-0.006233,0.002461,0.008694
64650,2025-09-10,-0.00741,0.002461,0.00987
65060,2025-09-10,0.011425,0.002461,-0.008964
65320,2025-09-10,-0.007463,0.002461,0.009923
72720,2025-09-10,-0.009778,0.002461,0.012238
77300,2025-09-10,-0.004648,0.002461,0.007108
30860,2025-09-12,0.002012,-0.001572,-0.003584
40450,2025-09-12,0.003831,-0.001572,-0.005404
46660,2025-09-12,0.002278,-0.001572,-0.00385
49120,2025-09-12,-0.006182,-0.001572,0.00461
51010,2025-09-12,-0.006315,-0.001572,0.004743
51050,2025-09-12,0.000742,-0.001572,-0.002314
51100,2025-09-12,-0.011842,-0.001572,0.01027
62680,2025-09-12,-0.024264,-0.001572,0.022692
64650,2025-09-12,0.005934,-0.001572,-0.007506
65320,2025-09-12,0.014786,-0.001572,-0.016358
65920,2025-09-12,-0.007797,-0.001572,0.006225
68560,2025-09-12,0.004503,-0.001572,-0.006075
72720,2025-09-12,0.007146,-0.001572,-0.008718
73090,2025-09-12,0.004403,-0.001572,-0.005975
74530,2025-09-12,-0.003077,-0.001572,0.001505
76490,2025-09-12,-0.002058,-0.001572,0.000485
77300,2025-09-12,-0.010853,-0.001572,0.009281
77470,2025-09-12,-0.018819,-0.001572,0.017247
79560,2025-09-12,-0.015343,-0.001572,0.013771
88040,2025-09-12,0.0,-0.001572,-0.001572
96020,2025-09-12,0.008981,-0.001572,-0.010554
31050,2025-09-16,0.002573,0.00237,-0.000203
40040,2025-09-16,-0.00993,0.00237,0.0123
69200,2025-09-16,-0.005049,0.00237,0.007419
77510,2025-09-16,-0.002712,0.00237,0.005082
89560,2025-09-16,0.004383,0.00237,-0.002013
89770,2025-09-16,0.002327,0.00237,4.3e-05
96020,2025-09-16,-0.005131,0.00237,0.007501
14140,2025-09-17,-0.002,-0.001567,0.000433
25790,2025-09-17,0.011257,-0.001567,-0.012824
30030,2025-09-17,0.005809,-0.001567,-0.007376
37650,2025-09-17,-0.005746,-0.001567,0.004179
40450,2025-09-17,-0.004487,-0.001567,0.00292
43240,2025-09-17,0.000623,-0.001567,-0.00219
46660,2025-09-17,-0.031477,-0.001567,0.02991
49120,2025-09-17,-0.005566,-0.001567,0.003999
51050,2025-09-17,-0.016606,-0.001567,0.015039
51100,2025-09-17,0.001079,-0.001567,-0.002646
52140,2025-09-17,0.003076,-0.001567,-0.004643
62680,2025-09-17,-0.019461,-0.001567,0.017894
63020,2025-09-17,-0.010942,-0.001567,0.009375
63830,2025-09-17,0.01883,-0.001567,-0.020397
64650,2025-09-17,-0.001035,-0.001567,-0.000532
64810,2025-09-17,0.007654,-0.001567,-0.009221
65320,2025-09-17,0.032513,-0.001567,-0.03408
65920,2025-09-17,0.0026,-0.001567,-0.004167
67280,2025-09-17,0.002932,-0.001567,-0.004499
67540,2025-09-17,-0.006867,-0.001567,0.0053
68560,2025-09-17,0.000409,-0.001567,-0.001976
69520,2025-09-17,0.003213,-0.001567,-0.00478
72720,2025-09-17,-0.002227,-0.001567,0.00066
73090,2025-09-17,-0.012573,-0.001567,0.011006
76490,2025-09-17,-0.005267,-0.001567,0.0037
77300,2025-09-17,0.001967,-0.001567,-0.003534
77310,2025-09-17,-0.000286,-0.001567,-0.001281
77470,2025-09-17,0.00283,-0.001567,-0.004397
78460,2025-09-17,-0.00595,-0.001567,0.004383
79560,2025-09-17,0.010052,-0.001567,-0.011619
22690,2025-11-19,-0.014076,0.006353,0.020428
22540,2023-12-25,-0.02381,-0.007711,0.016099
13650,2017-02-17,-0.005386,0.002769,0.008155
14580,2017-02-17,-0.006053,0.002769,0.008822
95170,2017-02-17,0.009158,0.002769,-0.006389
13570,2017-03-01,-0.040764,0.010825,0.051589
95170,2017-03-01,0.0249,0.010825,-0.014075
13650,2018-06-08,-0.010082,0.004718,0.0148
15700,2018-06-08,-0.011074,0.004718,0.015792
25160,2018-06-08,0.003509,0.004718,0.00121
81500,2018-06-08,-0.006075,0.004718,0.010793
13650,2018-09-07,-0.007884,0.000584,0.008468
15700,2018-09-07,-0.007035,0.000584,0.007619
25160,2018-09-07,0.009259,0.000584,-0.008676
68030,2018-09-07,0.027778,0.000584,-0.027194
15630,2018-10-31,0.011212,0.009853,-0.001358
15700,2018-10-31,0.013326,0.009853,-0.003473
25160,2018-10-31,0.016418,0.009853,-0.006564
36270,2018-10-31,0.102985,0.009853,-0.093132
87890,2018-10-31,0.043956,0.009853,-0.034103
94240,2018-10-31,0.014184,0.009853,-0.004331
14580,2018-11-08,-0.006066,-0.00037,0.005696
25160,2018-11-08,-0.005291,-0.00037,0.004921
86980,2018-11-08,-0.015444,-0.00037,0.015074
14580,2018-11-14,-0.017495,-0.01392,0.003575
47120,2018-11-14,-0.155405,-0.01392,0.141485
14580,2018-11-19,-0.011246,0.001002,0.012249
38070,2018-11-19,0.009868,0.001002,-0.008866
43440,2018-11-19,0.042553,0.001002,-0.041551
25160,2018-11-28,0.037736,0.012991,-0.024745
43440,2018-11-28,0.136964,0.012991,-0.123973
15630,2019-01-15,0.035421,0.017476,-0.017945
25160,2019-01-15,0.035503,0.017476,-0.018027
36270,2019-01-15,-0.001504,0.017476,0.01898
13650,2019-01-23,0.007126,0.004321,-0.002805
15630,2019-01-23,0.022679,0.004321,-0.018358
86140,2019-01-23,0.011561,0.004321,-0.00724
87890,2019-01-23,0.0,0.004321,0.004321
15680,2019-03-12,0.003159,0.003243,8.4e-05
15680,2019-07-23,0.024918,0.008376,-0.016542
29310,2019-07-23,0.008036,0.008376,0.00034
65840,2019-07-23,-0.059441,0.008376,0.067817
15790,2019-07-24,0.005056,0.002206,-0.00285
85620,2019-11-13,-0.144681,-0.005128,0.139553
13650,2020-02-21,-0.082437,-0.038869,0.043568
15700,2020-02-21,-0.081155,-0.038869,0.042287
45310,2020-02-21,-0.084507,-0.038869,0.045638
62550,2020-02-21,-0.029885,-0.038869,-0.008984
86140,2020-02-21,-0.04698,-0.038869,0.008111
14810,2020-04-30,-0.031375,-0.007706,0.023669
15700,2020-04-30,-0.032156,-0.007706,0.024451
25160,2020-04-30,-0.045381,-0.007706,0.037675
45310,2020-04-30,-0.068337,-0.007706,0.060631
13560,2020-06-18,-0.014063,0.005008,0.019071
13580,2020-06-18,0.012243,0.005008,-0.007234
14580,2020-06-18,0.016202,0.005008,-0.011193
15630,2020-06-18,0.008871,0.005008,-0.003863
15700,2020-06-18,0.012533,0.005008,-0.007524
15790,2020-06-18,0.013739,0.005008,-0.008731
25160,2020-06-18,0.010178,0.005008,-0.00517
31950,2020-06-18,0.027027,0.005008,-0.022019
94660,2020-06-18,-0.00202,0.005008,0.007028
13560,2020-06-19,0.016811,0.002035,-0.014776
15700,2020-06-19,-0.017535,0.002035,0.01957
25160,2020-06-19,-0.010076,0.002035,0.012111
14340,2020-06-26,-0.007092,-0.011863,-0.004771
15790,2020-06-26,-0.017561,-0.011863,0.005698
25160,2020-06-26,-0.037221,-0.011863,0.025358
78590,2020-06-26,-0.065574,-0.011863,0.053711
81010,2020-06-26,0.022293,-0.011863,-0.034156
86140,2020-06-26,-0.008197,-0.011863,-0.003666
94240,2020-06-26,0.063218,-0.011863,-0.075081
13650,2020-09-03,-0.03642,-0.017475,0.018944
15630,2020-09-03,-0.036345,-0.017475,0.01887
25160,2020-09-03,-0.045204,-0.017475,0.027729
89270,2020-09-03,0.004651,-0.017475,-0.022127
14580,2021-01-28,0.022337,0.0117,-0.010637
15630,2021-01-28,-0.004425,0.0117,0.016125
15700,2021-01-28,0.021667,0.0117,-0.009967
13670,2021-03-18,-0.00258,-0.000959,0.001621
16710,2021-03-18,-0.074926,-0.000959,0.073967
29310,2021-03-18,-0.011566,-0.000959,0.010607
14580,2021-04-05,0.007893,0.00495,-0.002944
15680,2021-04-05,0.006805,0.00495,-0.001856
16710,2021-04-05,-0.04,0.00495,0.04495
25160,2021-04-05,-0.010363,0.00495,0.015312
13560,2021-06-28,0.017825,-0.000276,-0.018101
13670,2021-06-28,-0.016333,-0.000276,0.016057
15630,2021-06-28,0.036662,-0.000276,-0.036938
69930,2021-06-28,0.226415,-0.000276,-0.226691
15630,2021-08-27,0.022459,0.00789,-0.014569
15680,2021-09-01,0.016454,0.004891,-0.011563
16710,2021-09-01,-0.004733,0.004891,0.009624
13580,2021-10-26,0.007789,0.00326,-0.004529
15630,2021-10-26,0.011641,0.00326,-0.008381
25160,2021-11-01,0.009185,0.001777,-0.007408
13580,2021-11-04,-0.007949,-0.000383,0.007567
13680,2021-11-04,-0.004905,-0.000383,0.004523
15180,2021-11-04,0.031447,-0.000383,-0.031829
15680,2021-11-04,0.003745,-0.000383,-0.004128
13580,2021-11-16,0.012862,0.002335,-0.010526
15180,2021-11-16,-0.032616,0.002335,0.034952
29310,2021-11-16,0.064588,0.002335,-0.062253
63380,2021-11-16,0.137881,0.002335,-0.135546
16710,2021-12-22,0.026284,0.00828,-0.018004
13670,2022-01-06,-0.01716,-0.004795,0.012365
81030,2022-01-06,0.052475,-0.004795,-0.05727
14580,2022-01-26,0.003392,0.004327,0.000935
36320,2022-01-26,0.046512,0.004327,-0.042184
78590,2022-01-26,-0.006623,0.004327,0.01095
14580,2022-02-02,-0.004575,0.011191,0.015766
66590,2022-02-02,0.052381,0.011191,-0.04119
77070,2022-02-02,-0.030822,0.011191,0.042013
15680,2022-03-17,0.002219,0.003575,0.001356
78970,2022-03-17,0.027322,0.003575,-0.023747
13560,2022-03-31,0.022945,-0.0044,-0.027344
14580,2022-03-31,-0.011686,-0.0044,0.007286
15680,2022-03-31,-0.018092,-0.0044,0.013693
78590,2022-03-31,0.00565,-0.0044,-0.010049
13560,2022-05-19,-0.020417,0.011016,0.031433
15630,2022-05-19,0.032088,0.011016,-0.021072
15680,2022-05-19,0.022738,0.011016,-0.011722
15790,2022-05-19,0.023222,0.011016,-0.012206
15680,2022-05-30,0.009918,0.009279,-0.000639
15790,2022-05-30,0.014855,0.009279,-0.005576
16990,2022-05-30,0.022291,0.009279,-0.013011
13560,2022-06-09,0.010577,-0.002747,-0.013324
13670,2022-06-09,-0.015199,-0.002747,0.012452
15630,2022-06-09,-0.007276,-0.002747,0.004529
15680,2022-06-09,-0.013866,-0.002747,0.011119
15790,2022-06-09,-0.011882,-0.002747,0.009135
16710,2022-06-09,-0.007032,-0.002747,0.004285
13600,2022-06-28,-0.002851,0.001761,0.004612
15680,2022-06-28,0.005765,0.001761,-0.004004
15700,2022-06-28,0.002607,0.001761,-0.000846
13600,2022-07-12,0.020855,-0.008226,-0.029081
14580,2022-07-12,-0.0211,-0.008226,0.012874
15630,2022-07-12,-0.017943,-0.008226,0.009717
15680,2022-07-12,-0.019531,-0.008226,0.011305
15700,2022-07-12,-0.021772,-0.008226,0.013546
15790,2022-07-12,-0.020365,-0.008226,0.012139
13580,2022-08-08,0.004029,0.000451,-0.003578
14580,2022-08-08,0.005204,0.000451,-0.004753
15680,2022-08-08,0.009648,0.000451,-0.009196
91190,2022-08-08,-0.04594,0.000451,0.046391
13650,2022-09-13,-0.05168,-0.015246,0.036434
13670,2022-09-13,-0.040435,-0.015246,0.025189
14580,2022-09-13,-0.052897,-0.015246,0.03765
15680,2022-09-13,-0.0395,-0.015246,0.024254
15700,2022-09-13,-0.053185,-0.015246,0.037938
25680,2022-09-13,-0.042784,-0.015246,0.027538
32710,2022-09-13,-0.004902,-0.015246,-0.010344
13580,2022-11-01,-0.002634,-0.001172,0.001462
15680,2022-11-01,0.002503,-0.001172,-0.003675
21380,2022-11-01,-0.009804,-0.001172,0.008632
13580,2022-11-09,-0.035491,-0.004944,0.030547
13660,2022-11-09,0.035437,-0.004944,-0.040381
15680,2022-11-09,-0.027247,-0.004944,0.022303
16790,2022-11-09,-0.012676,-0.004944,0.007732
73560,2022-11-09,-0.038462,-0.004944,0.033518
76100,2022-11-09,-0.036145,-0.004944,0.031201
77070,2022-11-09,0.003929,-0.004944,-0.008873
78590,2022-11-09,0.122195,-0.004944,-0.127139
15680,2022-11-24,0.000767,0.007698,0.006932
13600,2023-01-11,-0.011865,0.006756,0.018621
15680,2023-01-11,0.013141,0.006756,-0.006385
36640,2023-01-11,0.043956,0.006756,-0.037201
15790,2023-02-16,-0.012443,0.001617,0.01406
28600,2023-02-16,0.005558,0.001617,-0.003941
35630,2023-02-16,0.056196,0.001617,-0.054579
15680,2023-04-17,0.007499,0.000183,-0.007316
15700,2023-04-17,-0.000324,0.000183,0.000507
15790,2023-04-17,-0.00121,0.000183,0.001393
86130,2023-04-17,-0.006977,0.000183,0.00716
14180,2023-04-18,-0.124113,0.001942,0.126055
15680,2023-04-18,0.007071,0.001942,-0.005129
15700,2023-04-18,0.005827,0.001942,-0.003885
15790,2023-04-18,0.006057,0.001942,-0.004115
82020,2023-04-18,0.020761,0.001942,-0.018819
13560,2023-04-25,0.016605,-0.007082,-0.023687
14580,2023-04-25,-0.014177,-0.007082,0.007095
15680,2023-04-25,-0.016176,-0.007082,0.009094
15700,2023-04-25,-0.013149,-0.007082,0.006067
15790,2023-04-25,-0.01438,-0.007082,0.007298
25160,2023-04-25,-0.016704,-0.007082,0.009622
13580,2023-05-31,-0.012673,-0.006799,0.005874
15680,2023-05-31,-0.010771,-0.006799,0.003972
15790,2023-05-31,-0.013306,-0.006799,0.006507
36640,2023-05-31,0.024691,-0.006799,-0.03149
41680,2023-05-31,0.054475,-0.006799,-0.061274
15680,2023-07-20,-0.019065,-0.003955,0.01511
15700,2023-07-20,-0.032051,-0.003955,0.028097
13580,2023-07-25,-0.002674,-0.000282,0.002392
15680,2023-07-25,0.000296,-0.000282,-0.000578
25160,2023-07-25,-0.00633,-0.000282,0.006049
26320,2023-07-25,0.005517,-0.000282,-0.005799
36640,2023-07-25,-0.010989,-0.000282,0.010707
13670,2023-08-01,-0.011403,-0.002206,0.009198
15790,2023-08-01,-0.008532,-0.002206,0.006326
71840,2023-08-01,-0.062087,-0.002206,0.059881
13670,2023-08-02,-0.027163,-0.00961,0.017553
15680,2023-08-02,-0.027144,-0.00961,0.017534
15700,2023-08-02,-0.044057,-0.00961,0.034447
15790,2023-08-02,-0.044837,-0.00961,0.035227
16190,2023-08-02,-0.012013,-0.00961,0.002402
25160,2023-08-02,-0.024007,-0.00961,0.014396
71840,2023-08-02,-0.007042,-0.00961,-0.002568
89120,2023-08-02,-0.009346,-0.00961,-0.000264
15680,2023-09-04,0.015063,0.004277,-0.010786
43930,2023-09-04,-0.036207,0.004277,0.040484
71840,2023-09-04,0.017429,0.004277,-0.013153
15680,2023-09-08,-0.006861,0.000792,0.007652
15700,2023-09-08,-0.011081,0.000792,0.011873
43930,2023-09-08,0.015009,0.000792,-0.014218
14340,2023-10-20,0.002639,-0.001758,-0.004397
15630,2023-10-20,-0.009468,-0.001758,0.00771
15680,2023-10-20,-0.002116,-0.001758,0.000358
15790,2023-10-20,-0.005063,-0.001758,0.003305
26320,2023-10-20,-0.008806,-0.001758,0.007048
28450,2023-10-20,-0.008468,-0.001758,0.00671
14580,2023-10-26,-0.003552,-0.001418,0.002134
15630,2023-10-26,0.007459,-0.001418,-0.008877
13580,2023-11-07,-0.00296,6.8e-05,0.003028
36670,2023-11-07,0.018293,6.8e-05,-0.018224
14580,2023-11-10,0.028253,0.008088,-0.020166
24380,2023-11-10,-0.018414,0.008088,0.026501
28450,2023-11-10,0.021866,0.008088,-0.013778
14580,2024-01-05,0.028143,0.001871,-0.026272
29310,2024-01-05,-0.008559,0.001871,0.010431
65220,2024-01-05,-0.022091,0.001871,0.023963
13570,2024-01-10,-0.054455,0.006971,0.061426
13580,2024-01-10,0.062857,0.006971,-0.055886
14580,2024-01-10,0.063676,0.006971,-0.056705
15680,2024-01-10,0.05522,0.006971,-0.048249
26670,2024-01-10,-0.01199,0.006971,0.018961
13580,2024-04-19,-0.020985,-0.007367,0.013618
15630,2024-04-19,-0.022046,-0.007367,0.014679
15700,2024-04-19,-0.020416,-0.007367,0.013049
36670,2024-04-19,-0.009524,-0.007367,0.002157
39870,2024-04-19,-0.083333,-0.007367,0.075967
44250,2024-04-19,0.010929,-0.007367,-0.018295
15630,2024-04-25,-0.02462,-0.006808,0.017811
15700,2024-04-25,-0.009755,-0.006808,0.002947
44250,2024-04-25,-0.03039,-0.006808,0.023582
28450,2024-05-08,-0.002523,-2e-06,0.00252
94230,2024-05-08,-0.05,-2e-06,0.049998
14580,2024-05-28,-0.000896,-6.6e-05,0.000829
15630,2024-05-28,-0.007246,-6.6e-05,0.00718
15680,2024-05-28,0.000599,-6.6e-05,-0.000666
15700,2024-05-28,-0.00088,-6.6e-05,0.000814
15790,2024-05-28,-0.001318,-6.6e-05,0.001251
188A0,2024-05-28,-0.017857,-6.6e-05,0.017791
15630,2024-05-29,-0.050122,-0.019499,0.030622
15700,2024-05-29,-0.048458,-0.019499,0.028959
188A0,2024-05-29,-0.015311,-0.019499,-0.004188
15450,2024-06-20,-0.001876,0.003376,0.005252
15680,2024-06-20,0.008916,0.003376,-0.00554
15700,2024-06-20,0.011432,0.003376,-0.008056
45640,2024-06-20,-0.0625,0.003376,0.065876
13650,2024-06-28,0.015722,0.000467,-0.015255
14580,2024-06-28,0.015055,0.000467,-0.014588
15680,2024-06-28,0.024805,0.000467,-0.024338
15790,2024-06-28,0.017308,0.000467,-0.016841
28590,2024-06-28,0.000579,0.000467,-0.000112
77070,2024-08-19,0.060423,0.000781,-0.059642
13560,2024-10-04,-0.04148,0.01139,0.05287
15680,2024-10-04,0.040415,0.01139,-0.029026
28590,2024-10-04,0.018905,0.01139,-0.007515
13580,2024-10-16,0.01038,0.002162,-0.008218
26320,2024-10-16,-0.002274,0.002162,0.004435
13560,2024-10-30,0.002403,-0.001048,-0.003451
15680,2024-10-30,-0.003084,-0.001048,0.002036
26670,2024-10-30,0.044944,-0.001048,-0.045992
28450,2024-10-30,-0.013813,-0.001048,0.012765
15680,2024-11-06,0.058443,0.009512,-0.048931
28590,2024-11-06,-0.013919,0.009512,0.023431
15680,2024-11-21,-0.006383,0.001887,0.00827
26670,2024-11-21,0.014218,0.001887,-0.012331
282A0,2024-12-02,0.017454,0.002701,-0.014753
36670,2024-12-02,0.006173,0.002701,-0.003472
14720,2024-12-18,0.008368,-0.00963,-0.017998
26320,2024-12-18,-0.034847,-0.00963,0.025217
282A0,2024-12-18,0.002058,-0.00963,-0.011688
76150,2024-12-18,-0.012346,-0.00963,0.002716
13560,2024-12-27,-0.022903,0.010328,0.033232
13580,2024-12-27,0.037301,0.010328,-0.026972
15680,2024-12-27,0.021992,0.010328,-0.011663
282A0,2024-12-27,0.035211,0.010328,-0.024883
92270,2024-12-27,-0.014778,0.010328,0.025107
14660,2025-01-21,-0.005008,0.001636,0.006644
14720,2025-01-21,-0.004219,0.001636,0.005855
76100,2025-01-21,0.015748,0.001636,-0.014112
14660,2025-02-05,0.008621,0.003158,-0.005463
14720,2025-02-05,-0.004274,0.003158,0.007431
15680,2025-02-05,0.002556,0.003158,0.000601
29360,2025-02-05,0.043103,0.003158,-0.039946
13560,2025-02-10,0.0,0.009118,0.009118
14720,2025-02-10,0.0,0.009118,0.009118
15680,2025-02-10,-0.000861,0.009118,0.009979
26320,2025-02-10,0.009019,0.009118,9.9e-05
29360,2025-02-10,-0.030418,0.009118,0.039536
63240,2025-02-10,-0.021063,0.009118,0.030181
25680,2025-02-25,-0.016706,0.002085,0.018791
44250,2025-02-25,-0.059889,0.002085,0.061973
14690,2025-03-12,-0.02,0.009989,0.029989
15450,2025-03-12,0.013032,0.009989,-0.003043
25680,2025-03-12,0.013352,0.009989,-0.003363
14660,2025-04-10,0.074313,-0.028277,-0.102591
14690,2025-04-10,0.075079,-0.028277,-0.103356
15450,2025-04-10,-0.075088,-0.028277,0.04681
15680,2025-04-10,-0.0995,-0.028277,0.071223
28450,2025-04-10,-0.049054,-0.028277,0.020777
348A0,2025-04-10,-0.066038,-0.028277,0.03776
77460,2025-04-10,-0.006667,-0.028277,-0.021611
98540,2025-04-10,-0.032895,-0.028277,0.004617
22520,2025-05-09,0.007394,0.008177,0.000783
24320,2025-05-09,-0.115215,0.008177,0.123392
26670,2025-05-09,0.02765,0.008177,-0.019473
75240,2025-05-09,-0.042254,0.008177,0.05043
76100,2025-05-09,0.035971,0.008177,-0.027794
13670,2025-05-16,-0.007815,0.002143,0.009957
15450,2025-05-16,-0.004453,0.002143,0.006595
15680,2025-05-16,-0.007541,0.002143,0.009684
42880,2025-05-16,0.0,0.002143,0.002143
58050,2025-05-16,-0.01895,0.002143,0.021093
70030,2025-05-16,-0.049244,0.002143,0.051387
70710,2025-05-16,0.04328,0.002143,-0.041138
22520,2025-06-25,-0.003487,-0.000344,0.003143
28410,2025-06-25,0.003023,-0.000344,-0.003368
69930,2025-06-25,0.315789,-0.000344,-0.316134
13560,2025-06-26,-0.029347,0.003175,0.032522
76100,2025-06-26,-0.019868,0.003175,0.023042
94230,2025-06-26,0.023622,0.003175,-0.020447
13650,2025-06-27,0.031847,0.005988,-0.025859
15630,2025-06-27,0.007264,0.005988,-0.001276
15680,2025-06-27,0.028175,0.005988,-0.022187
94230,2025-06-27,-0.015385,0.005988,0.021373
13580,2025-07-24,-0.002126,0.003507,0.005633
13650,2025-07-24,-0.000652,0.003507,0.004159
15680,2025-07-24,0.004466,0.003507,-0.000959
15700,2025-07-24,-0.001003,0.003507,0.00451
51310,2025-07-24,-0.016484,0.003507,0.01999
69930,2025-07-24,0.015625,0.003507,-0.012118
76100,2025-07-24,0.007246,0.003507,-0.00374
13650,2025-08-01,-0.03774,-0.00624,0.0315
15680,2025-08-01,-0.034241,-0.00624,0.028002
15700,2025-08-01,-0.036959,-0.00624,0.030719
15790,2025-08-01,-0.044698,-0.00624,0.038458
16250,2025-08-01,-0.030607,-0.00624,0.024367
215A0,2025-08-01,-0.023325,-0.00624,0.017085
37780,2025-08-01,-0.036816,-0.00624,0.030576
13580,2025-09-05,0.013298,0.007761,-0.005536
13650,2025-09-05,0.012841,0.007761,-0.00508
14580,2025-09-05,0.011376,0.007761,-0.003614
15680,2025-09-05,0.014776,0.007761,-0.007014
15700,2025-09-05,0.021142,0.007761,-0.013381
13650,2025-09-09,-0.017956,-0.004924,0.013031
15680,2025-09-09,-0.018119,-0.004924,0.013195
15700,2025-09-09,-0.017288,-0.004924,0.012364
16330,2025-09-09,-0.009127,-0.004924,0.004202
13580,2025-09-12,0.003231,-0.001572,-0.004803
13650,2025-09-12,0.006251,-0.001572,-0.007823
15630,2025-09-12,-0.000413,-0.001572,-0.001159
15700,2025-09-12,0.004654,-0.001572,-0.006226
16710,2025-09-12,0.018336,-0.001572,-0.019908
13580,2025-10-21,-0.017089,-0.001388,0.015701
13650,2025-10-21,-0.0178,-0.001388,0.016412
14580,2025-10-21,-0.018077,-0.001388,0.016689
15420,2025-10-21,-0.132913,-0.001388,0.131525
15680,2025-10-21,-0.01167,-0.001388,0.010282
15700,2025-10-21,-0.018832,-0.001388,0.017444
70140,2025-10-21,0.005202,-0.001388,-0.00659
13580,2025-10-30,0.021081,0.0077,-0.013382
15680,2025-10-30,0.022325,0.0077,-0.014626
15700,2025-10-30,0.021817,0.0077,-0.014117
16330,2025-10-30,0.012661,0.0077,-0.004961
70140,2025-10-30,0.011742,0.0077,-0.004042
14580,2025-12-11,-0.008055,-0.005512,0.002543
15680,2025-12-11,-0.003928,-0.005512,-0.001584
45640,2025-12-11,-0.045455,-0.005512,0.039942
59890,2017-03-02,-0.009497,-0.002119,0.007378
15700,2018-01-26,-0.003099,0.003509,0.006608
15700,2018-01-29,-0.012433,-0.002496,0.009938
15700,2019-05-14,0.035838,0.021343,-0.014495
15700,2019-08-05,-0.077765,-0.039387,0.038378
13600,2020-07-22,0.030352,-0.007064,-0.037416
13600,2020-09-04,-0.001129,0.00959,0.010719
13600,2020-09-29,-0.007638,0.007491,0.015129
13600,2020-10-20,-0.0012,0.001277,0.002476
13600,2020-11-04,-0.016413,0.006209,0.022623
13600,2020-11-17,0.017804,-0.011179,-0.028984
13600,2020-12-02,0.010285,0.000804,-0.009481
13600,2020-12-14,0.003123,0.005006,0.001883
13600,2020-12-15,-0.012451,0.001151,0.013603
13600,2021-01-08,-0.025445,0.007939,0.033384
13600,2021-03-12,-0.035088,0.008701,0.043789
25160,2021-08-12,-0.021152,-0.002426,0.018726
15700,2021-09-30,-0.022142,-0.009878,0.012264
15700,2021-10-04,-0.078164,-0.023594,0.05457
15700,2021-11-29,0.01767,0.001702,-0.015968
15630,2021-12-03,0.026382,0.01385,-0.012532
15630,2021-12-20,0.005148,-0.008767,-0.013915
15630,2021-12-28,-0.020359,0.002406,0.022766
15630,2021-12-29,-0.006112,0.008538,0.014651
15630,2022-01-04,-0.004908,-6e-06,0.004902
15630,2022-01-06,0.002604,-0.004795,-0.007399
15630,2022-01-11,0.005848,0.004761,-0.001087
25160,2022-01-11,0.024376,0.004761,-0.019615
15630,2022-01-14,-0.004831,-0.002136,0.002695
15630,2022-01-26,0.030748,0.004327,-0.026421
15630,2022-01-28,0.001488,0.005686,0.004198
15630,2022-02-01,-0.012195,-0.000625,0.01157
15630,2022-02-02,0.028571,0.011191,-0.01738
15630,2022-02-08,0.010741,0.003246,-0.007495
15630,2022-02-09,0.038842,0.012329,-0.026513
15630,2022-02-14,-0.041776,0.000105,0.041881
15630,2022-02-15,0.013354,0.003258,-0.010096
15630,2022-02-16,-0.042636,-0.001082,0.041553
15630,2022-03-01,0.016078,-0.003581,-0.019659
15630,2022-03-02,0.036665,0.006364,-0.030301
15630,2022-03-03,-0.087118,-0.008713,0.078406
15630,2022-03-07,-0.045455,-0.021534,0.02392
15630,2022-03-08,0.037088,-0.003353,-0.040441
15630,2022-03-16,0.061114,0.015299,-0.045815
15630,2022-03-17,0.028157,0.003575,-0.024582
15790,2022-03-31,-0.01089,-0.0044,0.006491
15790,2022-04-01,0.003886,0.007426,0.00354
15630,2022-05-06,-0.052097,-0.001446,0.050651
15630,2022-05-09,-0.049837,-0.016675,0.033162
15630,2022-05-13,0.126471,0.023313,-0.103158
13570,2022-05-31,0.0,8.3e-05,8.3e-05
15630,2022-05-31,-0.018143,8.3e-05,0.018225
15630,2022-06-14,0.028205,0.004267,-0.023938
13570,2022-07-20,-0.015748,0.002017,0.017765
15700,2023-03-15,-0.056564,-0.017373,0.039191
15630,2023-07-03,-0.001094,0.001312,0.002406
15630,2023-07-07,0.002684,0.0049,0.002216
15630,2023-07-14,-0.016057,-0.00381,0.012247
15700,2023-12-11,0.023798,0.006232,-0.017565
15700,2024-04-17,-0.044358,-0.011936,0.032422
25160,2018-02-13,-0.056806,-0.020557,0.036249
25290,2019-10-04,-0.00829,0.007132,0.015422
25290,2019-12-16,0.005666,0.00298,-0.002685
15790,2023-06-16,0.022626,0.011912,-0.010715
15790,2023-03-07,0.001886,0.003055,0.00117
15790,2023-03-09,-0.021938,-0.004415,0.017522
15790,2023-03-10,-0.03053,-0.015682,0.014848
15790,2023-03-28,-0.0033,-0.005132,-0.001832
15790,2023-04-04,-0.006203,-0.008163,-0.001959
15790,2023-04-05,-0.033084,-0.014499,0.018585
15790,2023-04-10,0.014801,0.007056,-0.007745
15790,2023-04-17,-0.00121,0.000183,0.001393
15790,2023-04-20,0.007917,0.001558,-0.006359
15790,2023-04-24,0.004212,0.003266,-0.000946
15790,2023-05-02,-0.012111,0.00042,0.01253
15790,2023-05-11,0.001753,-0.000771,-0.002525
15790,2023-05-15,0.0181,0.001488,-0.016612
15790,2023-06-16,0.022626,0.011912,-0.010715
31560,2019-04-01,0.000971,0.007833,0.006862
31560,2019-04-02,0.00291,-0.012182,-0.015092
59740,2019-07-23,0.038113,0.008376,-0.029737
50740,2023-08-16,-0.023438,-0.006072,0.017366
51310,2025-06-30,-0.185654,-0.001686,0.183968
15510,2020-06-08,-0.001112,0.006413,0.007526
15630,2019-04-10,-0.003622,0.002912,0.006533
15680,2022-05-20,0.036751,0.012978,-0.023773
15680,2022-07-12,-0.019531,-0.008226,0.011305
15680,2022-11-04,0.005912,0.003372,-0.00254
15680,2022-11-10,0.046823,0.012609,-0.034214
13670,2025-01-06,-0.015426,-0.002414,0.013012
68030,2017-02-03,0.0,0.005645,0.005645
25160,2018-03-06,0.001115,8.8e-05,-0.001027
25160,2018-03-08,0.018681,0.006558,-0.012123
25160,2018-03-13,0.022951,0.007564,-0.015386
15630,2020-06-10,0.015974,0.000823,-0.015152
13680,2024-07-23,0.015686,-0.000443,-0.01613
13680,2025-10-08,-0.007117,0.001566,0.008684
15630,2018-12-26,0.082474,0.048579,-0.033896
15450,2020-12-22,0.004518,-0.013502,-0.01802
15450,2020-12-23,-0.004498,0.003158,0.007656
15450,2021-01-07,0.02719,0.002808,-0.024382
15450,2021-03-26,0.014104,0.012975,-0.001129
15680,2025-05-22,0.01038,0.005585,-0.004795
15790,2018-09-28,0.00895,0.000762,-0.008188
15630,2018-06-27,0.003317,0.000443,-0.002874
15790,2020-12-29,0.051386,0.011805,-0.039581
15700,2019-06-05,0.000585,0.005299,0.004714
15700,2019-07-11,0.013528,0.005721,-0.007808
15700,2019-10-04,0.009852,0.007132,-0.00272
15700,2019-10-17,0.00544,0.001157,-0.004284
15700,2019-12-06,0.016506,0.010395,-0.006111
15700,2019-12-17,-0.005601,0.003894,0.009495
15700,2019-12-20,-0.000438,0.003552,0.00399
15700,2019-12-23,-0.005259,-0.004983,0.000275
15700,2020-01-10,0.017707,0.002802,-0.014905
15700,2020-01-17,-0.002586,0.001949,0.004536
15700,2020-01-20,0.0,0.004196,0.004196
15700,2020-01-24,-0.046194,-0.020381,0.025813
15700,2020-01-27,-0.013376,-0.010633,0.002743
15700,2020-01-29,-0.002308,-0.006518,-0.004209
15700,2020-02-12,0.000883,-0.001209,-0.002091
15700,2020-02-21,-0.081155,-0.038869,0.042287
37780,2017-01-23,0.010582,-0.000806,-0.011388
36640,2017-01-25,0.077295,0.007503,-0.069791
37780,2017-04-14,-0.01348,-0.006729,0.006751
37780,2017-05-22,0.01626,0.005011,-0.011249
36920,2017-09-20,0.002439,0.002021,-0.000418
36670,2018-05-09,-0.017609,-0.001124,0.016485
36920,2018-06-01,-0.004237,0.009075,0.013312
36670,2018-06-06,-0.021127,0.003516,0.024643
36920,2018-06-29,0.017773,0.004058,-0.013715
35470,2018-09-11,0.0112,-0.000817,-0.012017
14580,2017-11-21,0.014795,0.007731,-0.007064
14580,2018-01-09,-0.013017,0.003291,0.016308
25160,2018-03-05,-0.019672,-0.003389,0.016283
38070,2018-12-11,-0.014218,-0.013092,0.001126
13970,2021-09-02,0.003128,-0.002354,-0.005483
96100,2025-05-14,0.258503,-0.004431,-0.262934
16230,2025-08-05,0.015047,0.003887,-0.01116
80950,2017-05-23,0.033537,0.00604,-0.027497
80950,2017-06-21,0.046341,0.002288,-0.044053
13670,2022-03-18,0.032221,0.0159,-0.016321
13670,2022-08-16,0.005164,0.00569,0.000526
13670,2022-08-23,-0.007026,0.00337,0.010395
15700,2017-09-27,0.013309,0.009007,-0.004302
13670,2022-03-23,-0.000802,-0.000131,0.000671
13670,2022-06-10,-0.044705,-0.015424,0.02928
13670,2022-09-13,-0.040435,-0.015246,0.025189
15450,2021-01-06,-0.004511,0.012823,0.017334
13570,2020-01-31,0.035165,-0.016969,-0.052134
13580,2020-04-14,0.042729,0.017492,-0.025237
13580,2021-06-28,-0.012048,-0.000276,0.011773
13580,2021-06-29,-0.001694,-8.5e-05,0.001608
13670,2022-11-14,-0.017317,-0.005557,0.01176
28450,2023-08-01,-0.005955,-0.002206,0.003749
28450,2023-08-31,0.002117,0.002195,7.8e-05
76100,2020-06-24,-0.223077,-0.009605,0.213471
13580,2022-09-12,0.003739,0.002662,-0.001077
13580,2022-11-07,0.021801,0.004108,-0.017694
13580,2022-11-09,-0.035491,-0.004944,0.030547
13580,2023-05-16,0.00576,-0.000652,-0.006412
13580,2023-06-13,0.048473,0.002856,-0.045617
13580,2023-06-29,-0.010054,-0.000353,0.009701
13580,2023-07-18,0.023382,0.00784,-0.015543
25160,2020-06-17,-0.005063,0.000972,0.006035
25160,2020-06-30,-0.020253,-0.006437,0.013816
25160,2020-07-02,-0.043478,-0.01529,0.028188
15510,2021-02-01,0.037924,0.0125,-0.025425
15510,2021-02-24,-0.017274,0.000163,0.017437
13650,2018-09-20,0.008726,0.002501,-0.006225
13650,2018-10-10,-0.071429,-0.034423,0.037006
13650,2018-10-16,0.049148,0.013934,-0.035214
36390,2017-08-23,-0.003827,-0.003342,0.000484
74940,2021-03-25,0.042553,0.013618,-0.028935
74940,2021-10-05,0.01173,0.004054,-0.007676
15680,2025-08-05,0.003418,0.003887,0.000469
15680,2025-08-12,0.028037,0.003149,-0.024888
25160,2020-09-18,0.001114,0.001449,0.000336
24350,2025-05-23,-0.056522,0.001527,0.058049
15630,2018-02-13,-0.024862,-0.020557,0.004305
15630,2018-11-06,-0.018595,0.002203,0.020798
15630,2020-06-19,0.013189,0.002035,-0.011154
15630,2020-07-10,0.001235,-0.003822,-0.005056
25160,2020-07-21,0.014589,0.006072,-0.008517
25160,2020-08-25,-0.022472,3.9e-05,0.022511
25160,2020-09-07,-0.006849,0.002811,0.00966
25160,2020-09-23,0.020022,-0.000313,-0.020335
25160,2020-10-13,-0.01813,-0.003431,0.014699
25160,2020-10-20,0.016983,0.001277,-0.015706
25160,2020-10-27,0.043333,0.007135,-0.036199
15630,2020-11-11,0.052555,0.007189,-0.045365
15630,2021-08-04,0.001238,-0.010755,-0.011993
15630,2021-08-19,0.038168,-0.006276,-0.044444
15630,2021-09-28,-0.04883,-0.01848,0.03035
15630,2021-11-09,-0.029279,-0.009569,0.01971
15630,2022-01-19,-0.009036,-0.017715,-0.008679
20850,2023-10-10,0.005847,0.006916,0.001069
13580,2017-10-27,0.019199,0.007889,-0.01131
25160,2020-07-01,-0.01938,-0.012547,0.006833
25160,2020-08-05,0.032258,0.006757,-0.025501
25160,2020-08-21,0.016279,0.006232,-0.010047
25160,2020-08-26,0.01954,0.006535,-0.013006
25160,2020-09-03,-0.045204,-0.017475,0.027729
25160,2020-09-04,0.011547,0.00959,-0.001957
25160,2020-09-07,-0.006849,0.002811,0.00966
25160,2020-09-15,0.019744,0.004017,-0.015728
25160,2020-09-28,-0.021345,0.002032,0.023377
25160,2020-10-02,-0.005236,-0.010101,-0.004866
25160,2020-10-13,-0.01813,-0.003431,0.014699
25160,2020-10-15,-0.019342,-0.010379,0.008964
25160,2020-10-16,-0.004931,-0.007019,-0.002088
25160,2020-10-20,0.016983,0.001277,-0.015706
25160,2020-10-21,-0.014735,0.002798,0.017532
25160,2020-10-22,-0.043868,-0.010377,0.033491
25160,2020-10-23,-0.002086,-0.000668,0.001418
25160,2020-10-26,-0.059561,-0.017008,0.042553
25160,2020-11-09,-0.021739,0.012801,0.03454
25160,2020-11-12,-0.016842,-0.008351,0.008491
25160,2020-11-18,0.004372,-0.002662,-0.007033
25160,2021-04-15,0.009667,0.002969,-0.006698
25160,2021-04-21,-0.008547,-0.000384,0.008163
25160,2021-04-22,-0.00431,-0.001538,0.002773
25160,2021-04-26,0.007543,0.000543,-0.007
25160,2021-05-07,0.006608,0.006704,9.6e-05
25160,2021-06-22,-0.010929,0.006413,0.017342
25160,2021-06-25,0.006565,0.00433,-0.002234
25160,2021-07-06,-0.012022,-0.006584,0.005438
25290,2019-10-31,-0.0059,-0.006051,-0.000151
13580,2018-12-28,-0.062124,-0.016707,0.045417
13650,2019-06-20,0.005735,0.004618,-0.001117
15790,2019-08-15,0.007001,0.006144,-0.000857
13650,2019-08-27,0.001576,-0.002346,-0.003922
15790,2019-08-27,0.0,-0.002346,-0.002346
13650,2019-10-03,-0.005686,-0.000193,0.005493
15790,2019-10-03,-0.006179,-0.000193,0.005986
13580,2022-06-29,-0.003194,0.006934,0.010128
14580,2022-02-02,-0.004575,0.011191,0.015766
15630,2023-10-30,0.005963,-0.004244,-0.010207
20020,2017-02-17,0.007194,0.002769,-0.004425
32920,2017-02-17,-0.007212,0.002769,0.00998
40420,2017-02-17,-0.009027,0.002769,0.011796
49940,2017-03-15,0.001724,-0.008804,-0.010528
89840,2017-03-15,-0.001759,-0.008804,-0.007045
60800,2017-06-07,0.0,0.007764,0.007764
62890,2017-06-21,0.03,0.002288,-0.027712
80020,2017-06-21,0.002741,0.002288,-0.000453
31390,2017-08-30,0.025958,0.003401,-0.022557
32870,2017-10-26,-0.017857,0.005922,0.023779
38530,2017-10-26,0.011874,0.005922,-0.005953
42880,2017-11-02,0.052262,-0.000607,-0.05287
34680,2018-01-24,0.006087,-0.000633,-0.00672
38530,2018-01-26,0.037213,0.003509,-0.033704
79650,2018-01-26,0.001467,0.003509,0.002042
32810,2018-02-16,0.010705,0.017763,0.007058
79650,2018-02-16,0.023548,0.017763,-0.005785
13570,2018-03-14,0.0059,0.004259,-0.001641
40420,2018-03-14,-0.007418,0.004259,0.011676
65470,2018-03-14,0.015432,0.004259,-0.011173
86970,2018-03-14,-0.006383,0.004259,0.010642
89840,2018-03-14,0.00533,0.004259,-0.001071
86980,2018-06-08,-0.062397,0.004718,0.067116
34680,2018-08-31,-0.005655,0.003611,0.009266
72450,2018-08-31,-0.006309,0.003611,0.00992
86980,2018-08-31,-0.033333,0.003611,0.036944
86980,2018-09-06,-0.017578,-0.009946,0.007632
32840,2018-10-31,0.011382,0.009853,-0.001529
34570,2018-10-31,-0.029306,0.009853,0.03916
43440,2018-10-31,0.031781,0.009853,-0.021928
71720,2018-10-31,0.085944,0.009853,-0.07609
32840,2018-11-02,0.0304,0.005369,-0.025031
34570,2018-11-02,0.02904,0.005369,-0.023672
34820,2018-11-02,0.004823,0.005369,0.000546
43440,2018-11-02,-0.089704,0.005369,0.095072
71720,2018-11-02,-0.029543,0.005369,0.034912
88920,2018-11-02,0.0059,0.005369,-0.000531
32840,2018-11-07,0.005917,0.011374,0.005456
32890,2018-11-07,0.007692,0.011374,0.003681
34570,2018-11-07,-0.00494,0.011374,0.016314
34820,2018-11-07,0.032021,0.011374,-0.020647
43440,2018-11-07,0.057047,0.011374,-0.045673
71720,2018-11-07,0.055152,0.011374,-0.043779
20020,2018-11-22,0.029996,0.004857,-0.025139
32840,2018-11-22,-0.018433,0.004857,0.02329
34570,2018-11-22,0.004488,0.004857,0.000368
79510,2018-11-22,0.005305,0.004857,-0.000449
83360,2018-11-22,-0.00409,0.004857,0.008947
86970,2018-11-22,0.004399,0.004857,0.000458
96780,2018-11-22,0.022388,0.004857,-0.017531
20020,2018-12-07,0.002149,-0.01144,-0.013589
24850,2018-12-07,-0.005891,-0.01144,-0.005549
32840,2018-12-07,-0.006116,-0.01144,-0.005324
79510,2018-12-07,0.008358,-0.01144,-0.019798
86970,2018-12-07,-0.017672,-0.01144,0.006231
90010,2018-12-07,-0.017488,-0.01144,0.006048
89840,2019-02-22,0.01026,0.007303,-0.002957
71980,2019-02-27,-0.015152,0.004539,0.019691
79510,2019-02-27,0.003613,0.004539,0.000926
88480,2019-02-27,0.084388,0.004539,-0.079849
34790,2019-10-02,-0.019569,-0.007064,0.012505
79510,2019-10-02,-0.028885,-0.007064,0.02182
34660,2019-12-11,0.0,-0.001241,-0.001241
61130,2019-12-11,-0.009464,-0.001241,0.008223
88920,2019-12-23,-0.013875,-0.004983,0.008892
89640,2019-12-23,0.001078,-0.004983,-0.006061
89870,2019-12-23,0.003425,-0.004983,-0.008408
32810,2020-02-19,0.008737,0.012198,0.003461
34660,2020-02-19,0.001666,0.012198,0.010532
89680,2020-02-19,-0.001592,0.012198,0.01379
40420,2020-08-25,-0.005696,3.9e-05,0.005735
89580,2020-08-25,0.011869,3.9e-05,-0.011831
34660,2020-08-26,-0.004374,0.006535,0.010909
40130,2020-10-15,-0.005792,-0.010379,-0.004587
61130,2020-10-15,-0.003115,-0.010379,-0.007263
89510,2020-10-21,0.013109,0.002798,-0.010311
27420,2021-02-04,-0.001585,0.005994,0.007578
83360,2021-03-03,0.014304,-0.004203,-0.018507
39170,2021-03-10,0.074737,0.001113,-0.073624
54010,2021-03-10,0.028483,0.001113,-0.02737
86980,2021-03-10,-0.023783,0.001113,0.024896
89560,2021-03-10,0.019001,0.001113,-0.017887
89680,2021-03-10,0.012143,0.001113,-0.01103
86980,2021-03-12,-0.023729,0.008701,0.03243
31970,2021-06-01,0.005222,1.6e-05,-0.005206
46660,2021-06-01,0.015571,1.6e-05,-0.015555
42160,2021-08-18,0.002831,0.002808,-2.3e-05
76160,2021-09-02,0.004056,-0.002354,-0.00641
34660,2021-09-14,0.00758,-0.001748,-0.009327
54010,2021-09-14,-0.016177,-0.001748,0.014429
61130,2021-09-14,-0.005556,-0.001748,0.003808
90210,2021-09-14,0.009037,-0.001748,-0.010785
46660,2021-09-30,-0.027475,-0.009878,0.017597
30360,2021-12-02,-0.000866,-9.3e-05,0.000773
68900,2021-12-02,0.016064,-9.3e-05,-0.016157
31910,2023-01-18,0.00959,0.003631,-0.005959
73370,2023-01-18,0.004587,0.003631,-0.000956
83340,2023-01-18,-0.002008,0.003631,0.005639
19630,2023-02-14,-0.013218,0.001937,0.015156
83310,2023-02-14,0.013211,0.001937,-0.011274
45650,2023-04-28,0.020952,0.007581,-0.013372
68170,2023-06-01,-0.007524,0.004338,0.011862
68170,2023-06-27,0.017366,0.003552,-0.013814
70610,2023-06-27,0.011976,0.003552,-0.008424
40710,2023-07-19,0.017606,0.004395,-0.013211
61130,2023-07-19,-0.003571,0.004395,0.007966
70610,2023-07-19,-0.002115,0.004395,0.00651
34680,2023-08-16,-0.001842,-0.006072,-0.00423
62620,2023-08-22,0.02669,-2e-05,-0.02671
83360,2023-08-22,0.006848,-2e-05,-0.006868
89540,2023-08-22,-0.000556,-2e-05,0.000536
62620,2023-10-12,0.014876,-0.001002,-0.015878
49670,2023-11-09,-0.005785,0.000739,0.006523
18780,2023-11-22,0.023406,0.008332,-0.015075
21270,2023-11-22,0.00262,0.008332,0.005712
31010,2023-11-22,0.019231,0.008332,-0.010899
49670,2023-11-22,0.017229,0.008332,-0.008897
61340,2023-11-22,0.019251,0.008332,-0.010919
67540,2023-11-22,0.015847,0.008332,-0.007516
76490,2023-11-22,0.001277,0.008332,0.007055
99890,2023-11-22,0.01851,0.008332,-0.010178
24400,2023-11-30,-0.010067,0.004688,0.014755
66740,2023-11-30,0.015529,0.004688,-0.010841
28180,2023-12-21,0.009336,0.001175,-0.00816
66740,2023-12-21,0.010403,0.001175,-0.009228
69020,2023-12-21,0.003511,0.001175,-0.002336
83310,2023-12-21,-0.003612,0.001175,0.004787
49670,2023-12-22,0.026555,0.005445,-0.021111
69020,2023-12-22,-0.003266,0.005445,0.00871
89550,2023-12-22,0.006974,0.005445,-0.001529
77430,2024-02-28,0.008633,0.002791,-0.005842
18780,2024-07-09,0.003586,0.000613,-0.002973
44780,2024-07-09,0.030303,0.000613,-0.02969
62090,2024-07-09,0.004621,0.000613,-0.004008
72590,2024-07-09,0.022502,0.000613,-0.021888
24400,2024-07-19,-0.033846,-0.003728,0.030119
39680,2024-07-19,-0.009288,-0.003728,0.00556
62090,2024-07-19,0.003915,-0.003728,-0.007642
72130,2024-07-19,-0.007463,-0.003728,0.003735
36560,2024-07-23,-0.004292,-0.000443,0.003849
36650,2024-07-23,-0.014245,-0.000443,0.013802
39370,2024-07-23,0.005032,-0.000443,-0.005476
62090,2024-07-23,0.002895,-0.000443,-0.003339
65250,2024-07-23,-0.044792,-0.000443,0.044348
32520,2024-07-24,-0.025045,-0.017269,0.007776
62090,2024-07-24,-0.018405,-0.017269,0.001136
91010,2024-07-24,-0.045247,-0.017269,0.027978
92290,2024-07-24,0.0036,-0.017269,-0.020869
76160,2024-08-29,-0.008908,0.003553,0.012461
91010,2024-08-29,0.020645,0.003553,-0.017092
91100,2024-11-27,-0.020757,-0.009698,0.011059
95030,2024-11-27,0.048607,-0.009698,-0.058305
35650,2024-12-19,0.013694,0.009868,-0.003826
36490,2024-12-19,0.010076,0.009868,-0.000208
36650,2024-12-19,0.013746,0.009868,-0.003878
36760,2024-12-19,0.024783,0.009868,-0.014915
39390,2024-12-19,0.014056,0.009868,-0.004188
39630,2024-12-19,0.005865,0.009868,0.004003
44770,2024-12-19,-0.019048,0.009868,0.028915
61940,2024-12-19,0.038896,0.009868,-0.029028
70940,2024-12-19,-0.002394,0.009868,0.012262
83310,2024-12-19,0.021268,0.009868,-0.0114
86170,2024-12-19,0.007042,0.009868,0.002826
86970,2024-12-19,0.005367,0.009868,0.004501
89670,2024-12-19,0.0,0.009868,0.009868
24400,2025-01-22,-0.042857,0.002468,0.045325
35650,2025-01-22,-0.034438,0.002468,0.036907
36560,2025-01-22,-0.006993,0.002468,0.009461
36750,2025-01-22,0.047306,0.002468,-0.044838
37410,2025-01-22,0.056106,0.002468,-0.053637
39390,2025-01-22,-0.010846,0.002468,0.013314
43100,2025-01-22,0.001475,0.002468,0.000993
44990,2025-01-22,0.02611,0.002468,-0.023641
61940,2025-01-22,-0.005195,0.002468,0.007663
36110,2025-03-18,-0.01793,0.002047,0.019977
36490,2025-03-18,0.005548,0.002047,-0.003501
38530,2025-03-18,-0.027923,0.002047,0.02997
73800,2025-03-18,0.039419,0.002047,-0.037372
35650,2025-03-26,-0.018069,-0.001645,0.016425
36560,2025-03-26,-0.013514,-0.001645,0.011869
43230,2025-03-26,-0.020148,-0.001645,0.018504
66380,2025-03-26,-0.003028,-0.001645,0.001384
79560,2025-03-26,0.01423,-0.001645,-0.015875
33910,2025-05-22,0.016372,0.005585,-0.010787
40630,2025-05-22,0.017972,0.005585,-0.012387
83950,2025-05-22,-0.001412,0.005585,0.006997
29860,2025-06-03,0.005991,0.001416,-0.004575
36560,2025-06-03,-0.008696,0.001416,0.010112
57070,2025-06-03,0.006329,0.001416,-0.004913
40630,2025-07-30,-0.002505,0.005136,0.007641
78180,2025-07-30,0.010097,0.005136,-0.004961
29310,2025-09-03,0.0,-0.002447,-0.002447
30340,2025-09-03,0.000475,-0.002447,-0.002922
44610,2025-09-03,0.001812,-0.002447,-0.004258
42050,2025-09-26,-0.014243,-0.000792,0.013451
44520,2025-09-26,0.0037,-0.000792,-0.004492
54010,2025-09-26,-0.019146,-0.000792,0.018354
54110,2025-09-26,-0.020899,-0.000792,0.020107
57070,2025-09-26,-0.023669,-0.000792,0.022877
59300,2025-09-26,-0.000429,-0.000792,-0.000363
63830,2025-09-26,-0.003371,-0.000792,0.002579
69200,2025-09-26,-0.078551,-0.000792,0.077759
69760,2025-09-26,0.0,-0.000792,-0.000792
84730,2025-09-26,-0.003399,-0.000792,0.002607
86970,2025-09-26,-0.019625,-0.000792,0.018833
89670,2025-09-26,0.004032,-0.000792,-0.004824
90050,2025-09-26,-0.005345,-0.000792,0.004553
91070,2025-09-26,-0.031042,-0.000792,0.03025
46330,2025-11-27,0.00522,0.005451,0.000232
65720,2025-12-12,-0.003333,0.001933,0.005266
73830,2025-12-12,0.05395,0.001933,-0.052017
92670,2025-12-12,0.037261,0.001933,-0.035328
44520,2025-12-16,0.002234,-0.007608,-0.009842
54060,2025-12-16,-0.015952,-0.007608,0.008344
81360,2025-12-16,-0.025102,-0.007608,0.017494
91040,2025-12-16,-0.007001,-0.007608,-0.000607
92670,2025-12-16,-0.011765,-0.007608,0.004157
15680,2022-05-31,-0.002562,8.3e-05,0.002645
15680,2022-06-06,0.029487,0.010696,-0.018792
15680,2022-06-08,0.006568,0.00472,-0.001849
15680,2022-07-21,0.009644,0.009422,-0.000222
15680,2022-07-25,0.000836,-0.001498,-0.002334
15680,2022-07-27,0.018456,0.004796,-0.013661
15680,2022-07-29,-0.010771,-0.001393,0.009378
15680,2022-08-17,0.001594,0.001053,-0.000541
15680,2022-08-18,0.008357,0.005487,-0.00287
15680,2022-09-14,0.007554,0.007912,0.000358
15680,2022-09-20,-0.018711,-0.006584,0.012127
15680,2022-09-21,-0.030508,-0.010645,0.019864
15680,2022-11-01,0.002503,-0.001172,-0.003675
15680,2022-11-02,-0.014565,-0.007443,0.007122
15680,2022-11-09,-0.027247,-0.004944,0.022303
15680,2022-11-25,-0.003064,0.00345,0.006514
15680,2022-11-29,-0.010613,0.000527,0.01114
15680,2023-02-01,-0.011886,0.00132,0.013206
15680,2023-02-03,0.02562,0.002632,-0.022988
15680,2023-02-07,0.00159,0.002084,0.000494
15680,2023-02-09,0.009211,0.003333,-0.005878
15680,2023-02-15,-0.003523,-0.000564,0.002958
15680,2023-02-20,0.00591,0.004943,-0.000967
15680,2023-02-28,-0.007067,-0.000637,0.00643
15680,2023-03-01,0.010281,0.005535,-0.004746
15680,2023-03-07,0.006049,0.003055,-0.002994
15680,2023-03-09,-0.013593,-0.004415,0.009177
15680,2023-03-10,-0.042458,-0.015682,0.026776
15680,2023-04-25,-0.016176,-0.007082,0.009094
15680,2023-05-01,0.011127,0.00108,-0.010047
15680,2023-05-02,-0.008165,0.00042,0.008584
15680,2023-05-08,0.003221,0.007116,0.003894
15680,2023-05-12,0.023437,-0.000364,-0.023801
15680,2023-05-15,0.015961,0.001488,-0.014474
15680,2023-05-17,0.026199,0.004012,-0.022187
15680,2023-05-19,-0.010174,0.000897,0.011071
15680,2023-05-22,0.025199,0.008036,-0.017163
15680,2023-05-23,-0.027167,-0.012033,0.015134
15680,2023-05-30,-0.013285,-0.002103,0.011182
15680,2023-06-05,-0.003795,0.000206,0.004001
15680,2023-06-09,0.023087,0.006954,-0.016133
15680,2023-06-13,0.031441,0.002856,-0.028585
15680,2023-06-14,0.006807,-0.002237,-0.009044
15680,2023-06-28,0.030903,0.007428,-0.023475
15680,2023-06-30,0.012059,0.007658,-0.004401
15680,2023-08-24,-0.015779,-0.004298,0.011481
15680,2023-08-30,0.00029,0.000837,0.000547
15680,2023-08-31,0.01187,0.002195,-0.009675
15680,2023-09-01,0.025751,0.008875,-0.016876
15680,2023-09-05,0.00687,0.004326,-0.002544
15680,2023-09-08,-0.006861,0.000792,0.007652
15680,2023-09-15,-0.004484,-0.001115,0.003369
15680,2023-11-22,0.031715,0.008332,-0.023384
15680,2023-11-28,-0.017241,-0.002028,0.015213
15680,2024-01-12,0.004694,-0.003801,-0.008495
15680,2024-01-15,0.017703,0.008092,-0.009612
15680,2024-01-22,0.018304,0.011655,-0.006649
15680,2024-06-11,-0.022275,-0.002178,0.020097
15680,2024-06-25,0.029376,0.008174,-0.021202
15680,2024-07-01,-0.007814,-0.004308,0.003506
15680,2024-07-02,0.023819,0.001472,-0.022346
15680,2024-07-05,-0.013321,-0.003055,0.010266
15680,2024-07-10,0.029482,0.001469,-0.028013
15680,2024-07-12,0.009906,0.013938,0.004032
15680,2024-09-27,-0.044731,-0.016767,0.027964
15680,2024-09-30,0.002927,0.007271,0.004345
15680,2024-10-08,0.001725,-0.002215,-0.003939
15680,2024-10-11,0.012513,0.002057,-0.010456
15680,2024-10-16,0.009541,0.002162,-0.007379
15680,2024-10-21,-0.011451,-0.000256,0.011195
15680,2024-11-08,-0.018422,-0.004571,0.013851
15680,2024-11-11,0.010237,0.003295,-0.006942
15680,2024-11-15,-0.024195,-0.004642,0.019553
15680,2024-11-20,-0.010024,0.000543,0.010567
15680,2024-12-02,0.030646,0.002701,-0.027945
15680,2024-12-04,0.00211,-0.002226,-0.004336
15680,2024-12-13,-0.007176,0.002903,0.010079
15680,2024-12-25,0.002147,-0.001325,-0.003472
15680,2025-01-08,-0.00875,-0.002737,0.006013
15680,2025-01-21,0.004099,0.001636,-0.002463
15680,2025-02-14,-0.013782,-0.003151,0.01063
15680,2025-09-26,0.002583,-0.000792,-0.003375
15680,2025-10-10,-0.058454,-0.020982,0.037472
15680,2025-11-25,-0.001469,-0.001653,-0.000184
15680,2025-11-27,-0.004283,0.005451,0.009734
15680,2025-12-01,-0.018363,-0.00934,0.009023
28450,2023-09-15,-0.016714,-0.001115,0.015598
28450,2023-09-22,0.002487,0.01355,0.011063
28450,2023-09-28,0.006758,0.000468,-0.00629
15450,2020-12-22,0.004518,-0.013502,-0.01802
15450,2021-01-07,0.02719,0.002808,-0.024382
15450,2021-01-15,-0.013255,-0.008988,0.004266
32450,2017-10-05,0.002222,-0.003611,-0.005833
32800,2017-10-05,-0.006361,-0.003611,0.002751
80130,2017-10-05,0.003436,-0.003611,-0.007047
13980,2017-10-13,-0.000607,0.004123,0.004731
14760,2017-10-13,-0.000598,0.004123,0.004721
33930,2017-10-13,-0.004785,0.004123,0.008908
36860,2017-10-13,-0.009091,0.004123,0.013214
59980,2017-10-13,-0.004013,0.004123,0.008137
78190,2017-10-31,-0.029787,0.006874,0.036662
13460,2017-11-22,-0.009005,-2.7e-05,0.008978
13980,2017-11-22,-0.005233,-2.7e-05,0.005205
33930,2017-11-22,0.00907,-2.7e-05,-0.009098
13430,2017-12-08,-0.001132,0.011008,0.01214
15780,2017-12-08,0.014958,0.011008,-0.00395
26870,2017-12-08,0.013812,0.011008,-0.002804
15950,2018-03-30,0.0,0.004698,0.004698
14880,2018-06-05,0.00226,-0.006669,-0.008929
15780,2018-08-15,-0.016797,-0.016291,0.000506
59740,2018-08-15,0.004644,-0.016291,-0.020935
15780,2018-11-09,-0.008869,-0.00354,0.00533
13980,2019-02-27,-0.001577,0.004539,0.006117
97020,2019-02-27,-0.006118,0.004539,0.010657
13980,2019-03-29,-0.009699,0.006605,0.016304
63010,2019-03-29,0.021999,0.006605,-0.015394
77250,2019-03-29,0.01131,0.006605,-0.004704
14890,2019-05-15,0.0,0.000794,0.000794
15780,2019-06-03,0.008537,-0.005782,-0.014318
15950,2019-06-03,-0.010262,-0.005782,0.00448
63900,2019-06-03,-0.011006,-0.005782,0.005224
97020,2019-06-03,-0.024035,-0.005782,0.018254
15950,2019-09-30,-0.004498,-0.000485,0.004014
63010,2019-09-30,0.0,-0.000485,-0.000485
70490,2020-02-13,0.00361,-0.006646,-0.010256
77250,2020-02-13,0.030991,-0.006646,-0.037637
14890,2020-02-27,-0.03934,-0.061753,-0.022413
15780,2020-02-27,-0.026155,-0.061753,-0.035598
30530,2020-02-27,-0.110553,-0.061753,0.0488
60580,2020-02-27,-0.071709,-0.061753,0.009956
63010,2020-07-14,0.030923,0.00479,-0.026134
69970,2020-09-18,-0.014374,0.001449,0.015823
69970,2020-10-08,-0.004301,0.000669,0.00497
34460,2020-11-16,-0.016393,0.005057,0.02145
69970,2020-11-16,0.028276,0.005057,-0.023219
69970,2020-11-19,-0.041579,-0.002826,0.038753
34460,2020-11-20,0.015625,0.01837,0.002745
69970,2020-11-20,0.084559,0.01837,-0.066189
40550,2020-12-10,-0.067688,0.000668,0.068357
18220,2021-03-22,0.022727,0.004054,-0.018673
18220,2021-04-19,0.002519,-0.005395,-0.007913
80950,2021-04-30,0.002729,0.002285,-0.000443
25660,2021-06-21,0.010118,0.009912,-0.000206
83080,2021-06-21,0.029439,0.009912,-0.019527
40460,2022-08-09,0.010695,-0.003485,-0.014181
19110,2023-04-17,0.012649,0.000183,-0.012465
61410,2024-02-09,-0.003571,0.0032,0.006771
79910,2024-02-09,0.02454,0.0032,-0.02134
96160,2024-05-16,-0.019284,-0.009717,0.009567
15710,2025-09-18,-0.016771,0.003349,0.02012
