code4,date,entry_d,ls,maturity,pressure,band,p,p_fwd1,p_fwd3,p_fwd5,p_fwd10,short_h1,short_h3,short_h5,short_h10
7974,2025-07-25,2025-07-29,2271300.0,0.0,0.0,CTRL_zero,12760.0,12875.0,12820.0,13640.0,14190.0,-0.90125,-0.47022,-6.89655,-11.2069
5011,2025-05-09,2025-05-13,18200.0,0.0,0.0,CTRL_zero,2458.0,2404.0,2357.0,2462.0,2506.0,2.19691,4.10903,-0.16273,-1.95281
6965,2022-09-22,2022-09-27,91200.0,0.0,0.0,CTRL_zero,3085.0,3080.0,3160.0,3215.0,3135.0,0.16207,-2.43112,-4.21394,-1.62075
4934,2024-03-15,2024-03-19,180900.0,0.0,0.0,CTRL_zero,879.0,898.0,915.0,891.0,852.0,-2.16155,-4.09556,-1.36519,3.07167
4056,2021-10-15,2021-10-19,366800.0,0.0,0.0,CTRL_zero,2809.0,2838.0,2899.0,2880.0,2900.0,-1.0324,-3.20399,-2.52759,-3.23959
8306,2023-04-28,2023-05-02,46993500.0,0.0,0.0,CTRL_zero,865.7,857.1,865.1,870.0,941.9,0.99342,0.06931,-0.49671,-8.80213
5218,2025-07-11,2025-07-15,122400.0,0.0,0.0,CTRL_zero,1117.0,1093.0,1096.0,1088.0,1185.0,2.14861,1.88004,2.59624,-6.08774
7046,2024-12-06,2024-12-10,24300.0,0.0,0.0,CTRL_zero,1133.0,1140.0,1169.0,1170.0,1153.0,-0.61783,-3.17741,-3.26567,-1.76523
7702,2023-09-01,2023-09-05,108800.0,0.0,0.0,CTRL_zero,550.0,555.0,554.0,553.0,555.0,-0.90909,-0.72727,-0.54545,-0.90909
4925,2021-12-03,2021-12-07,14400.0,0.0,0.0,CTRL_zero,2492.0,2545.0,2513.0,2545.0,2407.0,-2.12681,-0.8427,-2.12681,3.41091
9913,2021-10-29,2021-11-02,184800.0,0.0,0.0,CTRL_zero,684.0,672.0,646.0,658.0,650.0,1.75439,5.55556,3.80117,4.97076
3994,2023-08-10,2023-08-15,393100.0,0.0,0.0,CTRL_zero,5236.0,5135.0,5125.0,5280.0,5229.0,1.92895,2.11994,-0.84034,0.13369
3153,2023-09-08,2023-09-12,29400.0,0.0,0.0,CTRL_zero,1309.0,1303.0,1303.0,1311.0,1400.0,0.45837,0.45837,-0.15279,-6.95187
8060,2025-04-04,2025-04-08,14600.0,0.0,0.0,CTRL_zero,2343.0,2325.0,2387.0,2386.5,2369.0,0.76825,-1.87793,-1.85659,-1.10969
4911,2024-07-12,2024-07-17,525700.0,0.0,0.0,CTRL_zero,4530.0,4600.0,4644.0,4639.0,4679.0,-1.54525,-2.51656,-2.40618,-3.28918
1580,2024-05-24,2024-05-28,56710.0,0.0,0.0,CTRL_zero,1652.0,1653.0,1687.0,1662.0,1642.0,-0.06053,-2.11864,-0.60533,0.60533
3939,2025-05-02,2025-05-08,261500.0,0.0,0.0,CTRL_zero,427.0,430.0,440.0,410.0,404.0,-0.70258,-3.0445,3.98126,5.38642
8891,2023-11-02,2023-11-07,145600.0,0.0,0.0,CTRL_zero,1915.0,1967.0,1934.0,1955.0,1928.0,-2.7154,-0.99217,-2.08877,-0.67885
3248,2023-01-06,2023-01-11,43700.0,0.0,0.0,CTRL_zero,690.0,690.0,690.0,695.0,700.0,-0.0,-0.0,-0.72464,-1.44928
6229,2023-03-17,2023-03-22,24000.0,0.0,0.0,CTRL_zero,1191.0,1186.0,1196.0,1175.0,1202.0,0.41982,-0.41982,1.34341,-0.92359
5711,2022-06-03,2022-06-07,802800.0,0.0,0.0,CTRL_zero,2069.0,2098.0,2050.0,1964.0,1946.0,-1.40164,0.91832,5.07492,5.9449
4344,2022-12-23,2022-12-27,2782300.0,0.0,0.0,CTRL_zero,286.0,290.0,298.0,299.0,304.0,-1.3986,-4.1958,-4.54545,-6.29371
7937,2025-03-07,2025-03-11,21900.0,0.0,0.0,CTRL_zero,2337.0,2326.0,2320.0,2376.0,2355.0,0.47069,0.72743,-1.66881,-0.77022
6855,2025-11-21,2025-11-26,227700.0,0.0,0.0,CTRL_zero,3450.0,3600.0,3700.0,3680.0,3810.0,-4.34783,-7.24638,-6.66667,-10.43478
6629,2022-12-23,2022-12-27,411500.0,0.0,0.0,CTRL_zero,438.0,440.0,472.0,468.0,505.0,-0.45662,-7.76256,-6.84932,-15.2968
2733,2023-05-26,2023-05-30,27600.0,0.0,0.0,CTRL_zero,2327.5,2280.0,2215.0,2300.0,2317.5,2.04082,4.83351,1.18153,0.42965
3064,2022-03-25,2022-03-29,217000.0,0.0,0.0,CTRL_zero,2865.0,2918.0,2666.0,2649.0,2530.0,-1.84991,6.9459,7.53927,11.69284
6240,2025-02-07,2025-02-12,1830700.0,0.0,0.0,CTRL_zero,618.0,651.0,617.0,630.0,590.0,-5.33981,0.16181,-1.94175,4.53074
1605,2024-08-23,2024-08-27,2780500.0,0.0,0.0,CTRL_zero,2180.0,2145.0,2184.0,2183.0,1962.0,1.6055,-0.18349,-0.13761,10.0
9685,2025-10-17,2025-10-21,31800.0,0.0,0.0,CTRL_zero,635.0,643.0,637.0,647.0,641.0,-1.25984,-0.31496,-1.88976,-0.94488
8963,2023-12-01,2023-12-05,21153.0,0.0,0.0,CTRL_zero,59400.0,59400.0,58300.0,58800.0,56600.0,-0.0,1.85185,1.0101,4.7138
3374,2024-11-29,2024-12-03,51200.0,0.0,0.0,CTRL_zero,2157.0,2208.0,2201.0,2178.0,2264.0,-2.36439,-2.03987,-0.97357,-4.96059
4435,2024-10-11,2024-10-16,197600.0,0.0,0.0,CTRL_zero,2289.0,2295.0,2310.0,2336.0,2371.0,-0.26212,-0.91743,-2.0533,-3.58235
4346,2021-10-22,2021-10-26,70600.0,0.0,0.0,CTRL_zero,908.0,895.0,897.0,895.0,880.0,1.43172,1.21145,1.43172,3.0837
6521,2021-12-30,2022-01-05,242500.0,0.0,0.0,CTRL_zero,3540.0,3255.0,3170.0,3345.0,2665.0,8.05085,10.45198,5.50847,24.71751
5262,2024-11-01,2024-11-06,187500.0,0.0,0.0,CTRL_zero,640.0,635.0,609.0,618.5,626.5,0.78125,4.84375,3.35937,2.10938
3661,2024-01-19,2024-01-23,680900.0,0.0,0.0,CTRL_zero,527.5,520.0,508.5,509.5,505.0,1.4218,3.6019,3.41232,4.2654
3010,2025-09-12,2025-09-17,1393700.0,0.0,0.0,CTRL_zero,211.0,210.0,212.0,210.0,205.0,0.47393,-0.47393,0.47393,2.8436
7280,2024-12-13,2024-12-17,174700.0,0.0,0.0,CTRL_zero,894.0,871.0,894.0,903.0,980.0,2.57271,-0.0,-1.00671,-9.61969
1384,2022-02-04,2022-02-08,17600.0,0.0,0.0,CTRL_zero,697.0,700.0,677.0,687.0,688.0,-0.43042,2.86944,1.43472,1.29125
4502,2024-11-15,2024-11-19,488200.0,0.0,0.0,CTRL_zero,4211.0,4242.0,4124.0,4134.0,4150.0,-0.73617,2.06602,1.82854,1.44859
5210,2024-03-15,2024-03-19,402600.0,0.0,0.0,CTRL_zero,1550.0,1625.0,1660.0,1654.0,1685.0,-4.83871,-7.09677,-6.70968,-8.70968
2371,2023-05-19,2023-05-23,391700.0,0.0,0.0,CTRL_zero,2101.0,2078.0,2051.0,2064.0,2071.0,1.09472,2.37982,1.76107,1.42789
2375,2022-12-23,2022-12-27,292800.0,0.0,0.0,CTRL_zero,285.0,285.0,275.0,291.0,298.0,-0.0,3.50877,-2.10526,-4.5614
6400,2024-01-26,2024-01-30,116500.0,0.0,0.0,CTRL_zero,321.0,321.0,323.0,322.0,322.0,-0.0,-0.62305,-0.31153,-0.31153
9913,2025-08-29,2025-09-02,131200.0,0.0,0.0,CTRL_zero,2592.0,2544.0,2595.0,2546.0,2598.0,1.85185,-0.11574,1.77469,-0.23148
3816,2025-04-25,2025-04-30,21900.0,0.0,0.0,CTRL_zero,1097.0,1110.0,1117.0,1107.0,1144.0,-1.18505,-1.82315,-0.91158,-4.28441
1768,2025-01-31,2025-02-04,43500.0,0.0,0.0,CTRL_zero,829.0,835.0,839.0,853.0,858.0,-0.72376,-1.20627,-2.89505,-3.49819
7115,2023-12-08,2023-12-12,113400.0,0.0,0.0,CTRL_zero,1078.0,1065.0,1054.0,1047.0,1113.0,1.20594,2.22635,2.8757,-3.24675
3927,2023-07-28,2023-08-01,293600.0,0.0,0.0,CTRL_zero,794.0,798.0,782.0,804.0,636.0,-0.50378,1.51134,-1.25945,19.89924
8803,2023-06-02,2023-06-06,15900.0,0.0,0.0,CTRL_zero,1850.0,1890.0,1877.5,1875.0,1880.0,-2.16216,-1.48649,-1.35135,-1.62162
1366,2022-12-30,2023-01-05,368536.0,0.0,0.0,CTRL_zero,1035.0,1045.0,996.0,1002.0,993.0,-0.96618,3.76812,3.18841,4.05797
3655,2023-01-13,2023-01-17,438400.0,0.0,0.0,CTRL_zero,703.0,720.0,714.0,750.0,749.0,-2.41821,-1.56472,-6.68563,-6.54339
7931,2023-06-23,2023-06-27,42400.0,0.0,0.0,CTRL_zero,2604.0,2625.0,2674.0,2787.0,2697.0,-0.80645,-2.68817,-7.02765,-3.57143
7378,2023-08-10,2023-08-15,128100.0,0.0,0.0,CTRL_zero,856.0,830.0,830.0,838.0,861.0,3.03738,3.03738,2.1028,-0.58411
9336,2024-05-10,2024-05-14,46800.0,0.0,0.0,CTRL_zero,2522.0,2575.0,2483.0,2536.0,2488.0,-2.10151,1.54639,-0.55511,1.34814
7782,2025-10-24,2025-10-28,149000.0,0.0,0.0,CTRL_zero,557.0,559.0,543.0,537.0,545.0,-0.35907,2.51346,3.59066,2.1544
4114,2024-04-26,2024-05-01,108700.0,0.0,0.0,CTRL_zero,1491.5,1500.0,1485.0,1520.5,1549.5,-0.5699,0.4358,-1.94435,-3.8887
7011,2025-06-13,2025-06-17,9653600.0,0.0,0.0,CTRL_zero,3595.0,3549.0,3520.0,3410.0,3615.0,1.27955,2.08623,5.14604,-0.55633
4918,2022-05-20,2022-05-24,130800.0,0.0,0.0,CTRL_zero,605.0,593.0,586.0,599.0,598.0,1.98347,3.1405,0.99174,1.15702
5781,2022-08-12,2022-08-16,79800.0,0.0,0.0,CTRL_zero,934.0,933.0,950.0,960.0,970.0,0.10707,-1.71306,-2.78373,-3.85439
1898,2022-08-19,2022-08-23,441100.0,0.0,0.0,CTRL_zero,768.0,765.0,774.0,762.0,758.0,0.39062,-0.78125,0.78125,1.30208
9479,2024-11-22,2024-11-26,123000.0,0.0,0.0,CTRL_zero,140.0,137.0,136.0,138.0,144.0,2.14286,2.85714,1.42857,-2.85714
4260,2024-12-06,2024-12-10,144300.0,0.0,0.0,CTRL_zero,402.0,404.0,397.0,404.0,394.0,-0.49751,1.24378,-0.49751,1.99005
8098,2023-08-18,2023-08-22,57100.0,0.0,0.0,CTRL_zero,3135.0,3120.0,3140.0,3205.0,3290.0,0.47847,-0.15949,-2.23285,-4.94418
6899,2022-09-22,2022-09-27,64700.0,0.0,0.0,CTRL_zero,2091.0,2062.0,2033.0,2078.0,2021.0,1.3869,2.77379,0.62171,3.34768
5285,2022-04-15,2022-04-19,78500.0,0.0,0.0,CTRL_zero,288.5,293.5,288.0,283.0,283.5,-1.7331,0.17331,1.90641,1.7331
5658,2024-12-20,2024-12-24,124800.0,0.0,0.0,CTRL_zero,305.0,305.0,309.0,311.0,304.0,-0.0,-1.31148,-1.96721,0.32787
6178,2021-12-30,2022-01-05,7889400.0,0.0,0.0,CTRL_zero,935.2,954.1,974.1,989.3,969.9,-2.02096,-4.15954,-5.78486,-3.71044
2156,2023-06-30,2023-07-04,65100.0,0.0,0.0,CTRL_zero,323.0,329.0,316.0,319.0,320.0,-1.85759,2.16718,1.23839,0.92879
2872,2022-07-29,2022-08-02,19300.0,0.0,0.0,CTRL_zero,3260.0,3286.7,3223.3,2900.0,2926.7,-0.81902,1.12577,11.04294,10.22393
4175,2023-06-30,2023-07-04,48000.0,0.0,0.0,CTRL_zero,1112.0,1110.0,1056.0,1061.0,1047.0,0.17986,5.03597,4.58633,5.84532
1893,2025-04-11,2025-04-15,414600.0,0.0,0.0,CTRL_zero,735.0,739.0,760.0,786.0,820.0,-0.54422,-3.40136,-6.93878,-11.56463
2370,2022-06-24,2022-06-28,10772800.0,0.0,0.0,CTRL_zero,59.0,60.0,58.0,56.0,57.0,-1.69492,1.69492,5.08475,3.38983
9904,2023-10-27,2023-10-31,55200.0,0.0,0.0,CTRL_zero,386.0,390.0,389.0,392.0,392.0,-1.03627,-0.7772,-1.5544,-1.5544
7043,2022-02-04,2022-02-08,61400.0,0.0,0.0,CTRL_zero,712.0,716.0,702.0,659.0,648.0,-0.5618,1.40449,7.44382,8.98876
7775,2023-09-29,2023-10-03,126800.0,0.0,0.0,CTRL_zero,519.0,515.0,522.0,540.0,532.0,0.77071,-0.57803,-4.04624,-2.50482
4198,2022-12-02,2022-12-06,10500.0,0.0,0.0,CTRL_zero,543.7,543.7,553.3,556.7,575.7,-0.0,-1.76568,-2.39102,-5.8856
8336,2023-11-10,2023-11-14,67600.0,0.0,0.0,CTRL_zero,915.3,902.7,894.0,913.3,959.0,1.3766,2.32711,0.21851,-4.77439
2997,2024-04-05,2024-04-09,130700.0,0.0,0.0,CTRL_zero,576.0,584.0,589.0,588.0,576.0,-1.38889,-2.25694,-2.08333,-0.0
4684,2025-02-07,2025-02-12,189300.0,0.0,0.0,CTRL_zero,4660.0,4594.0,4496.0,4505.0,4386.0,1.41631,3.51931,3.32618,5.87983
6315,2024-06-07,2024-06-11,1394700.0,0.0,0.0,CTRL_zero,3806.7,3870.0,3833.3,3760.0,3516.7,-1.66286,-0.69877,1.22678,7.61815
9793,2025-09-19,2025-09-24,16800.0,0.0,0.0,CTRL_zero,3510.0,3450.0,3530.0,3415.0,3285.0,1.7094,-0.5698,2.70655,6.41026
7911,2023-09-29,2023-10-03,146200.0,0.0,0.0,CTRL_zero,3476.0,3361.0,3353.0,3427.0,3347.0,3.3084,3.53855,1.40967,3.71116
7180,2025-03-14,2025-03-18,1175600.0,0.0,0.0,CTRL_zero,745.0,757.8,772.3,764.0,725.0,-1.71812,-3.66443,-2.55034,2.68456
8309,2024-06-07,2024-06-11,901400.0,0.0,0.0,CTRL_zero,3660.0,3575.0,3481.0,3561.0,3612.0,2.3224,4.89071,2.70492,1.31148
2871,2025-09-05,2025-09-09,461200.0,0.0,0.0,CTRL_zero,1717.0,1709.5,1724.0,1726.0,1753.0,0.43681,-0.40769,-0.52417,-2.09668
6370,2023-08-18,2023-08-22,53600.0,0.0,0.0,CTRL_zero,5461.0,5478.0,5484.0,5623.0,5670.0,-0.3113,-0.42117,-2.96649,-3.82714
4888,2025-04-11,2025-04-15,619100.0,0.0,0.0,CTRL_zero,325.0,325.0,325.0,313.0,320.0,-0.0,-0.0,3.69231,1.53846
1605,2025-11-28,2025-12-02,1321800.0,0.0,0.0,CTRL_zero,3247.0,3174.0,3210.0,3177.0,3196.0,2.24823,1.13951,2.15584,1.57068
7138,2024-10-25,2024-10-29,36100.0,0.0,0.0,CTRL_zero,188.6,189.8,190.8,189.6,190.6,-0.63627,-1.16649,-0.53022,-1.06045
6915,2023-04-07,2023-04-11,10100.0,0.0,0.0,CTRL_zero,2217.0,2239.0,2357.0,2315.0,2337.0,-0.99233,-6.31484,-4.42039,-5.41272
8929,2022-02-25,2022-03-01,186100.0,0.0,0.0,CTRL_zero,1220.0,1224.0,1240.0,1207.0,1189.0,-0.32787,-1.63934,1.06557,2.54098
2351,2022-07-08,2022-07-12,98300.0,0.0,0.0,CTRL_zero,530.0,530.0,531.0,537.0,541.0,-0.0,-0.18868,-1.32075,-2.07547
7590,2023-01-20,2023-01-24,257600.0,0.0,0.0,CTRL_zero,668.0,679.0,681.0,685.0,680.0,-1.64671,-1.94611,-2.54491,-1.79641
9055,2024-02-09,2024-02-14,401100.0,0.0,0.0,CTRL_zero,1870.0,1890.0,1885.0,1904.0,2363.0,-1.06952,-0.80214,-1.81818,-26.36364
8016,2025-08-29,2025-09-02,495700.0,0.0,0.0,CTRL_zero,644.0,640.0,671.0,692.0,698.0,0.62112,-4.19255,-7.45342,-8.38509
7273,2025-05-16,2025-05-20,73600.0,0.0,0.0,CTRL_zero,425.0,410.5,417.5,420.0,458.0,3.41176,1.76471,1.17647,-7.76471
7453,2025-03-28,2025-04-01,382200.0,0.0,0.0,CTRL_zero,2050.0,2058.5,2101.5,2045.0,2154.5,-0.41463,-2.5122,0.2439,-5.09756
4422,2025-12-05,2025-12-09,27900.0,0.0,0.0,CTRL_zero,165.7,162.7,172.0,175.0,169.0,1.8105,-3.80205,-5.61255,-1.99155
7794,2024-12-13,2024-12-17,390600.0,0.0,0.0,CTRL_zero,623.0,626.0,608.0,577.0,650.0,-0.48154,2.4077,7.38363,-4.33387
1780,2025-02-21,2025-02-26,83900.0,0.0,0.0,CTRL_zero,1293.0,1286.0,1308.0,1313.0,1270.0,0.54138,-1.16009,-1.54679,1.77881
4448,2022-10-21,2022-10-25,1539100.0,0.0,0.0,CTRL_zero,360.0,377.0,365.0,372.0,375.0,-4.72222,-1.38889,-3.33333,-4.16667
4237,2024-12-27,2025-01-06,192700.0,0.0,0.0,CTRL_zero,381.0,418.0,365.0,364.0,358.0,-9.71129,4.19948,4.46194,6.03675
4312,2023-02-10,2023-02-14,33900.0,0.0,0.0,CTRL_zero,1010.0,1050.0,997.0,978.0,953.0,-3.9604,1.28713,3.16832,5.64356
6905,2024-09-06,2024-09-10,68200.0,0.0,0.0,CTRL_zero,1171.0,1157.0,1163.0,1026.0,1156.0,1.19556,0.68318,12.38258,1.28096
3349,2024-06-14,2024-06-18,155700.0,0.0,0.0,CTRL_zero,6400.0,6335.0,6390.0,6595.0,6477.5,1.01562,0.15625,-3.04688,-1.21094
8057,2024-09-20,2024-09-25,59700.0,0.0,0.0,CTRL_zero,1356.0,1362.0,1362.0,1350.0,1342.0,-0.44248,-0.44248,0.44248,1.03245
8207,2022-09-09,2022-09-13,64800.0,0.0,0.0,CTRL_zero,305.0,300.0,287.0,289.0,275.0,1.63934,5.90164,5.2459,9.83607
9535,2025-08-29,2025-09-02,58200.0,0.0,0.0,CTRL_zero,384.0,383.0,383.0,386.0,385.0,0.26042,0.26042,-0.52083,-0.26042
2588,2022-05-20,2022-05-24,81600.0,0.0,0.0,CTRL_zero,2480.0,2498.0,2475.0,2371.0,2336.0,-0.72581,0.20161,4.39516,5.80645
3372,2022-11-25,2022-11-29,18600.0,0.0,0.0,CTRL_zero,211.0,212.0,211.0,212.0,211.0,-0.47393,-0.0,-0.47393,-0.0
6177,2025-06-27,2025-07-01,2098400.0,0.0,0.0,CTRL_zero,110.0,112.0,106.0,112.0,112.0,-1.81818,3.63636,-1.81818,-1.81818
9434,2021-12-03,2021-12-07,1961300.0,0.0,0.0,CTRL_zero,150.0,151.5,150.0,149.0,145.5,-1.0,-0.0,0.66667,3.0
7679,2024-11-15,2024-11-19,62600.0,0.0,0.0,CTRL_zero,2044.0,2066.0,2025.0,2033.0,2060.0,-1.07632,0.92955,0.53816,-0.78278
5029,2023-02-17,2023-02-21,99500.0,0.0,0.0,CTRL_zero,602.0,597.0,589.0,599.0,602.0,0.83056,2.15947,0.49834,-0.0
6235,2023-10-20,2023-10-24,319800.0,0.0,0.0,CTRL_zero,1781.0,1786.0,1732.0,1710.0,1767.0,-0.28074,2.75126,3.98652,0.78608
7378,2023-07-28,2023-08-01,142300.0,0.0,0.0,CTRL_zero,865.0,863.0,840.0,867.0,830.0,0.23121,2.89017,-0.23121,4.04624
5958,2025-04-04,2025-04-08,25000.0,0.0,0.0,CTRL_zero,2850.0,2776.0,2839.0,2814.0,2824.0,2.59649,0.38596,1.26316,0.91228
2354,2024-08-09,2024-08-14,441800.0,0.0,0.0,CTRL_zero,693.0,700.0,710.0,777.0,783.0,-1.0101,-2.4531,-12.12121,-12.98701
5139,2023-07-21,2023-07-25,97900.0,0.0,0.0,CTRL_zero,1030.0,1077.5,1033.8,1051.3,1060.0,-4.61165,-0.36893,-2.06796,-2.91262
2652,2023-12-15,2023-12-19,451200.0,0.0,0.0,CTRL_zero,444.2,431.4,442.2,473.0,442.2,2.88158,0.45025,-6.48357,0.45025
3116,2025-11-07,2025-11-11,40400.0,0.0,0.0,CTRL_zero,2311.0,2325.5,2324.5,2376.5,2398.0,-0.62743,-0.58416,-2.83427,-3.7646
3908,2025-07-18,2025-07-23,98700.0,0.0,0.0,CTRL_zero,318.0,319.0,320.0,320.0,356.0,-0.31447,-0.62893,-0.62893,-11.94969
3910,2025-02-07,2025-02-12,113400.0,0.0,0.0,CTRL_zero,308.0,311.0,308.0,310.0,310.0,-0.97403,-0.0,-0.64935,-0.64935
6232,2025-02-07,2025-02-12,1760000.0,0.0,0.0,CTRL_zero,951.0,1075.0,962.0,950.0,912.0,-13.03891,-1.15668,0.10515,4.10095
7372,2024-11-01,2024-11-06,135200.0,0.0,0.0,CTRL_zero,302.0,293.0,283.0,293.0,285.0,2.98013,6.29139,2.98013,5.62914
4046,2021-11-12,2021-11-16,26900.0,0.0,0.0,CTRL_zero,549.6,544.8,537.4,542.6,508.0,0.87336,2.2198,1.27365,7.56914
7325,2024-05-31,2024-06-04,62800.0,0.0,0.0,CTRL_zero,754.0,748.0,787.0,767.0,733.0,0.79576,-4.37666,-1.72414,2.78515
9563,2025-10-17,2025-10-21,50000.0,0.0,0.0,CTRL_zero,315.0,314.0,312.0,314.0,308.0,0.31746,0.95238,0.31746,2.22222
2735,2022-10-07,2022-10-12,34600.0,0.0,0.0,CTRL_zero,650.0,644.0,630.0,644.0,646.0,0.92308,3.07692,0.92308,0.61538
6951,2021-12-17,2021-12-21,601300.0,0.0,0.0,CTRL_zero,8800.0,8700.0,8930.0,9050.0,8460.0,1.13636,-1.47727,-2.84091,3.86364
5906,2021-11-05,2021-11-09,45100.0,0.0,0.0,CTRL_zero,377.0,375.0,373.0,376.0,377.0,0.5305,1.06101,0.26525,-0.0
3002,2025-06-20,2025-06-24,57900.0,0.0,0.0,CTRL_zero,3515.0,3480.0,3545.0,3575.0,3610.0,0.99573,-0.85349,-1.70697,-2.7027
4549,2025-02-07,2025-02-12,68400.0,0.0,0.0,CTRL_zero,2145.0,2162.0,2252.0,2221.0,2167.0,-0.79254,-4.98834,-3.54312,-1.02564
9969,2021-12-10,2021-12-14,144400.0,0.0,0.0,CTRL_zero,231.0,230.0,231.0,219.0,207.0,0.4329,-0.0,5.19481,10.38961
8022,2024-07-26,2024-07-30,99500.0,0.0,0.0,CTRL_zero,2566.7,2460.0,2313.3,2000.0,2640.0,4.15709,9.8726,22.07893,-2.85581
4891,2024-11-22,2024-11-26,1535900.0,0.0,0.0,CTRL_zero,219.0,226.0,228.0,212.0,216.0,-3.19635,-4.10959,3.19635,1.36986
7911,2025-10-10,2025-10-15,217900.0,0.0,0.0,CTRL_zero,3822.0,3781.0,3797.0,3700.0,3766.0,1.07274,0.65411,3.19205,1.4652
7746,2024-12-13,2024-12-17,1055400.0,0.0,0.0,CTRL_zero,211.0,224.0,209.0,207.0,249.0,-6.16114,0.94787,1.89573,-18.00948
2987,2022-02-04,2022-02-08,454100.0,0.0,0.0,CTRL_zero,1039.0,945.0,906.0,880.0,721.0,9.04716,12.80077,15.30318,30.60635
6971,2022-10-28,2022-11-01,149100.0,0.0,0.0,CTRL_zero,1722.8,1712.5,1696.3,1710.5,1717.5,0.59786,1.53819,0.71395,0.30764
4917,2024-05-24,2024-05-28,150600.0,0.0,0.0,CTRL_zero,1226.0,1197.0,1198.0,1202.0,1221.0,2.36542,2.28385,1.95759,0.40783
3912,2023-12-08,2023-12-12,264700.0,0.0,0.0,CTRL_zero,696.0,692.0,702.0,635.0,586.0,0.57471,-0.86207,8.76437,15.8046
3553,2023-06-23,2023-06-27,105100.0,0.0,0.0,CTRL_zero,548.0,553.0,563.0,577.0,599.0,-0.91241,-2.73723,-5.29197,-9.30657
9365,2024-10-25,2024-10-29,16400.0,0.0,0.0,CTRL_zero,1275.0,1256.0,1281.0,1275.0,1285.0,1.4902,-0.47059,-0.0,-0.78431
6425,2025-05-23,2025-05-27,544700.0,0.0,0.0,CTRL_zero,1053.0,1029.0,1015.0,1023.0,1020.0,2.2792,3.60874,2.849,3.1339
3799,2022-11-04,2022-11-08,130100.0,0.0,0.0,CTRL_zero,536.0,532.0,531.0,532.0,530.0,0.74627,0.93284,0.74627,1.1194
7041,2023-07-28,2023-08-01,39000.0,0.0,0.0,CTRL_zero,639.0,631.0,630.0,620.0,562.0,1.25196,1.40845,2.9734,12.05008
7256,2023-11-10,2023-11-14,1170200.0,0.0,0.0,CTRL_zero,252.0,199.0,225.0,228.0,209.0,21.03175,10.71429,9.52381,17.06349
2340,2021-11-12,2021-11-16,152600.0,0.0,0.0,CTRL_zero,299.0,299.0,299.0,297.0,290.0,-0.0,-0.0,0.6689,3.01003
4026,2025-07-04,2025-07-08,233200.0,0.0,0.0,CTRL_zero,1228.0,1248.0,1233.0,1250.0,1269.0,-1.62866,-0.40717,-1.79153,-3.33876
6028,2023-04-14,2023-04-18,35900.0,0.0,0.0,CTRL_zero,3650.0,3645.0,3600.0,3655.0,3285.0,0.13699,1.36986,-0.13699,10.0
7841,2022-01-14,2022-01-18,114400.0,0.0,0.0,CTRL_zero,756.0,736.0,706.0,705.0,708.0,2.6455,6.61376,6.74603,6.34921
8247,2025-07-25,2025-07-29,15500.0,0.0,0.0,CTRL_zero,394.0,398.0,401.0,399.0,397.0,-1.01523,-1.77665,-1.26904,-0.76142
4498,2022-01-28,2022-02-01,68600.0,0.0,0.0,CTRL_zero,617.3,645.0,638.0,626.0,618.5,-4.48728,-3.35331,-1.40936,-0.19439
5368,2024-04-12,2024-04-16,24000.0,0.0,0.0,CTRL_zero,1020.0,1004.0,1003.0,1034.0,1059.0,1.56863,1.66667,-1.37255,-3.82353
5586,2024-05-24,2024-05-28,1072700.0,0.0,0.0,CTRL_zero,1383.0,1398.0,1279.0,1301.0,1224.0,-1.0846,7.51988,5.92914,11.49675
8282,2024-11-01,2024-11-06,106500.0,0.0,0.0,CTRL_zero,1449.0,1418.5,1391.0,1410.0,1404.0,2.1049,4.00276,2.69151,3.10559
6925,2021-10-22,2021-10-26,260600.0,0.0,0.0,CTRL_zero,2068.0,2040.0,2053.0,2074.0,2272.0,1.35397,0.72534,-0.29014,-9.8646
3639,2023-11-02,2023-11-07,228800.0,0.0,0.0,CTRL_zero,265.0,271.0,264.0,255.0,253.0,-2.26415,0.37736,3.77358,4.5283
6656,2025-02-14,2025-02-18,207900.0,0.0,0.0,CTRL_zero,853.0,826.0,841.0,814.0,734.0,3.1653,1.4068,4.5721,13.95076
3161,2023-02-24,2023-02-28,80900.0,0.0,0.0,CTRL_zero,648.0,640.0,646.0,652.0,641.0,1.23457,0.30864,-0.61728,1.08025
3911,2022-09-02,2022-09-06,1237600.0,0.0,0.0,CTRL_zero,299.0,313.0,301.0,303.0,291.0,-4.68227,-0.6689,-1.33779,2.67559
1420,2022-10-07,2022-10-12,31500.0,0.0,0.0,CTRL_zero,709.0,699.0,694.0,712.0,713.0,1.41044,2.11566,-0.42313,-0.56417
4020,2025-05-23,2025-05-27,45500.0,0.0,0.0,CTRL_zero,570.0,582.0,573.0,584.0,583.0,-2.10526,-0.52632,-2.45614,-2.2807
7695,2025-06-13,2025-06-17,17300.0,0.0,0.0,CTRL_zero,756.7,760.3,776.0,785.3,782.0,-0.47575,-2.55055,-3.77957,-3.34347
3093,2022-01-21,2022-01-25,60700.0,0.0,0.0,CTRL_zero,410.5,402.0,394.5,412.5,475.0,2.07065,3.89769,-0.48721,-15.71255
4935,2024-10-04,2024-10-08,207500.0,0.0,0.0,CTRL_zero,116.0,114.6,117.2,118.6,122.0,1.2069,-1.03448,-2.24138,-5.17241
6165,2022-04-01,2022-04-05,167600.0,0.0,0.0,CTRL_zero,505.0,491.0,490.0,484.0,475.0,2.77228,2.9703,4.15842,5.94059
4415,2023-08-04,2023-08-08,26200.0,0.0,0.0,CTRL_zero,877.5,795.5,850.0,916.5,870.5,9.34473,3.1339,-4.44444,0.79772
2415,2023-06-02,2023-06-06,33400.0,0.0,0.0,CTRL_zero,992.0,983.0,983.0,1010.0,1008.0,0.90726,0.90726,-1.81452,-1.6129
9640,2024-11-01,2024-11-06,15200.0,0.0,0.0,CTRL_zero,1780.0,1786.0,1807.0,1799.0,1784.0,-0.33708,-1.51685,-1.06742,-0.22472
6228,2025-08-15,2025-08-19,143200.0,0.0,0.0,CTRL_zero,779.0,764.0,738.0,725.0,722.0,1.92555,5.26316,6.93196,7.31707
9360,2024-02-02,2024-02-06,42500.0,0.0,0.0,CTRL_zero,2261.0,2289.0,2319.0,2022.0,2015.0,-1.23839,-2.56524,10.57054,10.88014
7743,2023-07-14,2023-07-19,38300.0,0.0,0.0,CTRL_zero,586.0,586.0,594.0,599.0,602.0,-0.0,-1.36519,-2.21843,-2.73038
3672,2024-11-22,2024-11-26,733600.0,0.0,0.0,CTRL_zero,92.0,90.0,91.0,88.0,83.0,2.17391,1.08696,4.34783,9.78261
8881,2022-09-02,2022-09-06,103100.0,0.0,0.0,CTRL_zero,430.0,428.0,432.0,433.0,435.0,0.46512,-0.46512,-0.69767,-1.16279
9345,2024-12-20,2024-12-24,19000.0,0.0,0.0,CTRL_zero,937.5,942.5,901.0,944.0,918.0,-0.53333,3.89333,-0.69333,2.08
7578,2021-10-22,2021-10-26,371800.0,0.0,0.0,CTRL_zero,165.0,164.0,162.0,162.0,163.0,0.60606,1.81818,1.81818,1.21212
6776,2025-02-21,2025-02-26,220900.0,0.0,0.0,CTRL_zero,273.0,270.0,267.0,264.0,251.0,1.0989,2.1978,3.2967,8.05861
2281,2024-10-25,2024-10-29,66600.0,0.0,0.0,CTRL_zero,2249.0,2243.0,2233.0,2247.0,2202.0,0.26679,0.71143,0.08893,2.08982
3179,2021-11-05,2021-11-09,211600.0,0.0,0.0,CTRL_zero,1234.0,1196.0,1149.0,1101.0,1053.0,3.07942,6.88817,10.77796,14.66775
2607,2022-12-09,2022-12-13,63700.0,0.0,0.0,CTRL_zero,2060.0,2056.0,2052.0,2057.0,2028.0,0.19417,0.38835,0.14563,1.5534
7134,2023-05-26,2023-05-30,33100.0,0.0,0.0,CTRL_zero,744.0,756.0,731.0,733.0,725.0,-1.6129,1.74731,1.47849,2.55376
3319,2021-12-24,2021-12-28,174500.0,0.0,0.0,CTRL_zero,1150.0,1153.0,1200.0,1119.0,1098.0,-0.26087,-4.34783,2.69565,4.52174
9503,2024-06-14,2024-06-18,553000.0,0.0,0.0,CTRL_zero,2754.0,2731.0,2765.5,2725.0,2706.0,0.83515,-0.41757,1.05301,1.74292
2497,2023-06-02,2023-06-06,121700.0,0.0,0.0,CTRL_zero,801.0,813.0,799.0,812.0,875.0,-1.49813,0.24969,-1.37328,-9.23845
2501,2024-11-08,2024-11-12,65700.0,0.0,0.0,CTRL_zero,1450.0,1449.0,1536.0,1623.4,1676.0,0.06897,-5.93103,-11.95862,-15.58621
3580,2025-11-28,2025-12-02,135800.0,0.0,0.0,CTRL_zero,819.0,830.0,822.0,814.0,850.0,-1.3431,-0.3663,0.6105,-3.7851
4667,2023-06-16,2023-06-20,139700.0,0.0,0.0,CTRL_zero,2254.0,2269.0,2221.0,2153.0,2250.0,-0.66548,1.46406,4.48092,0.17746
4031,2024-08-30,2024-09-03,21500.0,0.0,0.0,CTRL_zero,1060.0,1045.0,1035.0,1003.0,951.0,1.41509,2.35849,5.37736,10.28302
2869,2023-12-22,2023-12-26,21307.0,0.0,0.0,CTRL_zero,1386.8,1400.0,1401.6,1297.6,1374.4,-0.95183,-1.06721,6.43207,0.89414
4433,2021-10-29,2021-11-02,101200.0,0.0,0.0,CTRL_zero,2268.0,2238.0,2484.0,2501.0,2670.0,1.32275,-9.52381,-10.27337,-17.72487
3927,2023-03-17,2023-03-22,233800.0,0.0,0.0,CTRL_zero,606.0,605.0,618.0,616.0,615.0,0.16502,-1.9802,-1.65017,-1.48515
6457,2024-04-19,2024-04-23,274800.0,0.0,0.0,CTRL_zero,2801.0,2766.0,2765.0,2830.0,2920.0,1.24955,1.28526,-1.03534,-4.24848
4634,2023-05-19,2023-05-23,39100.0,0.0,0.0,CTRL_zero,2174.0,2165.0,2182.0,2200.0,2166.0,0.41398,-0.36799,-1.19595,0.36799
6888,2025-09-05,2025-09-09,159600.0,0.0,0.0,CTRL_zero,557.0,557.0,557.0,557.0,554.0,-0.0,-0.0,-0.0,0.5386
6905,2023-04-28,2023-05-02,37500.0,0.0,0.0,CTRL_zero,1104.0,1089.0,1119.0,1134.0,1137.0,1.3587,-1.3587,-2.71739,-2.98913
6664,2024-08-16,2024-08-20,84300.0,0.0,0.0,CTRL_zero,284.0,283.0,285.0,291.0,299.0,0.35211,-0.35211,-2.46479,-5.28169
6721,2024-11-15,2024-11-19,1007900.0,0.0,0.0,CTRL_zero,68.0,70.0,70.0,71.0,66.0,-2.94118,-2.94118,-4.41176,2.94118
2281,2023-10-27,2023-10-31,126500.0,0.0,0.0,CTRL_zero,2243.0,2312.0,2315.0,2240.0,2243.0,-3.07624,-3.20999,0.13375,-0.0
6013,2023-06-30,2023-07-04,45700.0,0.0,0.0,CTRL_zero,1490.0,1464.0,1432.0,1448.0,1499.0,1.74497,3.89262,2.81879,-0.60403
3677,2023-08-04,2023-08-08,85200.0,0.0,0.0,CTRL_zero,727.0,716.0,723.0,712.0,716.0,1.51307,0.55021,2.06327,1.51307
4760,2023-11-02,2023-11-07,10800.0,0.0,0.0,CTRL_zero,1041.0,1045.0,1045.0,1050.0,1159.0,-0.38425,-0.38425,-0.86455,-11.33525
9028,2025-03-21,2025-03-25,97100.0,0.0,0.0,CTRL_zero,2955.0,2990.0,2936.0,2878.0,2450.0,-1.18443,0.64298,2.60575,17.08968
5715,2023-06-16,2023-06-20,52700.0,0.0,0.0,CTRL_zero,1544.0,1520.0,1540.0,1512.0,1562.0,1.5544,0.25907,2.07254,-1.1658
7731,2024-10-04,2024-10-08,297900.0,0.0,0.0,CTRL_zero,1692.0,1700.0,1800.0,1750.0,1822.0,-0.47281,-6.38298,-3.4279,-7.68322
3925,2022-12-09,2022-12-13,292700.0,0.0,0.0,CTRL_zero,2148.0,2152.0,2100.0,2065.0,2113.0,-0.18622,2.23464,3.86406,1.62942
4249,2024-05-31,2024-06-04,14200.0,0.0,0.0,CTRL_zero,2778.0,2787.0,2762.0,2795.0,2740.0,-0.32397,0.57595,-0.61195,1.36789
7256,2022-02-25,2022-03-01,719300.0,0.0,0.0,CTRL_zero,287.0,280.0,280.0,258.0,265.0,2.43902,2.43902,10.10453,7.66551
3068,2023-10-27,2023-10-31,13600.0,0.0,0.0,CTRL_zero,2580.0,2582.0,2647.0,2667.0,2688.0,-0.07752,-2.5969,-3.37209,-4.18605
4446,2024-05-31,2024-06-04,63100.0,0.0,0.0,CTRL_zero,638.0,661.0,646.0,659.0,597.0,-3.60502,-1.25392,-3.29154,6.42633
3625,2024-05-10,2024-05-14,403200.0,0.0,0.0,CTRL_zero,573.0,564.0,553.0,587.0,540.0,1.57068,3.4904,-2.44328,5.75916
5127,2023-05-12,2023-05-16,148700.0,0.0,0.0,CTRL_zero,3495.0,3560.0,3350.0,3520.0,3045.0,-1.8598,4.14878,-0.71531,12.87554
5480,2021-10-22,2021-10-26,418700.0,0.0,0.0,CTRL_zero,2787.0,2817.0,2774.0,2481.0,2285.0,-1.07643,0.46645,10.97955,18.0122
7939,2023-01-27,2023-01-31,18700.0,0.0,0.0,CTRL_zero,493.0,491.0,473.0,475.0,495.0,0.40568,4.0568,3.65112,-0.40568
9254,2024-11-08,2024-11-12,14000.0,0.0,0.0,CTRL_zero,1480.0,1480.0,1506.0,1558.0,1585.0,-0.0,-1.75676,-5.27027,-7.09459
5757,2025-12-05,2025-12-09,11300.0,0.0,0.0,CTRL_zero,3885.0,3900.0,3890.0,3965.0,3910.0,-0.3861,-0.1287,-2.0592,-0.6435
5820,2023-09-08,2023-09-12,390400.0,0.0,0.0,CTRL_zero,2480.0,2562.0,2686.0,2604.0,2377.0,-3.30645,-8.30645,-5.0,4.15323
3192,2021-10-22,2021-10-26,137800.0,0.0,0.0,CTRL_zero,403.0,382.0,398.0,385.0,315.0,5.21092,1.24069,4.4665,21.83623
4073,2025-07-25,2025-07-29,85800.0,0.0,0.0,CTRL_zero,587.0,587.0,585.0,585.0,587.0,-0.0,0.34072,0.34072,-0.0
1826,2024-06-14,2024-06-18,676700.0,0.0,0.0,CTRL_zero,725.0,759.0,737.0,735.0,832.0,-4.68966,-1.65517,-1.37931,-14.75862
9684,2022-11-04,2022-11-08,96100.0,0.0,0.0,CTRL_zero,2223.3,2310.0,2273.3,2250.0,2126.7,-3.89961,-2.24891,-1.20092,4.34489
6668,2025-08-22,2025-08-26,193300.0,0.0,0.0,CTRL_zero,1306.0,1303.0,1291.0,1246.0,1320.0,0.22971,1.14855,4.59418,-1.07198
7711,2023-10-06,2023-10-11,121300.0,0.0,0.0,CTRL_zero,1182.0,1167.0,1131.0,1125.0,1173.0,1.26904,4.31472,4.82234,0.76142
9728,2022-05-20,2022-05-24,11500.0,0.0,0.0,CTRL_zero,2586.0,2600.0,2618.0,2632.0,2595.0,-0.54138,-1.23743,-1.77881,-0.34803
4691,2024-08-16,2024-08-20,204400.0,0.0,0.0,CTRL_zero,686.0,690.0,694.0,706.0,706.0,-0.58309,-1.16618,-2.91545,-2.91545
3963,2024-11-29,2024-12-03,291200.0,0.0,0.0,CTRL_zero,419.0,423.0,416.0,422.0,364.0,-0.95465,0.71599,-0.71599,13.12649
5011,2024-07-26,2024-07-30,26800.0,0.0,0.0,CTRL_zero,2386.0,2389.0,2320.0,2198.0,2300.0,-0.12573,2.76614,7.8793,3.60436
6224,2024-05-31,2024-06-04,182300.0,0.0,0.0,CTRL_zero,866.0,861.0,833.0,854.0,920.0,0.57737,3.81062,1.38568,-6.23557
7353,2023-11-17,2023-11-21,55800.0,0.0,0.0,CTRL_zero,1110.0,1078.0,1055.0,1025.0,963.0,2.88288,4.95495,7.65766,13.24324
7442,2023-06-23,2023-06-27,18700.0,0.0,0.0,CTRL_zero,343.0,344.0,346.0,349.0,344.0,-0.29155,-0.87464,-1.74927,-0.29155
7762,2025-09-19,2025-09-24,406500.0,0.0,0.0,CTRL_zero,1024.0,1015.0,1000.0,1005.0,1067.0,0.87891,2.34375,1.85547,-4.19922
8084,2023-06-30,2023-07-04,112600.0,0.0,0.0,CTRL_zero,2226.0,2222.0,2192.0,2227.0,2203.0,0.17969,1.5274,-0.04492,1.03324
7734,2022-06-03,2022-06-07,11400.0,0.0,0.0,CTRL_zero,2035.0,2047.5,2027.5,1895.0,1825.0,-0.61425,0.36855,6.87961,10.31941
4382,2022-06-24,2022-06-28,105000.0,0.0,0.0,CTRL_zero,865.0,842.0,809.0,784.0,829.0,2.65896,6.47399,9.36416,4.16185
2869,2024-12-06,2024-12-10,22464.0,0.0,0.0,CTRL_zero,1968.8,1962.8,2020.0,2084.4,1980.0,0.30475,-2.60057,-5.8716,-0.56887
6049,2025-04-25,2025-04-30,346400.0,0.0,0.0,CTRL_zero,264.0,261.0,258.0,249.0,259.0,1.13636,2.27273,5.68182,1.89394
4423,2021-10-15,2021-10-19,78200.0,0.0,0.0,CTRL_zero,1665.0,1665.0,1621.0,1596.0,1621.0,-0.0,2.64264,4.14414,2.64264
4739,2023-01-06,2023-01-11,123000.0,0.0,0.0,CTRL_zero,3040.0,3065.0,3030.0,3040.0,3130.0,-0.82237,0.32895,-0.0,-2.96053
9033,2024-08-30,2024-09-03,10700.0,0.0,0.0,CTRL_zero,711.0,707.0,708.0,709.0,711.0,0.56259,0.42194,0.28129,-0.0
9731,2025-06-13,2025-06-17,10000.0,0.0,0.0,CTRL_zero,3045.0,3005.0,3025.0,3205.0,3235.0,1.31363,0.65681,-5.25452,-6.23974
5832,2023-11-17,2023-11-21,84200.0,0.0,0.0,CTRL_zero,1100.5,1082.5,1089.0,1083.5,1068.0,1.63562,1.04498,1.54475,2.9532
5302,2024-05-24,2024-05-28,31200.0,0.0,0.0,CTRL_zero,5400.0,5490.0,5510.0,5530.0,5480.0,-1.66667,-2.03704,-2.40741,-1.48148
3979,2022-07-01,2022-07-05,186900.0,0.0,0.0,CTRL_zero,278.0,287.5,323.8,314.8,339.3,-3.41727,-16.47482,-13.23741,-22.05036
3843,2024-05-24,2024-05-28,458000.0,0.0,0.0,CTRL_zero,1413.0,1409.0,1389.0,1405.0,1402.0,0.28309,1.69851,0.56617,0.77849
3839,2022-12-30,2023-01-05,12000.0,0.0,0.0,CTRL_zero,601.0,599.0,600.0,599.0,598.0,0.33278,0.16639,0.33278,0.49917
6734,2024-01-19,2024-01-23,21800.0,0.0,0.0,CTRL_zero,1457.0,1434.0,1450.0,1450.0,1456.0,1.57859,0.48044,0.48044,0.06863
4432,2023-01-06,2023-01-11,52100.0,0.0,0.0,CTRL_zero,2015.0,2071.0,1883.0,1903.0,1939.0,-2.77916,6.55087,5.55831,3.77171
6501,2024-02-22,2024-02-27,350800.0,0.0,0.0,CTRL_zero,2571.0,2544.0,2513.0,2606.0,2441.0,1.05018,2.25593,-1.36134,5.0564
6293,2024-06-21,2024-06-25,29300.0,0.0,0.0,CTRL_zero,1054.0,1081.0,1062.0,1067.0,1039.0,-2.56167,-0.75901,-1.2334,1.42315
202A,2025-01-31,2025-02-04,157400.0,0.0,0.0,CTRL_zero,1310.0,1320.0,1368.0,1380.0,1510.0,-0.76336,-4.42748,-5.34351,-15.26718
7183,2024-12-27,2025-01-06,219400.0,0.0,0.0,CTRL_zero,154.0,152.0,149.0,151.0,148.0,1.2987,3.24675,1.94805,3.8961
7604,2024-04-05,2024-04-09,39800.0,0.0,0.0,CTRL_zero,1080.0,1085.0,1098.0,1087.0,1081.0,-0.46296,-1.66667,-0.64815,-0.09259
7809,2022-08-26,2022-08-30,55500.0,0.0,0.0,CTRL_zero,1916.7,1920.0,2053.3,2133.3,2740.0,-0.17217,-7.12683,-11.30067,-42.95404
6185,2023-12-08,2023-12-12,100900.0,0.0,0.0,CTRL_zero,277.0,272.0,274.0,277.0,252.0,1.80505,1.08303,-0.0,9.02527
5981,2024-04-26,2024-05-01,73100.0,0.0,0.0,CTRL_zero,1434.0,1436.0,1423.0,1443.0,1299.0,-0.13947,0.76709,-0.62762,9.41423
7256,2025-07-25,2025-07-29,1203800.0,0.0,0.0,CTRL_zero,115.0,110.0,107.0,104.0,104.0,4.34783,6.95652,9.56522,9.56522
5724,2022-09-22,2022-09-27,263500.0,0.0,0.0,CTRL_zero,1780.0,1796.0,1670.0,1708.0,1595.0,-0.89888,6.17978,4.04494,10.39326
3183,2023-12-22,2023-12-26,22800.0,0.0,0.0,CTRL_zero,1148.0,1155.0,1186.0,1219.0,1206.0,-0.60976,-3.3101,-6.18467,-5.05226
1827,2022-12-16,2022-12-20,434000.0,0.0,0.0,CTRL_zero,320.0,312.0,314.0,312.0,315.0,2.5,1.875,2.5,1.5625
4968,2022-10-14,2022-10-18,16900.0,0.0,0.0,CTRL_zero,1006.0,1004.0,1007.0,1005.0,955.0,0.19881,-0.0994,0.0994,5.06958
4937,2023-03-10,2023-03-14,191800.0,0.0,0.0,CTRL_zero,993.0,968.0,958.0,905.0,952.0,2.51762,3.52467,8.86203,4.1289
2136,2024-01-19,2024-01-23,23900.0,0.0,0.0,CTRL_zero,1152.0,1145.0,1145.0,1151.0,1182.0,0.60764,0.60764,0.08681,-2.60417
3990,2022-02-04,2022-02-08,328800.0,0.0,0.0,CTRL_zero,813.0,832.0,811.0,811.0,852.0,-2.33702,0.246,0.246,-4.79705
4228,2022-12-30,2023-01-05,77400.0,0.0,0.0,CTRL_zero,377.0,377.0,380.0,378.0,379.0,-0.0,-0.79576,-0.26525,-0.5305
7578,2024-07-26,2024-07-30,202100.0,0.0,0.0,CTRL_zero,200.0,198.0,190.0,141.0,154.0,1.0,5.0,29.5,23.0
2157,2021-11-26,2021-11-30,1425900.0,0.0,0.0,CTRL_zero,606.0,594.0,587.0,636.0,628.0,1.9802,3.13531,-4.9505,-3.63036
6920,2023-10-06,2023-10-11,1383000.0,0.0,0.0,CTRL_zero,24585.0,26060.0,26160.0,26810.0,26080.0,-5.99959,-6.40635,-9.05023,-6.08094
1870,2023-03-24,2023-03-28,17600.0,0.0,0.0,CTRL_zero,839.0,831.0,832.0,833.0,813.0,0.95352,0.83433,0.71514,3.09893
7795,2025-12-05,2025-12-09,256300.0,0.0,0.0,CTRL_zero,194.0,196.0,194.0,198.0,203.0,-1.03093,-0.0,-2.06186,-4.63918
6696,2022-11-11,2022-11-15,215000.0,0.0,0.0,CTRL_zero,282.0,287.0,286.0,284.0,288.0,-1.77305,-1.41844,-0.70922,-2.12766
3810,2024-07-12,2024-07-17,923600.0,0.0,0.0,CTRL_zero,230.0,232.0,225.0,232.0,206.0,-0.86957,2.17391,-0.86957,10.43478
7135,2025-06-06,2025-06-10,154600.0,0.0,0.0,CTRL_zero,204.0,204.0,203.0,223.0,236.0,-0.0,0.4902,-9.31373,-15.68627
4091,2022-05-20,2022-05-24,78100.0,0.0,0.0,CTRL_zero,2410.0,2401.0,2450.0,2477.0,2493.0,0.37344,-1.65975,-2.78008,-3.44398
6185,2023-07-14,2023-07-19,39800.0,0.0,0.0,CTRL_zero,450.0,470.0,466.0,460.0,439.0,-4.44444,-3.55556,-2.22222,2.44444
5257,2025-04-18,2025-04-22,38400.0,0.0,0.0,CTRL_zero,2795.0,2768.0,2816.0,2850.0,2790.0,0.96601,-0.75134,-1.9678,0.17889
3088,2023-09-29,2023-10-03,796900.0,0.0,0.0,CTRL_zero,2621.5,2591.5,2658.0,2694.5,2588.0,1.14438,-1.39233,-2.78467,1.27789
7494,2025-05-30,2025-06-03,96000.0,0.0,0.0,CTRL_zero,234.0,236.0,239.0,240.0,241.0,-0.8547,-2.13675,-2.5641,-2.99145
3097,2022-12-23,2022-12-27,116700.0,0.0,0.0,CTRL_zero,2126.7,2116.7,2166.7,2126.7,2106.7,0.47021,-1.88085,-0.0,0.94042
7837,2022-10-07,2022-10-12,28300.0,0.0,0.0,CTRL_zero,461.0,461.0,455.0,450.0,466.0,-0.0,1.30152,2.38612,-1.0846
8143,2025-07-11,2025-07-15,64100.0,0.0,0.0,CTRL_zero,260.0,257.0,261.0,255.0,258.0,1.15385,-0.38462,1.92308,0.76923
3179,2023-10-06,2023-10-11,205700.0,0.0,0.0,CTRL_zero,1122.0,1108.0,1070.0,1032.0,995.0,1.24777,4.63458,8.02139,11.31907
5029,2024-02-02,2024-02-06,101100.0,0.0,0.0,CTRL_zero,557.0,547.0,521.0,485.0,471.0,1.79533,6.4632,12.92639,15.43986
5195,2023-01-20,2023-01-24,83900.0,0.0,0.0,CTRL_zero,1000.0,1010.0,1025.0,1013.0,1005.0,-1.0,-2.5,-1.3,-0.5
5703,2022-01-07,2022-01-12,466900.0,0.0,0.0,CTRL_zero,1822.0,1850.0,1863.0,1790.0,1776.0,-1.53677,-2.25027,1.75631,2.5247
2393,2024-02-22,2024-02-27,14100.0,0.0,0.0,CTRL_zero,1943.0,1920.0,1980.0,1997.0,1974.0,1.18374,-1.90427,-2.77921,-1.59547
3880,2024-09-13,2024-09-18,350300.0,0.0,0.0,CTRL_zero,861.9,862.0,882.8,901.0,916.8,-0.0116,-2.42488,-4.53649,-6.36965
6157,2025-11-21,2025-11-26,41600.0,0.0,0.0,CTRL_zero,850.0,852.0,851.0,853.0,873.0,-0.23529,-0.11765,-0.35294,-2.70588
2222,2024-09-13,2024-09-18,287500.0,0.0,0.0,CTRL_zero,1729.5,1704.0,1710.0,1735.0,1790.0,1.47441,1.12749,-0.31801,-3.49812
6289,2024-08-16,2024-08-20,116100.0,0.0,0.0,CTRL_zero,1699.0,1690.0,1775.0,1790.0,1770.0,0.52972,-4.47322,-5.35609,-4.17893
5217,2022-10-07,2022-10-12,41600.0,0.0,0.0,CTRL_zero,4915.0,4725.0,4385.0,4540.0,4850.0,3.86572,10.78332,7.6297,1.32248
2391,2023-10-06,2023-10-11,40400.0,0.0,0.0,CTRL_zero,1225.0,1226.0,1229.0,1222.0,1214.0,-0.08163,-0.32653,0.2449,0.89796
6255,2023-09-01,2023-09-05,963500.0,0.0,0.0,CTRL_zero,677.0,666.0,666.0,645.0,647.0,1.62482,1.62482,4.72674,4.43131
4927,2025-09-26,2025-09-30,59900.0,0.0,0.0,CTRL_zero,1336.0,1330.0,1325.0,1332.0,1316.0,0.4491,0.82335,0.2994,1.49701
2464,2024-08-23,2024-08-27,49000.0,0.0,0.0,CTRL_zero,321.0,322.0,320.0,321.0,318.0,-0.31153,0.31153,-0.0,0.93458
3067,2023-09-22,2023-09-26,23700.0,0.0,0.0,CTRL_zero,550.0,539.0,526.0,523.0,513.0,2.0,4.36364,4.90909,6.72727
9551,2025-03-07,2025-03-11,58100.0,0.0,0.0,CTRL_zero,1903.0,1929.0,1994.0,1990.0,2002.0,-1.36626,-4.78192,-4.57173,-5.20231
8830,2022-04-15,2022-04-19,152900.0,0.0,0.0,CTRL_zero,1754.5,1763.5,1748.5,1677.0,1713.0,-0.51297,0.34198,4.41721,2.36535
6340,2022-02-18,2022-02-22,27600.0,0.0,0.0,CTRL_zero,2420.0,2392.0,2417.0,2470.0,2339.0,1.15702,0.12397,-2.06612,3.34711
2307,2025-07-04,2025-07-08,79100.0,0.0,0.0,CTRL_zero,1006.0,1012.0,1010.0,1012.0,1013.0,-0.59642,-0.39761,-0.59642,-0.69583
9341,2024-05-24,2024-05-28,385100.0,0.0,0.0,CTRL_zero,1310.0,1311.0,1328.0,1420.0,1435.0,-0.07634,-1.37405,-8.39695,-9.54198
6724,2023-07-21,2023-07-25,61100.0,0.0,0.0,CTRL_zero,2270.0,2276.5,2242.0,2332.0,2325.0,-0.28634,1.23348,-2.73128,-2.42291
6293,2022-07-08,2022-07-12,80300.0,0.0,0.0,CTRL_zero,913.0,897.0,906.0,916.0,938.0,1.75246,0.7667,-0.32859,-2.73823
7670,2023-10-13,2023-10-17,68700.0,0.0,0.0,CTRL_zero,755.0,760.0,751.0,754.0,755.0,-0.66225,0.5298,0.13245,-0.0
4999,2022-04-28,2022-05-06,33400.0,0.0,0.0,CTRL_zero,854.0,868.0,846.0,938.0,921.0,-1.63934,0.93677,-9.83607,-7.84543
1552,2023-03-31,2023-04-04,4472740.0,0.0,0.0,CTRL_zero,1157.0,1163.0,1145.0,1137.0,1061.0,-0.51858,1.03717,1.72861,8.29732
6567,2023-09-22,2023-09-26,142000.0,0.0,0.0,CTRL_zero,682.0,670.0,674.0,666.0,625.0,1.75953,1.17302,2.34604,8.35777
7477,2022-09-16,2022-09-21,70000.0,0.0,0.0,CTRL_zero,1447.0,1380.0,1253.0,1225.0,1280.0,4.63027,13.40705,15.34209,11.54112
3649,2025-03-21,2025-03-25,257600.0,0.0,0.0,CTRL_zero,713.0,718.0,715.0,703.0,639.0,-0.70126,-0.2805,1.40252,10.37868
4068,2022-04-08,2022-04-12,73500.0,0.0,0.0,CTRL_zero,3105.0,3260.0,3155.0,3215.0,3035.0,-4.99195,-1.61031,-3.54267,2.25443
4176,2024-11-29,2024-12-03,636400.0,0.0,0.0,CTRL_zero,352.0,362.0,379.0,407.0,408.0,-2.84091,-7.67045,-15.625,-15.90909
7849,2025-09-19,2025-09-24,22400.0,0.0,0.0,CTRL_zero,4310.0,4320.0,4295.0,4370.0,4285.0,-0.23202,0.34803,-1.39211,0.58005
2751,2024-12-20,2024-12-24,19800.0,0.0,0.0,CTRL_zero,3330.0,3330.0,3425.0,3485.0,3470.0,-0.0,-2.85285,-4.65465,-4.2042
180A,2025-07-11,2025-07-15,50040.0,0.0,0.0,CTRL_zero,274.0,272.8,273.8,274.9,279.1,0.43796,0.07299,-0.32847,-1.86131
3241,2025-06-20,2025-06-24,17200.0,0.0,0.0,CTRL_zero,454.0,456.0,458.0,462.0,462.0,-0.44053,-0.88106,-1.76211,-1.76211
6957,2023-06-23,2023-06-27,45400.0,0.0,0.0,CTRL_zero,3175.0,3205.0,3270.0,3340.0,3420.0,-0.94488,-2.99213,-5.19685,-7.71654
2876,2025-11-28,2025-12-02,32200.0,0.0,0.0,CTRL_zero,457.0,449.0,459.0,456.0,446.0,1.75055,-0.43764,0.21882,2.407
8158,2025-06-13,2025-06-17,25200.0,0.0,0.0,CTRL_zero,1066.0,1056.0,1062.0,1059.0,1090.0,0.93809,0.37523,0.65666,-2.25141
2127,2021-12-17,2021-12-21,423400.0,0.0,0.0,CTRL_zero,2705.0,2581.0,2716.0,2741.0,2621.0,4.5841,-0.40665,-1.33087,3.10536
5025,2024-03-29,2024-04-02,33500.0,0.0,0.0,CTRL_zero,543.0,553.0,520.0,539.0,550.0,-1.84162,4.23573,0.73665,-1.28913
7477,2022-07-08,2022-07-12,78800.0,0.0,0.0,CTRL_zero,1400.0,1361.0,1359.0,1269.0,1421.0,2.78571,2.92857,9.35714,-1.5
4762,2021-10-15,2021-10-19,15400.0,0.0,0.0,CTRL_zero,1015.0,1024.0,1020.0,1018.0,1005.0,-0.8867,-0.49261,-0.29557,0.98522
2914,2023-05-26,2023-05-30,2018000.0,0.0,0.0,CTRL_zero,3080.0,3065.0,3067.0,3110.0,3158.0,0.48701,0.42208,-0.97403,-2.53247
3769,2023-09-08,2023-09-12,181900.0,0.0,0.0,CTRL_zero,8826.0,8728.0,8730.0,8380.0,7865.0,1.11036,1.0877,5.05325,10.88828
9171,2024-10-18,2024-10-22,215700.0,0.0,0.0,CTRL_zero,847.0,830.0,805.0,815.0,818.0,2.00708,4.95868,3.77804,3.42385
3086,2025-02-14,2025-02-18,612100.0,0.0,0.0,CTRL_zero,2051.0,2037.0,1945.0,1941.5,1954.5,0.68259,5.16821,5.33886,4.70502
9885,2022-12-23,2022-12-27,320100.0,0.0,0.0,CTRL_zero,342.0,341.0,351.0,347.0,345.0,0.2924,-2.63158,-1.46199,-0.87719
6832,2022-08-05,2022-08-09,32900.0,0.0,0.0,CTRL_zero,2020.0,2005.0,2005.0,2015.0,2020.0,0.74257,0.74257,0.24752,-0.0
4113,2023-11-10,2023-11-14,80900.0,0.0,0.0,CTRL_zero,712.0,707.0,718.0,710.0,703.0,0.70225,-0.8427,0.2809,1.26404
9233,2023-06-02,2023-06-06,40600.0,0.0,0.0,CTRL_zero,914.0,918.0,913.0,898.0,912.0,-0.43764,0.10941,1.75055,0.21882
4284,2025-06-06,2025-06-10,132400.0,0.0,0.0,CTRL_zero,409.0,408.0,400.0,395.0,393.0,0.2445,2.20049,3.42298,3.91198
1887,2023-10-27,2023-10-31,181500.0,0.0,0.0,CTRL_zero,596.0,609.0,613.0,610.0,604.0,-2.18121,-2.85235,-2.34899,-1.34228
4475,2023-03-24,2023-03-28,2667300.0,0.0,0.0,CTRL_zero,749.0,734.0,753.0,756.0,723.0,2.00267,-0.53405,-0.93458,3.4713
6855,2025-01-10,2025-01-15,473200.0,0.0,0.0,CTRL_zero,2159.0,2147.0,2185.0,2314.0,2055.0,0.55581,-1.20426,-7.17925,4.81704
3457,2022-11-04,2022-11-08,240200.0,0.0,0.0,CTRL_zero,856.0,862.0,865.0,823.0,855.0,-0.70093,-1.0514,3.85514,0.11682
4224,2024-01-12,2024-01-16,20600.0,0.0,0.0,CTRL_zero,1599.0,1608.0,1610.0,1611.0,1755.0,-0.56285,-0.68793,-0.75047,-9.7561
8890,2022-07-29,2022-08-02,218200.0,0.0,0.0,CTRL_zero,1346.0,1351.0,1319.0,1374.0,1610.0,-0.37147,2.00594,-2.08024,-19.61367
2323,2024-12-13,2024-12-17,154400.0,0.0,0.0,CTRL_zero,130.0,127.7,129.5,128.3,150.0,1.76923,0.38462,1.30769,-15.38462
8344,2022-07-08,2022-07-12,58700.0,0.0,0.0,CTRL_zero,919.0,900.0,897.0,920.0,921.0,2.06746,2.39391,-0.10881,-0.21763
6331,2022-07-08,2022-07-12,61000.0,0.0,0.0,CTRL_zero,688.0,671.3,679.7,685.7,692.3,2.42733,1.2064,0.3343,-0.625
2411,2022-11-04,2022-11-08,93200.0,0.0,0.0,CTRL_zero,330.0,330.0,330.0,331.0,333.0,-0.0,-0.0,-0.30303,-0.90909
7599,2025-02-14,2025-02-18,289400.0,0.0,0.0,CTRL_zero,1168.0,1149.0,1132.0,1121.0,1110.0,1.62671,3.08219,4.02397,4.96575
6675,2023-07-14,2023-07-19,189000.0,0.0,0.0,CTRL_zero,673.3,687.3,697.7,724.0,727.3,-2.07931,-3.62394,-7.53008,-8.0202
8898,2024-08-30,2024-09-03,11600.0,0.0,0.0,CTRL_zero,1099.0,1100.0,1100.0,1101.0,1100.0,-0.09099,-0.09099,-0.18198,-0.09099
3360,2022-09-09,2022-09-13,15700.0,0.0,0.0,CTRL_zero,2686.0,2667.0,2626.0,2624.0,2636.0,0.70737,2.2338,2.30827,1.8615
7283,2025-03-28,2025-04-01,61800.0,0.0,0.0,CTRL_zero,2110.0,2082.0,1879.0,1788.0,1874.0,1.32701,10.94787,15.26066,11.18483
6578,2024-04-26,2024-05-01,330400.0,0.0,0.0,CTRL_zero,349.0,349.0,359.0,350.0,355.0,-0.0,-2.86533,-0.28653,-1.7192
3540,2022-08-05,2022-08-09,16300.0,0.0,0.0,CTRL_zero,1026.0,1012.0,1026.0,1012.0,1026.0,1.36452,-0.0,1.36452,-0.0
8098,2024-11-08,2024-11-12,24300.0,0.0,0.0,CTRL_zero,3485.0,3435.0,3395.0,3320.0,3330.0,1.43472,2.5825,4.73458,4.44763
7110,2024-08-09,2024-08-14,29700.0,0.0,0.0,CTRL_zero,1238.0,1230.0,1251.0,1246.0,1394.0,0.6462,-1.05008,-0.6462,-12.60097
4125,2023-08-25,2023-08-29,27700.0,0.0,0.0,CTRL_zero,3410.0,3380.0,3260.0,3215.0,3140.0,0.87977,4.39883,5.71848,7.91789
7744,2024-05-24,2024-05-28,171700.0,0.0,0.0,CTRL_zero,1386.7,1343.3,1365.0,1403.3,1460.0,3.12973,1.56487,-1.19709,-5.28593
7271,2022-01-28,2022-02-01,62300.0,0.0,0.0,CTRL_zero,865.0,875.0,888.0,864.0,872.0,-1.15607,-2.65896,0.11561,-0.80925
9345,2024-08-30,2024-09-03,21400.0,0.0,0.0,CTRL_zero,714.5,706.5,725.0,719.0,825.0,1.11966,-1.46956,-0.62981,-15.46536
7112,2024-12-27,2025-01-06,81600.0,0.0,0.0,CTRL_zero,497.0,505.0,522.0,594.0,516.0,-1.60966,-5.03018,-19.5171,-3.82294
8892,2025-06-06,2025-06-10,200200.0,0.0,0.0,CTRL_zero,967.0,974.0,971.0,971.0,994.0,-0.72389,-0.41365,-0.41365,-2.79214
8093,2024-04-19,2024-04-23,65200.0,0.0,0.0,CTRL_zero,1943.0,1946.0,1945.0,1956.0,1895.0,-0.1544,-0.10293,-0.66907,2.47041
6091,2025-04-18,2025-04-22,28100.0,0.0,0.0,CTRL_zero,655.0,656.0,652.0,656.0,659.0,-0.15267,0.45802,-0.15267,-0.61069
4680,2023-06-23,2023-06-27,4201900.0,0.0,0.0,CTRL_zero,570.0,572.0,568.0,568.0,583.0,-0.35088,0.35088,0.35088,-2.2807
4977,2024-06-14,2024-06-18,73300.0,0.0,0.0,CTRL_zero,788.0,766.0,748.0,761.0,782.0,2.79188,5.07614,3.4264,0.76142
9610,2022-08-12,2022-08-16,154200.0,0.0,0.0,CTRL_zero,172.0,173.0,172.0,174.0,270.0,-0.5814,-0.0,-1.16279,-56.97674
7619,2025-03-28,2025-04-01,58600.0,0.0,0.0,CTRL_zero,674.0,675.0,650.0,599.0,616.0,-0.14837,3.56083,11.1276,8.60534
9691,2025-07-25,2025-07-29,14100.0,0.0,0.0,CTRL_zero,3370.0,3320.0,3505.0,3500.0,3635.0,1.48368,-4.00593,-3.85757,-7.8635
5901,2025-08-22,2025-08-26,39200.0,0.0,0.0,CTRL_zero,3567.0,3578.0,3581.0,3653.0,3583.0,-0.30838,-0.39249,-2.41099,-0.44856
7011,2023-02-17,2023-02-21,2229800.0,0.0,0.0,CTRL_zero,504.1,501.6,494.8,502.0,505.0,0.49593,1.84487,0.41658,-0.17854
8919,2025-05-30,2025-06-03,56600.0,0.0,0.0,CTRL_zero,2244.0,2257.0,2407.0,2342.0,2335.0,-0.57932,-7.26381,-4.3672,-4.05526
2986,2025-03-28,2025-04-01,127200.0,0.0,0.0,CTRL_zero,2293.3,2293.3,2220.0,2053.3,2313.3,-0.0,3.19627,10.46527,-0.87211
3556,2023-11-02,2023-11-07,311600.0,0.0,0.0,CTRL_zero,580.0,567.0,549.0,573.0,626.0,2.24138,5.34483,1.2069,-7.93103
6381,2023-02-10,2023-02-14,13000.0,0.0,0.0,CTRL_zero,929.0,931.0,922.0,912.0,925.0,-0.21529,0.7535,1.82992,0.43057
2388,2025-12-12,2025-12-16,724100.0,0.0,0.0,CTRL_zero,65.0,64.0,64.0,63.0,62.0,1.53846,1.53846,3.07692,4.61538
1579,2022-02-04,2022-02-08,400490.0,0.0,0.0,CTRL_zero,149.4,151.7,147.5,150.6,138.1,-1.53949,1.27175,-0.80321,7.56359
9159,2024-11-15,2024-11-19,149700.0,0.0,0.0,CTRL_zero,1959.0,1981.0,2036.0,2029.0,2034.0,-1.12302,-3.93058,-3.57325,-3.82848
7061,2025-08-22,2025-08-26,146900.0,0.0,0.0,CTRL_zero,1312.0,1313.0,1340.0,1330.0,1333.0,-0.07622,-2.13415,-1.37195,-1.60061
2721,2021-12-24,2021-12-28,130200.0,0.0,0.0,CTRL_zero,192.0,191.0,196.0,197.0,200.0,0.52083,-2.08333,-2.60417,-4.16667
9007,2023-09-01,2023-09-05,290900.0,0.0,0.0,CTRL_zero,2184.0,2209.0,2258.5,2242.0,2337.5,-1.14469,-3.41117,-2.65568,-7.02839
5344,2022-04-22,2022-04-26,13900.0,0.0,0.0,CTRL_zero,14900.0,14230.0,15500.0,15890.0,15730.0,4.49664,-4.02685,-6.6443,-5.57047
9250,2023-09-15,2023-09-20,44200.0,0.0,0.0,CTRL_zero,2677.0,2682.0,2730.0,2780.0,2600.0,-0.18678,-1.97983,-3.84759,2.87635
4016,2023-04-21,2023-04-25,64800.0,0.0,0.0,CTRL_zero,713.0,687.0,693.0,700.0,722.0,3.64656,2.80505,1.82328,-1.26227
6545,2024-10-11,2024-10-16,38700.0,0.0,0.0,CTRL_zero,450.0,450.0,449.0,463.0,470.0,-0.0,0.22222,-2.88889,-4.44444
5186,2021-11-05,2021-11-09,15600.0,0.0,0.0,CTRL_zero,2725.0,2699.0,2667.0,2754.0,2714.0,0.95413,2.12844,-1.06422,0.40367
4997,2022-02-04,2022-02-08,161400.0,0.0,0.0,CTRL_zero,532.0,535.0,535.0,544.0,529.0,-0.56391,-0.56391,-2.25564,0.56391
4690,2024-03-08,2024-03-12,21400.0,0.0,0.0,CTRL_zero,2436.0,2386.0,2364.0,2435.0,2500.0,2.05255,2.95567,0.04105,-2.62726
7829,2024-06-07,2024-06-11,312700.0,0.0,0.0,CTRL_zero,44.0,44.0,41.0,41.0,42.0,-0.0,6.81818,6.81818,4.54545
2331,2022-02-04,2022-02-08,126000.0,0.0,0.0,CTRL_zero,820.0,828.0,834.0,862.0,823.0,-0.97561,-1.70732,-5.12195,-0.36585
3294,2022-05-27,2022-05-31,37700.0,0.0,0.0,CTRL_zero,1456.0,1450.0,1481.0,1506.0,1431.0,0.41209,-1.71703,-3.43407,1.71703
5310,2022-07-01,2022-07-05,36300.0,0.0,0.0,CTRL_zero,2900.0,2879.0,2878.0,2945.0,2977.0,0.72414,0.75862,-1.55172,-2.65517
8096,2022-07-08,2022-07-12,14000.0,0.0,0.0,CTRL_zero,4095.0,4075.0,4075.0,4075.0,4185.0,0.4884,0.4884,0.4884,-2.1978
4445,2022-12-09,2022-12-13,17800.0,0.0,0.0,CTRL_zero,1150.0,1150.0,1125.0,1110.0,1005.0,-0.0,2.17391,3.47826,12.6087
8345,2022-05-13,2022-05-17,16500.0,0.0,0.0,CTRL_zero,466.5,472.5,471.5,484.0,502.0,-1.28617,-1.07181,-3.75134,-7.60986
5287,2023-05-19,2023-05-23,21300.0,0.0,0.0,CTRL_zero,650.0,634.0,645.0,648.0,642.0,2.46154,0.76923,0.30769,1.23077
6183,2023-10-27,2023-10-31,24300.0,0.0,0.0,CTRL_zero,1521.0,1565.0,1595.0,1603.0,1633.0,-2.89283,-4.86522,-5.39119,-7.36358
2485,2025-04-04,2025-04-08,46600.0,0.0,0.0,CTRL_zero,433.0,434.0,440.0,446.0,452.0,-0.23095,-1.61663,-3.00231,-4.38799
8604,2021-10-15,2021-10-19,19825400.0,0.0,0.0,CTRL_zero,560.0,561.2,556.4,556.4,513.0,-0.21429,0.64286,0.64286,8.39286
2633,2025-09-12,2025-09-17,122700.0,0.0,0.0,CTRL_zero,446.2,448.1,454.0,455.5,454.7,-0.42582,-1.7481,-2.08427,-1.90498
2681,2025-11-28,2025-12-02,79100.0,0.0,0.0,CTRL_zero,1669.0,1660.0,1668.0,1768.0,1823.0,0.53925,0.05992,-5.9317,-9.22708
7624,2024-09-13,2024-09-18,256400.0,0.0,0.0,CTRL_zero,142.0,142.0,145.0,138.0,136.0,-0.0,-2.11268,2.8169,4.22535
6930,2023-03-24,2023-03-28,37500.0,0.0,0.0,CTRL_zero,543.0,544.0,529.0,523.0,529.0,-0.18416,2.57827,3.68324,2.57827
4075,2022-12-02,2022-12-06,56500.0,0.0,0.0,CTRL_zero,1276.0,1264.0,1253.0,1040.0,1031.0,0.94044,1.80251,18.4953,19.20063
4766,2022-08-19,2022-08-23,197200.0,600.0,0.00304,P0_50,171.0,167.0,162.0,163.0,176.0,2.33918,5.26316,4.67836,-2.92398
4479,2023-11-17,2023-11-21,174700.0,9000.0,0.05152,P0_50,721.0,754.0,769.0,756.0,713.0,-4.57698,-6.65742,-4.85437,1.10957
6118,2025-06-06,2025-06-10,94500.0,5200.0,0.05503,P0_50,927.0,924.0,914.0,918.0,931.0,0.32362,1.40237,0.97087,-0.4315
3238,2024-10-18,2024-10-22,256800.0,1200.0,0.00467,P0_50,449.0,440.0,435.0,425.0,431.0,2.00445,3.11804,5.34521,4.00891
6838,2025-09-19,2025-09-24,184800.0,9800.0,0.05303,P0_50,760.0,751.0,758.0,750.0,756.0,1.18421,0.26316,1.31579,0.52632
4098,2022-04-08,2022-04-12,28400.0,100.0,0.00352,P0_50,1801.0,1767.0,1810.0,1717.0,1700.0,1.88784,-0.49972,4.66408,5.608
5268,2022-03-18,2022-03-23,318000.0,2000.0,0.00629,P0_50,699.0,694.0,705.0,703.0,699.0,0.71531,-0.85837,-0.57225,-0.0
4735,2024-01-26,2024-01-30,28800.0,300.0,0.01042,P0_50,357.0,363.0,356.0,348.0,347.0,-1.68067,0.28011,2.52101,2.80112
3030,2024-07-26,2024-07-30,223100.0,6000.0,0.02689,P0_50,810.0,770.0,752.0,700.0,751.0,4.93827,7.16049,13.58025,7.28395
6859,2022-09-02,2022-09-06,47400.0,200.0,0.00422,P0_50,1794.0,1778.0,1804.0,1834.0,1772.0,0.89186,-0.55741,-2.22965,1.22631
8103,2021-12-03,2021-12-07,1199500.0,6800.0,0.00567,P0_50,850.0,858.0,856.0,864.0,846.0,-0.94118,-0.70588,-1.64706,0.47059
2332,2024-11-08,2024-11-12,25600.0,1300.0,0.05078,P0_50,1270.0,1253.0,1269.0,1279.0,1372.0,1.33858,0.07874,-0.70866,-8.0315
9171,2024-08-30,2024-09-03,241900.0,6000.0,0.0248,P0_50,905.0,889.0,881.0,875.0,933.0,1.76796,2.65193,3.31492,-3.09392
7326,2021-10-29,2021-11-02,89400.0,200.0,0.00224,P0_50,1261.0,1266.0,1277.0,1297.0,1240.0,-0.39651,-1.26883,-2.85488,1.66534
4578,2025-05-16,2025-05-20,269100.0,14000.0,0.05203,P0_50,6664.0,6620.0,6635.0,6809.0,7097.0,0.66026,0.43517,-2.17587,-6.4976
6177,2025-05-23,2025-05-27,1133100.0,1700.0,0.0015,P0_50,107.0,107.0,107.0,98.0,97.0,-0.0,-0.0,8.41121,9.34579
186A,2025-03-14,2025-03-18,3723800.0,34500.0,0.00926,P0_50,841.0,801.0,785.0,763.0,693.0,4.75624,6.65874,9.27467,17.5981
8023,2024-05-10,2024-05-14,469500.0,3500.0,0.00745,P0_50,874.0,890.0,819.0,844.0,808.0,-1.83066,6.29291,3.43249,7.55149
9761,2025-03-21,2025-03-25,22200.0,200.0,0.00901,P0_50,2204.0,2188.0,2080.0,2120.0,1900.0,0.72595,5.62613,3.81125,13.7931
9432,2023-09-15,2023-09-20,85158100.0,21200.0,0.00025,P0_50,180.5,179.5,181.7,181.5,173.0,0.55402,-0.66482,-0.55402,4.15512
6324,2021-12-17,2021-12-21,246900.0,6800.0,0.02754,P0_50,5050.0,5010.0,4850.0,4975.0,4720.0,0.79208,3.9604,1.48515,6.53465
1885,2022-06-03,2022-06-07,33100.0,800.0,0.02417,P0_50,600.8,599.5,600.3,591.3,596.0,0.21638,0.08322,1.58123,0.79893
3666,2024-09-27,2024-10-01,216600.0,4800.0,0.02216,P0_50,687.0,699.0,691.0,698.0,665.0,-1.74672,-0.58224,-1.60116,3.20233
5721,2025-08-29,2025-09-02,8671100.0,65800.0,0.00759,P0_50,378.2,266.6,294.8,308.9,299.5,29.5082,22.05182,18.32364,20.8091
6703,2021-10-29,2021-11-02,445200.0,23300.0,0.05234,P0_50,959.0,974.0,1004.0,961.0,915.0,-1.56413,-4.69239,-0.20855,4.58811
4888,2023-02-03,2023-02-07,717300.0,24900.0,0.03471,P0_50,379.0,367.0,383.0,385.0,450.0,3.16623,-1.05541,-1.58311,-18.73351
3976,2024-07-26,2024-07-30,113200.0,1700.0,0.01502,P0_50,421.0,417.0,416.0,334.0,394.0,0.95012,1.18765,20.66508,6.4133
9956,2024-01-26,2024-01-30,19200.0,500.0,0.02604,P0_50,2490.0,2479.0,2563.0,2502.0,2503.0,0.44177,-2.93173,-0.48193,-0.52209
6094,2025-05-02,2025-05-08,120900.0,3500.0,0.02895,P0_50,513.0,522.0,530.0,543.0,482.0,-1.75439,-3.31384,-5.84795,6.04288
3321,2022-11-18,2022-11-22,164200.0,2400.0,0.01462,P0_50,1167.0,1158.0,1150.0,1103.0,1053.0,0.77121,1.45673,5.48415,9.76864
5104,2022-01-21,2022-01-25,36700.0,900.0,0.02452,P0_50,416.0,418.0,404.0,407.0,405.0,-0.48077,2.88462,2.16346,2.64423
1489,2024-06-21,2024-06-25,718252.0,5155.0,0.00718,P0_50,2342.0,2380.0,2390.0,2430.0,2438.0,-1.62254,-2.04953,-3.75747,-4.09906
4709,2025-08-08,2025-08-13,34300.0,500.0,0.01458,P0_50,1199.0,1188.5,1214.5,1204.5,1172.0,0.87573,-1.29274,-0.45872,2.25188
2039,2022-04-22,2022-04-26,527841.0,5313.0,0.01007,P0_50,1630.0,1586.0,1558.0,1511.0,1515.0,2.69939,4.41718,7.30061,7.05521
4248,2023-10-20,2023-10-24,207500.0,2800.0,0.01349,P0_50,781.0,788.0,783.0,763.0,778.0,-0.89629,-0.25608,2.30474,0.38412
4792,2025-03-07,2025-03-11,62600.0,200.0,0.00319,P0_50,1730.0,1730.0,1718.0,1742.0,1801.0,-0.0,0.69364,-0.69364,-4.10405
6656,2023-04-28,2023-05-02,124200.0,100.0,0.00081,P0_50,1815.0,1988.0,1925.0,1800.0,1860.0,-9.53168,-6.06061,0.82645,-2.47934
9240,2023-05-26,2023-05-30,46800.0,1700.0,0.03632,P0_50,463.0,471.0,470.0,488.0,495.0,-1.72786,-1.51188,-5.39957,-6.91145
4441,2022-04-28,2022-05-06,145600.0,6600.0,0.04533,P0_50,797.0,791.0,749.0,755.0,755.0,0.75282,6.02258,5.26976,5.26976
9252,2023-10-13,2023-10-17,224600.0,3500.0,0.01558,P0_50,5040.0,4908.0,4170.0,3480.0,3264.0,2.61905,17.2619,30.95238,35.2381
7859,2022-10-21,2022-10-25,2075000.0,74000.0,0.03566,P0_50,262.0,270.0,260.0,261.0,401.0,-3.05344,0.76336,0.38168,-53.05344
7182,2023-02-24,2023-02-28,5905900.0,114100.0,0.01932,P0_50,1185.0,1170.0,1223.0,1220.0,1134.0,1.26582,-3.20675,-2.95359,4.3038
3371,2022-11-04,2022-11-08,12400.0,300.0,0.02419,P0_50,1665.0,1687.5,1677.5,1722.5,1755.0,-1.35135,-0.75075,-3.45345,-5.40541
4792,2022-11-04,2022-11-08,72400.0,600.0,0.00829,P0_50,1146.0,1142.0,1141.0,1128.0,1160.0,0.34904,0.4363,1.57068,-1.22164
2181,2024-03-15,2024-03-19,2717100.0,700.0,0.00026,P0_50,210.0,219.8,221.2,218.5,208.0,-4.66667,-5.33333,-4.04762,0.95238
2009,2023-03-03,2023-03-07,70600.0,800.0,0.01133,P0_50,601.0,605.0,606.0,597.0,594.0,-0.66556,-0.83195,0.66556,1.16473
3932,2022-06-17,2022-06-21,48400.0,500.0,0.01033,P0_50,2627.0,2648.0,2676.0,2723.0,2660.0,-0.79939,-1.86525,-3.65436,-1.25619
6674,2025-04-25,2025-04-30,154600.0,3400.0,0.02199,P0_50,2515.0,2475.0,2480.5,2536.0,2630.0,1.59046,1.37177,-0.83499,-4.57256
4046,2025-02-07,2025-02-12,167400.0,200.0,0.00119,P0_50,1617.0,1530.0,1451.0,1449.0,1413.0,5.38033,10.26592,10.38961,12.61596
4026,2022-09-30,2022-10-04,298100.0,15200.0,0.05099,P0_50,1170.0,1200.0,1208.0,1179.0,1183.0,-2.5641,-3.24786,-0.76923,-1.11111
6835,2025-05-23,2025-05-27,9027900.0,13800.0,0.00153,P0_50,160.0,164.0,166.0,168.0,162.0,-2.5,-3.75,-5.0,-1.25
2454,2022-11-11,2022-11-15,236900.0,8500.0,0.03588,P0_50,536.0,535.0,535.0,537.0,545.0,0.18657,0.18657,-0.18657,-1.6791
4118,2025-02-28,2025-03-04,136000.0,4600.0,0.03382,P0_50,3755.0,3751.0,3803.0,3775.0,3834.0,0.10652,-1.2783,-0.53262,-2.10386
7646,2022-01-21,2022-01-25,25700.0,1100.0,0.0428,P0_50,684.0,677.0,660.0,634.0,667.0,1.02339,3.50877,7.30994,2.48538
8163,2024-11-15,2024-11-19,49000.0,2300.0,0.04694,P0_50,1127.0,1125.0,1127.0,1129.0,1135.0,0.17746,-0.0,-0.17746,-0.70985
4327,2023-01-06,2023-01-11,16800.0,600.0,0.03571,P0_50,2678.0,2670.0,2663.0,2660.0,2660.0,0.29873,0.56012,0.67214,0.67214
6580,2021-12-30,2022-01-05,299900.0,17100.0,0.05702,P0_50,2880.0,2636.0,2595.0,2681.0,2343.0,8.47222,9.89583,6.90972,18.64583
7214,2022-12-23,2022-12-27,109900.0,2800.0,0.02548,P0_50,678.0,670.0,682.0,693.0,700.0,1.17994,-0.58997,-2.21239,-3.24484
4262,2024-08-30,2024-09-03,32300.0,1400.0,0.04334,P0_50,855.0,850.0,846.0,841.0,839.0,0.5848,1.05263,1.63743,1.87135
6723,2022-03-25,2022-03-29,6474500.0,179600.0,0.02774,P0_50,1408.0,1435.0,1402.0,1449.0,1250.0,-1.91761,0.42614,-2.91193,11.22159
5970,2025-05-30,2025-06-03,118500.0,5400.0,0.04557,P0_50,1728.0,1726.0,1725.0,1728.0,1700.0,0.11574,0.17361,-0.0,1.62037
5816,2024-03-08,2024-03-12,240000.0,6900.0,0.02875,P0_50,1290.0,1295.0,1271.0,1302.0,1320.0,-0.3876,1.47287,-0.93023,-2.32558
5208,2024-08-16,2024-08-20,170600.0,1800.0,0.01055,P0_50,1519.0,1515.0,1508.0,1497.0,1516.0,0.26333,0.72416,1.44832,0.1975
5807,2022-08-19,2022-08-23,27100.0,200.0,0.00738,P0_50,2215.0,2210.0,2258.0,2257.0,2235.0,0.22573,-1.94131,-1.89616,-0.90293
8705,2021-11-05,2021-11-09,839700.0,20900.0,0.02489,P0_50,141.0,135.0,135.0,138.0,134.0,4.25532,4.25532,2.12766,4.96454
2304,2022-10-21,2022-10-25,76100.0,800.0,0.01051,P0_50,363.0,380.0,369.0,381.0,411.0,-4.6832,-1.65289,-4.95868,-13.22314
4563,2025-04-11,2025-04-15,25806600.0,312600.0,0.01211,P0_50,65.0,65.0,64.0,69.0,69.0,-0.0,1.53846,-6.15385,-6.15385
3922,2025-07-04,2025-07-08,41500.0,100.0,0.00241,P0_50,2348.0,2372.0,2406.0,2870.0,2870.0,-1.02215,-2.47019,-22.23169,-22.23169
5011,2022-05-20,2022-05-24,90900.0,800.0,0.0088,P0_50,1249.0,1255.0,1300.0,1291.0,1321.0,-0.48038,-4.08327,-3.36269,-5.76461
7353,2025-07-11,2025-07-15,27400.0,300.0,0.01095,P0_50,700.0,712.0,717.0,710.0,716.0,-1.71429,-2.42857,-1.42857,-2.28571
4069,2025-09-05,2025-09-09,22100.0,800.0,0.0362,P0_50,2192.0,2174.0,2045.0,2053.0,2394.0,0.82117,6.7062,6.34124,-9.21533
4933,2023-04-21,2023-04-25,100900.0,1700.0,0.01685,P0_50,3345.0,3220.0,3195.0,3230.0,3270.0,3.73692,4.4843,3.43797,2.24215
6982,2025-03-07,2025-03-11,87100.0,4100.0,0.04707,P0_50,632.0,629.0,624.0,634.0,615.0,0.47468,1.26582,-0.31646,2.68987
4657,2023-12-01,2023-12-05,219100.0,1400.0,0.00639,P0_50,507.0,502.0,494.0,484.0,469.0,0.98619,2.5641,4.53649,7.49507
4076,2025-03-28,2025-04-01,12300.0,600.0,0.04878,P0_50,1424.0,1426.0,1391.0,1350.0,1379.0,-0.14045,2.31742,5.19663,3.16011
4168,2022-05-13,2022-05-17,228500.0,500.0,0.00219,P0_50,1094.0,1148.0,1147.0,1320.0,1432.0,-4.93601,-4.84461,-20.65814,-30.8958
9163,2025-02-21,2025-02-26,216800.0,12400.0,0.0572,P0_50,2490.0,2428.0,2408.0,2410.0,2426.0,2.48996,3.29317,3.21285,2.57028
7676,2022-04-22,2022-04-26,41200.0,400.0,0.00971,P0_50,1864.0,1850.0,1885.0,1808.0,1675.0,0.75107,-1.12661,3.00429,10.13948
3865,2025-07-11,2025-07-15,115700.0,1700.0,0.01469,P0_50,1023.0,1008.0,997.0,983.0,998.0,1.46628,2.54154,3.91007,2.44379
7702,2022-04-08,2022-04-12,196400.0,4200.0,0.02138,P0_50,590.0,588.0,592.0,590.0,580.0,0.33898,-0.33898,-0.0,1.69492
6203,2022-02-18,2022-02-22,115300.0,1900.0,0.01648,P0_50,830.0,855.0,821.0,829.0,791.0,-3.01205,1.08434,0.12048,4.6988
4848,2025-10-03,2025-10-07,47400.0,800.0,0.01688,P0_50,1743.0,1750.0,1721.0,1715.0,1736.0,-0.40161,1.26219,1.60643,0.40161
6697,2024-04-05,2024-04-09,57200.0,300.0,0.00524,P0_50,1260.0,1260.0,1270.0,1242.0,1231.0,-0.0,-0.79365,1.42857,2.30159
4449,2022-07-22,2022-07-26,523900.0,19800.0,0.03779,P0_50,1185.0,1184.0,1255.0,1445.0,1514.0,0.08439,-5.90717,-21.94093,-27.76371
4968,2021-11-19,2021-11-24,47000.0,100.0,0.00213,P0_50,1187.0,1188.0,1151.0,1129.0,1196.0,-0.08425,3.03286,4.88627,-0.75821
1980,2024-03-15,2024-03-19,80100.0,2200.0,0.02747,P0_50,755.3,775.7,822.7,819.3,801.7,-2.70091,-8.92361,-8.47345,-6.14325
5471,2022-10-21,2022-10-25,77100.0,300.0,0.00389,P0_50,729.0,730.0,718.0,786.0,854.0,-0.13717,1.50892,-7.81893,-17.14678
9976,2023-01-06,2023-01-11,10700.0,300.0,0.02804,P0_50,1173.0,1177.0,1225.0,1222.0,1249.0,-0.34101,-4.43308,-4.17732,-6.47911
2670,2023-11-24,2023-11-28,281900.0,2800.0,0.00993,P0_50,2448.0,2469.0,2449.0,2486.0,2595.5,-0.85784,-0.04085,-1.55229,-6.02533
9639,2024-03-29,2024-04-02,27800.0,100.0,0.0036,P0_50,2110.0,2100.0,2112.5,2117.5,2095.0,0.47393,-0.11848,-0.35545,0.7109
7522,2025-05-09,2025-05-13,210200.0,8300.0,0.03949,P0_50,1076.0,1038.0,1022.0,1045.0,1002.0,3.5316,5.01859,2.88104,6.87732
3536,2023-11-24,2023-11-28,120200.0,1700.0,0.01414,P0_50,136.0,136.0,135.0,135.0,133.0,-0.0,0.73529,0.73529,2.20588
4380,2025-01-24,2025-01-28,15700.0,100.0,0.00637,P0_50,1167.0,1155.0,1126.0,1118.0,1150.0,1.02828,3.51328,4.1988,1.45673
6564,2025-10-10,2025-10-15,114200.0,3000.0,0.02627,P0_50,1898.0,1908.0,1900.0,1903.0,1841.0,-0.52687,-0.10537,-0.26344,3.00316
1976,2025-03-21,2025-03-25,94000.0,3500.0,0.03723,P0_50,1334.0,1337.0,1310.0,1302.0,1181.0,-0.22489,1.7991,2.3988,11.46927
6044,2023-09-08,2023-09-12,106300.0,500.0,0.0047,P0_50,1091.0,1079.0,1068.0,1077.0,1010.0,1.09991,2.10816,1.28323,7.42438
6920,2025-08-01,2025-08-05,3861600.0,69500.0,0.018,P0_50,14570.0,14205.0,14150.0,15885.0,16200.0,2.50515,2.88264,-9.02539,-11.18737
5602,2021-11-05,2021-11-09,68000.0,800.0,0.01176,P0_50,317.4,316.2,310.0,316.4,312.2,0.37807,2.33144,0.31506,1.63831
4317,2024-12-20,2024-12-24,99500.0,2500.0,0.02513,P0_50,400.0,399.0,387.0,399.0,403.0,0.25,3.25,0.25,-0.75
7122,2022-09-30,2022-10-04,557300.0,2900.0,0.0052,P0_50,980.0,982.0,978.0,965.0,946.0,-0.20408,0.20408,1.53061,3.46939
9791,2023-12-08,2023-12-12,21200.0,100.0,0.00472,P0_50,1070.0,1060.0,1032.0,1047.0,1043.0,0.93458,3.5514,2.14953,2.52336
4170,2024-04-26,2024-05-01,600000.0,31800.0,0.053,P0_50,250.0,253.0,260.0,266.0,250.0,-1.2,-4.0,-6.4,-0.0
8209,2023-11-02,2023-11-07,81600.0,1100.0,0.01348,P0_50,498.0,497.0,500.0,497.0,495.0,0.2008,-0.40161,0.2008,0.60241
3143,2023-06-09,2023-06-13,63100.0,400.0,0.00634,P0_50,387.7,388.0,393.7,443.7,418.0,-0.07738,-1.54759,-14.44416,-7.81532
3067,2025-09-05,2025-09-09,73900.0,1600.0,0.02165,P0_50,471.0,467.0,470.0,467.0,471.0,0.84926,0.21231,0.84926,-0.0
9887,2021-12-03,2021-12-07,11000.0,500.0,0.04545,P0_50,3580.0,3595.0,3595.0,3580.0,3545.0,-0.41899,-0.41899,-0.0,0.97765
6023,2023-12-15,2023-12-19,366200.0,11200.0,0.03058,P0_50,952.0,945.0,960.0,1063.0,1070.0,0.73529,-0.84034,-11.65966,-12.39496
3524,2022-07-01,2022-07-05,14000.0,500.0,0.03571,P0_50,1351.0,1342.0,1317.0,1310.0,1319.0,0.66617,2.51665,3.03479,2.36862
6675,2022-06-17,2022-06-21,149100.0,3300.0,0.02213,P0_50,455.3,456.0,457.3,443.3,418.3,-0.15374,-0.43927,2.63562,8.12651
3968,2023-07-28,2023-08-01,263700.0,1900.0,0.00721,P0_50,365.7,364.0,371.7,369.0,297.3,0.46486,-1.64069,-0.90238,18.70386
7817,2024-05-02,2024-05-08,21200.0,200.0,0.00943,P0_50,2654.0,2667.0,2664.0,2597.0,2613.0,-0.48983,-0.37679,2.1477,1.54484
6186,2022-01-14,2022-01-18,85800.0,1500.0,0.01748,P0_50,398.0,395.0,391.0,402.0,410.0,0.75377,1.75879,-1.00503,-3.01508
2982,2022-07-01,2022-07-05,166700.0,4700.0,0.02819,P0_50,152.0,149.0,149.0,150.0,152.0,1.97368,1.97368,1.31579,-0.0
196A,2025-05-16,2025-05-20,288700.0,2800.0,0.0097,P0_50,477.0,490.0,476.0,454.0,475.0,-2.72537,0.20964,4.8218,0.41929
8151,2025-05-30,2025-06-03,59700.0,2300.0,0.03853,P0_50,1409.0,1422.0,1481.0,1433.0,1453.0,-0.92264,-5.11001,-1.70334,-3.12278
7038,2024-04-05,2024-04-09,112700.0,900.0,0.00799,P0_50,1544.0,1557.0,1600.0,1565.0,1522.0,-0.84197,-3.62694,-1.3601,1.42487
5185,2023-04-21,2023-04-25,17100.0,600.0,0.03509,P0_50,1028.0,1046.0,1040.0,1078.0,1076.0,-1.75097,-1.16732,-4.86381,-4.66926
4170,2022-09-09,2022-09-13,2192900.0,23400.0,0.01067,P0_50,597.0,569.0,575.0,480.0,494.0,4.69012,3.68509,19.59799,17.25293
6958,2022-06-17,2022-06-21,659800.0,23000.0,0.03486,P0_50,438.0,442.0,434.0,446.0,425.0,-0.91324,0.91324,-1.82648,2.96804
7979,2022-04-01,2022-04-05,33300.0,500.0,0.01502,P0_50,809.5,806.0,792.0,788.5,798.0,0.43237,2.16183,2.59419,1.42063
7013,2024-07-19,2024-07-23,1388600.0,16900.0,0.01217,P0_50,792.9,787.1,729.4,771.6,673.9,0.73149,8.00858,2.68634,15.0082
1959,2024-03-22,2024-03-26,64800.0,1700.0,0.02623,P0_50,6408.0,6414.0,6295.0,6109.0,6480.0,-0.09363,1.76342,4.66604,-1.1236
7844,2022-09-09,2022-09-13,122800.0,2500.0,0.02036,P0_50,677.0,678.0,667.0,668.0,670.0,-0.14771,1.4771,1.32939,1.03397
4674,2021-12-10,2021-12-14,21200.0,700.0,0.03302,P0_50,1029.5,1004.5,1021.0,977.0,1022.0,2.42836,0.82564,5.09956,0.72851
3315,2021-10-15,2021-10-19,5565200.0,245900.0,0.04419,P0_50,153.0,152.0,149.0,151.0,149.0,0.65359,2.61438,1.30719,2.61438
2378,2022-11-04,2022-11-08,26400.0,1100.0,0.04167,P0_50,935.0,945.0,934.0,903.0,914.0,-1.06952,0.10695,3.42246,2.24599
9130,2022-12-30,2023-01-05,158400.0,3100.0,0.01957,P0_50,927.0,911.0,928.0,918.0,926.0,1.726,-0.10787,0.97087,0.10787
1514,2024-07-05,2024-07-09,2463100.0,20800.0,0.00844,P0_50,1330.0,1316.0,1297.0,1308.0,1209.0,1.05263,2.4812,1.65414,9.09774
6819,2022-03-04,2022-03-08,106900.0,4900.0,0.04584,P0_50,198.0,198.0,202.0,208.0,208.0,-0.0,-2.0202,-5.05051,-5.05051
5947,2024-08-23,2024-08-27,35800.0,700.0,0.01955,P0_50,3320.0,3315.0,3280.0,3267.0,3427.0,0.1506,1.20482,1.59639,-3.22289
1366,2025-05-02,2025-05-08,1019999.0,59498.0,0.05833,P0_50,299.0,292.0,275.0,286.0,299.0,2.34114,8.02676,4.34783,-0.0
3696,2023-10-27,2023-10-31,458400.0,20100.0,0.04385,P0_50,920.0,944.0,970.0,950.0,954.0,-2.6087,-5.43478,-3.26087,-3.69565
9522,2023-09-15,2023-09-20,2367100.0,72700.0,0.03071,P0_50,1077.0,1030.0,1049.0,1000.0,878.0,4.36397,2.59981,7.14949,18.47725
4565,2022-12-30,2023-01-05,1899300.0,103600.0,0.05455,P0_50,2148.0,2177.0,2258.0,2250.0,2262.0,-1.35009,-5.12104,-4.7486,-5.30726
6467,2022-07-01,2022-07-05,62400.0,2100.0,0.03365,P0_50,383.0,387.0,385.0,386.0,407.0,-1.04439,-0.52219,-0.78329,-6.26632
3221,2023-11-10,2023-11-14,53000.0,1900.0,0.03585,P0_50,2950.0,2939.0,2777.0,3035.0,3040.0,0.37288,5.86441,-2.88136,-3.05085
7420,2024-02-09,2024-02-14,90800.0,2300.0,0.02533,P0_50,2369.0,2330.0,2274.0,2613.0,2436.0,1.64626,4.01013,-10.2997,-2.8282
1476,2023-01-20,2023-01-24,19644.0,232.0,0.01181,P0_50,1884.0,1906.0,1895.0,1925.0,1911.0,-1.16773,-0.58386,-2.17622,-1.43312
4482,2022-11-18,2022-11-22,80100.0,3300.0,0.0412,P0_50,711.0,700.0,691.0,693.0,665.0,1.54712,2.81294,2.53165,6.46976
1712,2022-06-17,2022-06-21,497000.0,16600.0,0.0334,P0_50,905.0,919.0,905.0,919.0,820.0,-1.54696,-0.0,-1.54696,9.39227
7899,2023-07-07,2023-07-11,88900.0,800.0,0.009,P0_50,426.0,424.0,419.0,424.0,430.0,0.46948,1.64319,0.46948,-0.93897
7649,2025-04-25,2025-04-30,87600.0,400.0,0.00457,P0_50,2993.0,2994.5,3050.0,3111.0,3230.0,-0.05012,-1.90444,-3.94253,-7.91848
5970,2022-02-25,2022-03-01,40000.0,1500.0,0.0375,P0_50,1453.0,1408.0,1361.0,1265.0,1270.0,3.09704,6.33173,12.93875,12.59463
4587,2023-09-08,2023-09-12,815900.0,6900.0,0.00846,P0_50,1685.5,1672.0,1660.0,1657.0,1621.0,0.80095,1.5129,1.69089,3.82676
8233,2023-02-17,2023-02-21,538900.0,15400.0,0.02858,P0_50,952.0,929.5,937.0,942.0,965.0,2.36345,1.57563,1.05042,-1.36555
7284,2025-02-28,2025-03-04,275300.0,14400.0,0.05231,P0_50,1141.0,1142.0,1174.0,1168.0,1111.0,-0.08764,-2.8922,-2.36635,2.62927
6192,2023-03-24,2023-03-28,1196200.0,4300.0,0.00359,P0_50,111.0,112.0,109.0,109.0,107.0,-0.9009,1.8018,1.8018,3.6036
7723,2024-12-06,2024-12-10,14300.0,100.0,0.00699,P0_50,1989.0,1994.0,1992.0,1985.0,1979.0,-0.25138,-0.15083,0.20111,0.50277
7077,2023-06-02,2023-06-06,96900.0,200.0,0.00206,P0_50,1102.0,1090.0,1062.0,1068.0,1216.0,1.08893,3.62976,3.0853,-10.34483
8940,2022-01-07,2022-01-12,31300.0,1200.0,0.03834,P0_50,643.0,663.0,650.0,618.0,618.0,-3.11042,-1.08865,3.88802,3.88802
8136,2023-03-24,2023-03-28,215000.0,3600.0,0.01674,P0_50,376.0,379.3,400.0,402.0,407.3,-0.87766,-6.38298,-6.91489,-8.32447
6316,2022-03-18,2022-03-23,21300.0,300.0,0.01408,P0_50,1570.0,1592.0,1610.0,1579.0,1561.0,-1.40127,-2.54777,-0.57325,0.57325
6118,2023-08-04,2023-08-08,249200.0,1600.0,0.00642,P0_50,1011.0,1020.0,1013.0,984.0,954.0,-0.89021,-0.19782,2.67062,5.63798
4768,2025-07-25,2025-07-29,213500.0,2800.0,0.01311,P0_50,2860.0,2859.0,2894.5,3270.0,3148.0,0.03497,-1.20629,-14.33566,-10.06993
1695,2022-04-01,2022-04-05,339900.0,900.0,0.00265,P0_50,6035.2,6334.2,6141.0,6660.8,6946.0,-4.95427,-1.75305,-10.36585,-15.09146
7976,2025-07-25,2025-07-29,52200.0,1800.0,0.03448,P0_50,2100.0,2092.0,2069.0,2067.0,2049.0,0.38095,1.47619,1.57143,2.42857
2667,2022-06-17,2022-06-21,2073400.0,25400.0,0.01225,P0_50,530.0,559.0,540.0,612.0,622.0,-5.4717,-1.88679,-15.4717,-17.35849
2342,2023-03-17,2023-03-22,303400.0,5700.0,0.01879,P0_50,323.0,326.0,337.0,331.0,330.0,-0.92879,-4.33437,-2.47678,-2.16718
4691,2022-08-26,2022-08-30,52300.0,800.0,0.0153,P0_50,867.0,852.0,868.0,847.0,856.0,1.7301,-0.11534,2.30681,1.26874
2754,2024-02-02,2024-02-06,13400.0,100.0,0.00746,P0_50,474.0,492.0,495.0,468.0,454.0,-3.79747,-4.43038,1.26582,4.21941
7527,2024-09-27,2024-10-01,1866200.0,75100.0,0.04024,P0_50,62.0,62.0,64.0,62.0,60.0,-0.0,-3.22581,-0.0,3.22581
6047,2023-06-09,2023-06-13,523200.0,5800.0,0.01109,P0_50,647.0,634.0,605.0,627.0,600.0,2.00927,6.4915,3.09119,7.2643
5933,2022-04-22,2022-04-26,67400.0,1400.0,0.02077,P0_50,853.0,840.0,854.0,841.0,858.0,1.52403,-0.11723,1.4068,-0.58617
6264,2022-07-22,2022-07-26,815400.0,47400.0,0.05813,P0_50,977.0,976.5,1027.5,1038.5,1087.5,0.05118,-5.16888,-6.29478,-11.31013
7847,2022-03-18,2022-03-23,111500.0,500.0,0.00448,P0_50,584.0,590.0,590.0,575.0,569.0,-1.0274,-1.0274,1.5411,2.56849
6058,2025-08-15,2025-08-19,1177300.0,21700.0,0.01843,P0_50,1125.0,1137.0,1119.0,1104.0,1140.0,-1.06667,0.53333,1.86667,-1.33333
5105,2022-03-04,2022-03-08,217700.0,2400.0,0.01102,P0_50,1345.0,1311.0,1343.0,1400.0,1527.0,2.52788,0.1487,-4.08922,-13.5316
2674,2022-09-09,2022-09-13,303800.0,3200.0,0.01053,P0_50,1390.0,1288.0,1338.0,1294.0,1259.0,7.33813,3.74101,6.90647,9.42446
6457,2023-06-30,2023-07-04,195000.0,3500.0,0.01795,P0_50,2921.0,2911.0,2802.0,2800.0,2786.0,0.34235,4.07395,4.14242,4.6217
3793,2024-08-30,2024-09-03,2953100.0,138500.0,0.0469,P0_50,867.0,839.0,787.0,696.0,634.0,3.22953,9.22722,19.72318,26.87428
137A,2025-10-03,2025-10-07,56400.0,1300.0,0.02305,P0_50,1331.0,1348.0,1354.0,1275.0,1232.0,-1.27724,-1.72802,4.20736,7.43802
4595,2023-12-08,2023-12-12,168000.0,1100.0,0.00655,P0_50,1847.5,1870.0,1830.0,1805.0,1747.5,-1.21786,0.94723,2.30041,5.41272
1659,2022-10-14,2022-10-18,11469.0,484.0,0.0422,P0_50,2653.0,2681.0,2625.0,2637.0,2763.0,-1.05541,1.05541,0.60309,-4.14625
3690,2025-06-06,2025-06-10,27200.0,400.0,0.01471,P0_50,538.0,537.0,534.0,531.0,527.0,0.18587,0.74349,1.30112,2.04461
6085,2022-10-28,2022-11-01,24600.0,1400.0,0.05691,P0_50,20.3,20.4,19.6,19.5,19.5,-0.49261,3.44828,3.94089,3.94089
1871,2023-04-28,2023-05-02,182000.0,1900.0,0.01044,P0_50,679.0,675.0,692.0,686.0,699.0,0.5891,-1.91458,-1.03093,-2.94551
8715,2021-10-22,2021-10-26,351000.0,12000.0,0.03419,P0_50,894.0,884.0,881.0,891.0,906.0,1.11857,1.45414,0.33557,-1.34228
2418,2025-10-17,2025-10-21,712600.0,6000.0,0.00842,P0_50,663.0,652.0,656.0,654.0,621.0,1.65913,1.05581,1.35747,6.33484
4423,2022-03-04,2022-03-08,231900.0,3000.0,0.01294,P0_50,1275.0,1254.0,1269.0,1245.0,1327.0,1.64706,0.47059,2.35294,-4.07843
7936,2024-07-12,2024-07-17,1367700.0,51300.0,0.03751,P0_50,2675.0,2680.0,2694.5,2478.0,2347.0,-0.18692,-0.72897,7.36449,12.26168
7752,2025-06-13,2025-06-17,875300.0,5400.0,0.00617,P0_50,1288.5,1312.5,1312.0,1308.0,1372.5,-1.86263,-1.82383,-1.51339,-6.51921
5357,2025-02-28,2025-03-04,244500.0,500.0,0.00204,P0_50,1710.0,1705.0,1706.0,1705.0,1710.0,0.2924,0.23392,0.2924,-0.0
5240,2023-10-06,2023-10-11,632700.0,16800.0,0.02655,P0_50,680.0,688.0,638.0,615.0,510.0,-1.17647,6.17647,9.55882,25.0
5410,2022-01-21,2022-01-25,223700.0,3400.0,0.0152,P0_50,1434.0,1385.0,1366.0,1409.0,1361.0,3.41702,4.74198,1.74338,5.09066
3160,2025-12-05,2025-12-09,49700.0,1500.0,0.03018,P0_50,565.0,565.0,561.0,565.0,559.0,-0.0,0.70796,-0.0,1.06195
2267,2024-08-23,2024-08-27,651800.0,9300.0,0.01427,P0_50,3021.0,3040.0,3085.0,3148.0,3139.0,-0.62893,-2.1185,-4.20391,-3.90599
1379,2025-12-05,2025-12-09,13400.0,500.0,0.03731,P0_50,2019.0,2029.0,2040.0,2070.0,2031.0,-0.49529,-1.04012,-2.526,-0.59435
3877,2025-01-10,2025-01-15,77100.0,300.0,0.00389,P0_50,1470.0,1469.0,1459.0,1466.0,1517.0,0.06803,0.7483,0.27211,-3.19728
1890,2022-06-03,2022-06-07,432300.0,8200.0,0.01897,P0_50,839.0,838.0,819.0,805.0,811.0,0.11919,2.38379,4.05244,3.33731
5331,2024-05-17,2024-05-21,45000.0,1100.0,0.02444,P0_50,2010.0,2020.0,2010.0,2015.0,2007.5,-0.49751,-0.0,-0.24876,0.12438
5008,2022-07-08,2022-07-12,63000.0,100.0,0.00159,P0_50,2500.0,2491.0,2491.0,2460.0,2437.0,0.36,0.36,1.6,2.52
7060,2025-08-29,2025-09-02,109300.0,800.0,0.00732,P0_50,632.0,648.0,620.0,649.0,624.0,-2.53165,1.89873,-2.68987,1.26582
7097,2024-10-11,2024-10-16,117100.0,800.0,0.00683,P0_50,967.0,972.0,975.0,952.0,967.0,-0.51706,-0.8273,1.55119,-0.0
9956,2022-12-23,2022-12-27,38500.0,800.0,0.02078,P0_50,1803.0,1830.0,1820.0,1776.0,1772.0,-1.4975,-0.94287,1.4975,1.71936
2918,2025-07-18,2025-07-23,62000.0,400.0,0.00645,P0_50,2604.0,2610.0,2667.0,2653.0,2728.0,-0.23041,-2.41935,-1.88172,-4.7619
5938,2022-02-25,2022-03-01,211500.0,3100.0,0.01466,P0_50,2618.0,2522.0,2351.0,2162.0,2191.0,3.66692,10.19862,17.41788,16.31016
8160,2025-01-31,2025-02-04,66900.0,2900.0,0.04335,P0_50,2167.0,2168.0,2140.0,2194.0,2173.0,-0.04615,1.24596,-1.24596,-0.27688
9960,2024-03-29,2024-04-02,61600.0,1600.0,0.02597,P0_50,3005.0,2952.0,2982.0,3045.0,3180.0,1.76373,0.76539,-1.33111,-5.82363
1826,2023-01-20,2023-01-24,1108200.0,4400.0,0.00397,P0_50,456.0,464.0,478.0,474.0,510.0,-1.75439,-4.82456,-3.94737,-11.84211
6942,2022-10-21,2022-10-25,32900.0,200.0,0.00608,P0_50,722.0,723.0,730.0,738.0,725.0,-0.1385,-1.10803,-2.21607,-0.41551
7367,2025-10-17,2025-10-21,95300.0,3700.0,0.03882,P0_50,346.0,348.0,348.0,346.0,344.0,-0.57803,-0.57803,-0.0,0.57803
6156,2024-11-01,2024-11-06,16100.0,200.0,0.01242,P0_50,1797.0,1788.0,1771.0,1780.0,1777.0,0.50083,1.44686,0.94602,1.11297
3727,2022-06-10,2022-06-14,623200.0,13700.0,0.02198,P0_50,130.0,133.0,128.0,129.0,130.0,-2.30769,1.53846,0.76923,-0.0
8154,2022-12-23,2022-12-27,200500.0,1800.0,0.00898,P0_50,2025.0,2032.5,2040.0,1957.5,2030.0,-0.37037,-0.74074,3.33333,-0.24691
6406,2024-08-02,2024-08-06,11000.0,500.0,0.04545,P0_50,3876.0,4042.0,4250.0,4412.0,4583.0,-4.28277,-9.64912,-13.82869,-18.24045
7277,2024-06-07,2024-06-11,395100.0,4000.0,0.01012,P0_50,305.0,308.0,303.0,300.0,303.0,-0.98361,0.65574,1.63934,0.65574
6273,2022-11-04,2022-11-08,88300.0,4600.0,0.0521,P0_50,61510.0,62800.0,65000.0,65320.0,63850.0,-2.09722,-5.67387,-6.19411,-3.80426
2388,2025-06-27,2025-07-01,1078300.0,59400.0,0.05509,P0_50,82.0,80.0,81.0,83.0,93.0,2.43902,1.21951,-1.21951,-13.41463
2673,2025-05-02,2025-05-08,941400.0,5300.0,0.00563,P0_50,105.0,105.0,150.0,219.0,132.0,-0.0,-42.85714,-108.57143,-25.71429
7229,2023-05-19,2023-05-23,80700.0,1000.0,0.01239,P0_50,1768.0,1760.0,1757.0,1784.0,1745.0,0.45249,0.62217,-0.90498,1.3009
6597,2023-07-07,2023-07-11,64400.0,2800.0,0.04348,P0_50,2251.0,2248.0,2309.0,2233.0,2166.0,0.13327,-2.57663,0.79964,3.7761
8105,2022-04-22,2022-04-26,467800.0,1800.0,0.00385,P0_50,52.0,51.0,51.0,51.0,50.0,1.92308,1.92308,1.92308,3.84615
8095,2024-09-20,2024-09-25,145100.0,3500.0,0.02412,P0_50,526.0,519.0,515.0,521.0,514.0,1.3308,2.09125,0.95057,2.28137
6542,2023-05-19,2023-05-23,193700.0,8900.0,0.04595,P0_50,772.7,760.9,772.7,777.3,774.5,1.52711,-0.0,-0.59532,-0.23295
6430,2021-12-30,2022-01-05,29000.0,700.0,0.02414,P0_50,1230.0,1234.0,1227.0,1242.0,1196.0,-0.3252,0.2439,-0.97561,2.76423
3359,2023-09-01,2023-09-05,289200.0,12300.0,0.04253,P0_50,506.0,513.0,500.0,502.0,523.0,-1.3834,1.18577,0.79051,-3.35968
7095,2024-02-02,2024-02-06,123800.0,4300.0,0.03473,P0_50,4537.5,4510.0,4455.0,4382.5,4802.5,0.60606,1.81818,3.41598,-5.84022
9245,2025-05-02,2025-05-08,24600.0,100.0,0.00407,P0_50,1900.0,1889.0,1899.0,1960.0,1706.0,0.57895,0.05263,-3.15789,10.21053
4264,2023-08-10,2023-08-15,265000.0,10500.0,0.03962,P0_50,1772.0,1623.0,1652.0,1760.0,1590.0,8.40858,6.77201,0.6772,10.27088
7743,2024-03-29,2024-04-02,205100.0,1500.0,0.00731,P0_50,645.0,632.0,618.0,614.0,607.0,2.0155,4.18605,4.8062,5.89147
6556,2022-05-13,2022-05-17,297400.0,8800.0,0.02959,P0_50,800.0,797.0,854.0,874.0,861.0,0.375,-6.75,-9.25,-7.625
9171,2022-04-15,2022-04-19,314000.0,18300.0,0.05828,P0_50,446.0,444.0,439.0,442.0,435.0,0.44843,1.56951,0.89686,2.46637
8118,2025-11-28,2025-12-02,18900.0,300.0,0.01587,P0_50,883.0,890.0,900.0,905.0,901.0,-0.79275,-1.92525,-2.49151,-2.03851
4237,2022-07-01,2022-07-05,315300.0,8400.0,0.02664,P0_50,319.0,318.0,321.0,322.0,322.0,0.31348,-0.62696,-0.94044,-0.94044
9560,2024-03-15,2024-03-19,463600.0,17100.0,0.03689,P0_50,1371.0,1389.0,1366.0,1377.0,1340.0,-1.31291,0.3647,-0.43764,2.26112
7460,2023-05-19,2023-05-23,427600.0,700.0,0.00164,P0_50,436.7,425.0,431.3,429.7,435.3,2.67918,1.23655,1.60293,0.32059
1879,2022-01-21,2022-01-25,38800.0,500.0,0.01289,P0_50,764.0,760.0,740.0,748.0,758.0,0.52356,3.14136,2.09424,0.78534
7422,2025-04-18,2025-04-22,27300.0,200.0,0.00733,P0_50,392.0,405.0,418.0,392.0,435.0,-3.31633,-6.63265,-0.0,-10.96939
7908,2022-06-03,2022-06-07,389900.0,11300.0,0.02898,P0_50,243.0,238.0,236.0,222.0,219.0,2.05761,2.88066,8.64198,9.87654
2764,2023-04-28,2023-05-02,588700.0,2400.0,0.00408,P0_50,287.0,292.0,326.0,296.0,278.0,-1.74216,-13.58885,-3.13589,3.13589
2196,2025-04-25,2025-04-30,169500.0,6400.0,0.03776,P0_50,189.0,188.0,187.0,190.0,179.0,0.5291,1.0582,-0.5291,5.29101
5243,2024-12-13,2024-12-17,331600.0,16500.0,0.04976,P0_50,491.0,488.0,473.0,473.0,523.0,0.611,3.66599,3.66599,-6.51731
1853,2023-06-23,2023-06-27,261400.0,4300.0,0.01645,P0_50,305.0,304.0,305.0,306.0,304.0,0.32787,-0.0,-0.32787,0.32787
9115,2022-09-09,2022-09-13,1447800.0,27700.0,0.01913,P0_50,780.0,770.0,771.0,729.0,696.0,1.28205,1.15385,6.53846,10.76923
6378,2023-05-19,2023-05-23,157500.0,4000.0,0.0254,P0_50,742.0,734.0,742.0,710.0,726.0,1.07817,-0.0,4.31267,2.15633
9531,2025-08-08,2025-08-13,37800.0,1900.0,0.05026,P0_50,5623.0,5602.0,5696.0,5636.0,5641.0,0.37347,-1.29824,-0.23119,-0.32011
6505,2022-01-07,2022-01-12,108800.0,100.0,0.00092,P0_50,1017.0,1010.0,1024.0,994.0,963.0,0.6883,-0.6883,2.26155,5.30973
7868,2024-09-20,2024-09-25,1036900.0,20100.0,0.01938,P0_50,516.0,522.0,506.0,514.0,501.0,-1.16279,1.93798,0.3876,2.90698
6923,2022-06-24,2022-06-28,89000.0,4400.0,0.04944,P0_50,2296.0,2286.0,2221.0,2220.0,2323.0,0.43554,3.26655,3.3101,-1.17596
1964,2025-03-21,2025-03-25,22700.0,200.0,0.00881,P0_50,3825.0,3795.0,3730.0,3695.0,3060.0,0.78431,2.48366,3.39869,20.0
6820,2021-10-29,2021-11-02,11700.0,100.0,0.00855,P0_50,2443.0,2410.0,2436.0,2394.0,2379.0,1.3508,0.28653,2.00573,2.61973
3676,2021-10-29,2021-11-02,221500.0,5500.0,0.02483,P0_50,1854.0,1850.0,1804.0,2129.0,2458.0,0.21575,2.69687,-14.83279,-32.57821
5104,2021-10-15,2021-10-19,45800.0,900.0,0.01965,P0_50,422.0,421.0,428.0,422.0,428.0,0.23697,-1.4218,-0.0,-1.4218
6762,2025-01-17,2025-01-21,1923100.0,33700.0,0.01752,P0_50,1900.0,1863.0,1951.5,1898.0,1775.0,1.94737,-2.71053,0.10526,6.57895
9563,2024-12-06,2024-12-10,268400.0,7800.0,0.02906,P0_50,300.0,301.0,300.0,298.0,291.0,-0.33333,-0.0,0.66667,3.0
7992,2022-12-16,2022-12-20,222600.0,1900.0,0.00854,P0_50,165.0,161.0,157.0,156.0,155.0,2.42424,4.84848,5.45455,6.06061
6343,2025-05-09,2025-05-13,754900.0,12100.0,0.01603,P0_50,102.0,101.0,102.0,107.0,103.0,0.98039,-0.0,-4.90196,-0.98039
5975,2022-09-02,2022-09-06,13700.0,100.0,0.0073,P0_50,1227.0,1210.0,1260.0,1261.0,1212.0,1.38549,-2.68949,-2.77099,1.22249
3320,2024-09-27,2024-10-01,33200.0,800.0,0.0241,P0_50,1084.0,1092.0,1085.0,1101.0,1077.0,-0.73801,-0.09225,-1.56827,0.64576
2805,2022-02-10,2022-02-15,16400.0,100.0,0.0061,P0_50,1865.0,1877.5,1872.5,1870.0,1885.0,-0.67024,-0.40214,-0.2681,-1.07239
6171,2025-07-18,2025-07-23,287700.0,7700.0,0.02676,P0_50,380.0,384.0,418.0,430.0,479.0,-1.05263,-10.0,-13.15789,-26.05263
3566,2025-07-04,2025-07-08,26300.0,1000.0,0.03802,P0_50,600.0,606.0,602.0,591.0,588.0,-1.0,-0.33333,1.5,2.0
8105,2024-05-24,2024-05-28,1107900.0,18800.0,0.01697,P0_50,52.0,50.0,49.0,50.0,49.0,3.84615,5.76923,3.84615,5.76923
6822,2025-04-18,2025-04-22,26500.0,1100.0,0.04151,P0_50,2618.0,2681.0,2913.0,2663.0,2778.0,-2.40642,-11.26814,-1.71887,-6.11154
3050,2022-06-03,2022-06-07,48800.0,2600.0,0.05328,P0_50,1083.0,1072.0,1037.0,1029.0,1007.0,1.0157,4.24746,4.98615,7.01754
9706,2023-09-22,2023-09-26,169100.0,4200.0,0.02484,P0_50,6353.0,6290.0,6174.0,6265.0,6350.0,0.99166,2.81757,1.38517,0.04722
175A,2025-04-04,2025-04-08,84200.0,1100.0,0.01306,P0_50,697.0,705.0,700.0,753.0,804.0,-1.14778,-0.43042,-8.03443,-15.35151
8285,2024-10-25,2024-10-29,116700.0,4300.0,0.03685,P0_50,319.0,319.0,316.0,315.0,324.0,-0.0,0.94044,1.25392,-1.5674
2983,2024-11-01,2024-11-06,45200.0,300.0,0.00664,P0_50,577.5,570.5,588.5,620.0,620.0,1.21212,-1.90476,-7.35931,-7.35931
9983,2022-02-18,2022-02-22,304900.0,8600.0,0.02821,P0_50,21310.0,21120.0,20690.0,20793.3,19856.7,0.8916,2.90943,2.42468,6.8198
3924,2024-12-20,2024-12-24,16300.0,300.0,0.0184,P0_50,638.0,642.0,662.0,677.0,672.0,-0.62696,-3.76176,-6.11285,-5.32915
6167,2023-04-28,2023-05-02,668400.0,10000.0,0.01496,P0_50,733.0,736.0,756.0,731.0,694.0,-0.40928,-3.13779,0.27285,5.3206
3810,2022-10-21,2022-10-25,971300.0,5000.0,0.00515,P0_50,511.0,519.0,513.0,558.0,581.0,-1.56556,-0.39139,-9.19765,-13.69863
2930,2022-02-10,2022-02-15,1873800.0,22200.0,0.01185,P0_50,231.0,232.0,216.0,217.0,228.0,-0.4329,6.49351,6.06061,1.2987
7072,2023-05-12,2023-05-16,89400.0,1900.0,0.02125,P0_50,1771.0,1582.0,1604.0,1704.0,1567.0,10.67194,9.4297,3.78317,11.51892
4124,2025-02-28,2025-03-04,19200.0,100.0,0.00521,P0_50,2363.0,2398.0,2366.0,2370.0,2375.0,-1.48117,-0.12696,-0.29623,-0.50783
4506,2025-05-09,2025-05-13,3107400.0,167900.0,0.05403,P0_50,947.0,879.0,821.0,844.0,787.0,7.18057,13.30517,10.87645,16.89546
9366,2025-11-07,2025-11-11,27000.0,1300.0,0.04815,P0_50,863.0,866.0,860.0,854.0,852.0,-0.34762,0.34762,1.04287,1.27462
6743,2023-10-27,2023-10-31,86300.0,200.0,0.00232,P0_50,413.0,413.0,416.0,413.0,412.0,-0.0,-0.72639,-0.0,0.24213
7199,2022-09-22,2022-09-27,143400.0,6500.0,0.04533,P0_50,1780.0,1764.0,1770.0,1819.0,1585.0,0.89888,0.5618,-2.19101,10.95506
8242,2023-11-17,2023-11-21,437600.0,17900.0,0.0409,P0_50,1639.0,1640.0,1652.0,1660.0,1652.0,-0.06101,-0.79317,-1.28127,-0.79317
2845,2023-06-02,2023-06-06,39760.0,2310.0,0.0581,P0_50,2028.5,2036.5,2021.5,2065.0,2099.5,-0.39438,0.34508,-1.79936,-3.50012
6430,2025-06-27,2025-07-01,175700.0,9900.0,0.05635,P0_50,2185.0,2130.0,2140.0,2114.0,2130.0,2.51716,2.0595,3.24943,2.51716
9760,2024-12-06,2024-12-10,65200.0,100.0,0.00153,P0_50,202.0,202.0,202.0,202.0,201.0,-0.0,-0.0,-0.0,0.49505
148A,2025-04-04,2025-04-08,57500.0,800.0,0.01391,P0_50,1211.0,1266.0,1210.0,1320.0,1430.0,-4.5417,0.08258,-9.00083,-18.08423
3392,2025-10-03,2025-10-07,172200.0,500.0,0.0029,P0_50,921.0,911.0,937.0,860.0,850.0,1.08578,-1.73724,6.62324,7.70901
4060,2022-11-18,2022-11-22,85200.0,5000.0,0.05869,P0_50,995.0,984.0,1035.0,1016.0,970.0,1.10553,-4.0201,-2.11055,2.51256
7068,2023-06-23,2023-06-27,174600.0,10200.0,0.05842,P0_50,923.0,919.0,1043.0,1063.0,935.0,0.43337,-13.00108,-15.16793,-1.30011
9041,2023-07-28,2023-08-01,190300.0,10900.0,0.05728,P0_50,4798.0,4778.0,4617.0,4665.0,4664.0,0.41684,3.77241,2.77199,2.79283
6723,2024-03-01,2024-03-05,8796600.0,227700.0,0.02589,P0_50,2700.0,2686.0,2628.0,2460.0,2519.5,0.51852,2.66667,8.88889,6.68519
8214,2022-06-24,2022-06-28,115300.0,3900.0,0.03382,P0_50,705.0,710.0,694.0,683.0,678.0,-0.70922,1.56028,3.12057,3.82979
6444,2022-07-22,2022-07-26,1095300.0,54600.0,0.04985,P0_50,247.0,244.0,246.0,244.0,244.0,1.21457,0.40486,1.21457,1.21457
5994,2025-10-31,2025-11-05,64200.0,300.0,0.00467,P0_50,1531.0,1906.0,1740.0,1830.0,1919.0,-24.49379,-13.65121,-19.52972,-25.34291
4920,2023-06-09,2023-06-13,31300.0,1600.0,0.05112,P0_50,1588.0,1652.0,1677.0,1689.0,1660.0,-4.03023,-5.60453,-6.3602,-4.53401
7162,2023-08-10,2023-08-15,354400.0,600.0,0.00169,P0_50,223.0,223.0,220.0,221.0,222.0,-0.0,1.34529,0.89686,0.44843
4488,2021-12-03,2021-12-07,176500.0,4700.0,0.02663,P0_50,8590.0,7620.0,7470.0,6800.0,6200.0,11.2922,13.03842,20.83818,27.82305
8439,2022-01-21,2022-01-25,52300.0,3000.0,0.05736,P0_50,1412.5,1382.5,1372.5,1397.5,1445.0,2.12389,2.83186,1.06195,-2.30088
6592,2023-04-28,2023-05-02,79300.0,1700.0,0.02144,P0_50,966.3,967.5,973.8,972.5,992.5,-0.12419,-0.77616,-0.64162,-2.71137
2408,2023-03-24,2023-03-28,47600.0,1200.0,0.02521,P0_50,373.0,371.0,376.0,390.0,390.0,0.53619,-0.80429,-4.55764,-4.55764
3688,2024-03-29,2024-04-02,18200.0,1000.0,0.05495,P0_50,1568.0,1535.0,1612.0,1620.0,1706.0,2.10459,-2.80612,-3.31633,-8.80102
3992,2025-04-25,2025-04-30,1020200.0,9900.0,0.0097,P0_50,464.0,463.0,456.0,464.0,505.0,0.21552,1.72414,-0.0,-8.83621
5035,2023-10-06,2023-10-11,210300.0,5200.0,0.02473,P0_50,520.0,526.0,508.0,501.0,481.0,-1.15385,2.30769,3.65385,7.5
2722,2025-08-29,2025-09-02,85600.0,600.0,0.00701,P0_50,413.0,411.0,463.0,446.0,469.0,0.48426,-12.10654,-7.99031,-13.55932
6085,2021-12-24,2021-12-28,46500.0,1100.0,0.02366,P0_50,19.0,19.3,19.7,19.4,25.1,-1.57895,-3.68421,-2.10526,-32.10526
6317,2022-12-23,2022-12-27,87100.0,1600.0,0.01837,P0_50,1146.0,1136.0,1145.0,1118.0,1127.0,0.8726,0.08726,2.44328,1.65794
7505,2025-12-05,2025-12-09,41700.0,1400.0,0.03357,P0_50,1802.0,1785.0,1808.0,1773.0,1893.0,0.9434,-0.33296,1.60932,-5.04994
8230,2022-12-09,2022-12-13,353800.0,1600.0,0.00452,P0_50,348.0,343.0,342.0,344.0,332.0,1.43678,1.72414,1.14943,4.5977
3776,2022-01-07,2022-01-12,2322600.0,50800.0,0.02187,P0_50,185.0,184.0,180.0,179.0,176.0,0.54054,2.7027,3.24324,4.86486
2281,2025-11-21,2025-11-26,507400.0,5700.0,0.01123,P0_50,2550.0,2580.0,2635.0,2554.0,2568.0,-1.17647,-3.33333,-0.15686,-0.70588
2562,2022-12-09,2022-12-13,48770.0,770.0,0.01579,P0_50,2857.5,2871.5,2793.0,2755.5,2807.5,-0.48994,2.25722,3.56955,1.74978
9697,2022-01-07,2022-01-12,500000.0,19700.0,0.0394,P0_50,1293.5,1279.5,1225.0,1301.5,1301.0,1.08233,5.29571,-0.61848,-0.57982
8750,2022-08-12,2022-08-16,1169500.0,66900.0,0.0572,P0_50,586.0,581.3,598.1,605.0,595.9,0.80205,-2.06485,-3.24232,-1.68942
4824,2022-11-25,2022-11-29,163800.0,8600.0,0.0525,P0_50,345.0,350.0,359.0,353.0,339.0,-1.44928,-4.05797,-2.31884,1.73913
3191,2022-06-24,2022-06-28,73900.0,1900.0,0.02571,P0_50,1568.0,1578.0,1600.0,1575.0,1616.0,-0.63776,-2.04082,-0.44643,-3.06122
2910,2021-12-24,2021-12-28,48600.0,100.0,0.00206,P0_50,1495.0,1513.0,1518.0,1510.0,1514.0,-1.20401,-1.53846,-1.00334,-1.2709
4593,2022-11-04,2022-11-08,2533000.0,4100.0,0.00162,P0_50,275.0,278.0,283.0,286.0,279.0,-1.09091,-2.90909,-4.0,-1.45455
9360,2024-06-21,2024-06-25,55700.0,1300.0,0.02334,P0_50,2400.0,2440.0,2388.0,2398.0,2393.0,-1.66667,0.5,0.08333,0.29167
7177,2025-08-01,2025-08-05,271600.0,13500.0,0.04971,P0_50,842.0,909.0,921.0,940.0,934.0,-7.95724,-9.38242,-11.63895,-10.92637
3399,2024-05-02,2024-05-08,301900.0,500.0,0.00166,P0_50,1710.0,1680.0,1617.5,1627.5,1590.0,1.75439,5.40936,4.82456,7.01754
6222,2024-02-02,2024-02-06,228700.0,3600.0,0.01574,P0_50,1416.0,1404.0,1417.0,1440.0,1395.0,0.84746,-0.07062,-1.69492,1.48305
3695,2024-08-23,2024-08-27,11900.0,300.0,0.02521,P0_50,2500.0,2520.0,2502.0,2513.0,2810.0,-0.8,-0.08,-0.52,-12.4
2594,2024-05-02,2024-05-08,19400.0,500.0,0.02577,P0_50,2030.0,2027.0,2036.0,2046.0,2038.0,0.14778,-0.29557,-0.78818,-0.39409
6258,2025-08-29,2025-09-02,269100.0,2400.0,0.00892,P0_50,1792.0,1817.0,1815.0,1866.0,1904.0,-1.39509,-1.28348,-4.12946,-6.25
7709,2025-07-18,2025-07-23,265800.0,6400.0,0.02408,P0_50,189.0,189.0,195.0,191.0,198.0,-0.0,-3.1746,-1.0582,-4.7619
6734,2022-09-22,2022-09-27,12700.0,200.0,0.01575,P0_50,1415.0,1440.0,1470.0,1428.0,1360.0,-1.76678,-3.88693,-0.91873,3.88693
5923,2022-11-18,2022-11-22,12100.0,600.0,0.04959,P0_50,798.3,800.0,812.3,816.7,813.3,-0.21295,-1.75373,-2.3049,-1.87899
2933,2022-08-12,2022-08-16,137800.0,1900.0,0.01379,P0_50,955.0,967.0,987.0,995.0,998.0,-1.25654,-3.35079,-4.18848,-4.50262
2157,2024-03-01,2024-03-05,772000.0,18100.0,0.02345,P0_50,904.0,917.0,927.0,914.0,952.0,-1.43805,-2.54425,-1.10619,-5.30973
7413,2025-11-14,2025-11-18,10900.0,600.0,0.05505,P0_50,2498.0,2513.0,2526.0,2506.0,2600.0,-0.60048,-1.1209,-0.32026,-4.08327
6579,2023-08-04,2023-08-08,257500.0,5100.0,0.01981,P0_50,847.0,832.0,682.0,719.0,736.0,1.77096,19.48052,15.11216,13.10508
4047,2025-06-27,2025-07-01,104000.0,5800.0,0.05577,P0_50,836.0,830.0,856.0,825.0,865.0,0.7177,-2.39234,1.31579,-3.4689
6942,2024-07-26,2024-07-30,36900.0,1000.0,0.0271,P0_50,1115.0,1101.0,1131.0,1000.0,1120.0,1.25561,-1.43498,10.3139,-0.44843
7841,2022-03-04,2022-03-08,133600.0,5500.0,0.04117,P0_50,565.0,550.0,576.0,602.0,586.0,2.65487,-1.9469,-6.54867,-3.71681
5699,2024-06-21,2024-06-25,58100.0,2100.0,0.03614,P0_50,1208.0,1203.0,1199.0,1210.0,1215.0,0.41391,0.74503,-0.16556,-0.57947
3672,2024-06-14,2024-06-18,537400.0,22400.0,0.04168,P0_50,133.0,130.0,131.0,134.0,131.0,2.25564,1.50376,-0.75188,1.50376
2632,2024-08-23,2024-08-27,17300.0,435.0,0.02514,P0_50,12830.0,12845.0,12745.0,12840.0,12280.0,-0.11691,0.66251,-0.07794,4.28683
3003,2023-01-27,2023-01-31,869500.0,32200.0,0.03703,P0_50,1069.0,1079.0,1059.0,1068.0,1075.0,-0.93545,0.93545,0.09355,-0.56127
8273,2024-02-22,2024-02-27,22700.0,300.0,0.01322,P0_50,1206.3,1197.3,1141.3,1147.7,1154.0,0.74608,5.38838,4.85783,4.33557
8537,2025-06-20,2025-06-24,129700.0,900.0,0.00694,P0_50,1409.0,1411.0,1444.0,1431.0,1480.0,-0.14194,-2.48403,-1.56139,-5.03903
8095,2024-03-01,2024-03-05,181300.0,100.0,0.00055,P0_50,470.0,472.0,471.0,470.0,479.0,-0.42553,-0.21277,-0.0,-1.91489
3329,2025-07-25,2025-07-29,14600.0,400.0,0.0274,P0_50,2105.0,2104.0,2110.0,2111.0,2112.0,0.04751,-0.23753,-0.28504,-0.33254
5036,2024-08-23,2024-08-27,392700.0,3800.0,0.00968,P0_50,951.0,949.0,1015.0,1016.0,953.0,0.2103,-6.72976,-6.83491,-0.2103
2498,2024-08-09,2024-08-14,19400.0,200.0,0.01031,P0_50,1592.5,1600.0,1612.5,1630.0,2015.0,-0.47096,-1.25589,-2.35479,-26.53061
8613,2023-03-17,2023-03-22,169400.0,5700.0,0.03365,P0_50,413.0,415.0,425.0,433.0,427.0,-0.48426,-2.90557,-4.84262,-3.38983
6209,2025-02-28,2025-03-04,82200.0,600.0,0.0073,P0_50,2600.0,2588.0,2635.0,2600.0,2652.0,0.46154,-1.34615,-0.0,-2.0
3099,2025-01-24,2025-01-28,1260000.0,73000.0,0.05794,P0_50,2609.5,2640.0,2730.0,2698.0,2461.0,-1.16881,-4.61774,-3.39145,5.69075
9423,2022-10-21,2022-10-25,513600.0,16200.0,0.03154,P0_50,97.0,98.0,97.0,98.0,99.0,-1.03093,-0.0,-1.03093,-2.06186
3645,2025-02-07,2025-02-12,76900.0,1400.0,0.01821,P0_50,330.0,329.0,326.0,313.0,311.0,0.30303,1.21212,5.15152,5.75758
3895,2025-10-31,2025-11-05,84400.0,1700.0,0.02014,P0_50,407.0,400.0,401.0,404.0,406.0,1.7199,1.4742,0.7371,0.2457
3446,2024-05-17,2024-05-21,191800.0,4400.0,0.02294,P0_50,1788.0,1776.0,1721.0,1731.0,1805.0,0.67114,3.7472,3.18792,-0.95078
6809,2021-12-17,2021-12-21,17300.0,500.0,0.0289,P0_50,797.0,793.0,786.0,787.0,810.0,0.50188,1.38018,1.25471,-1.63112
3697,2024-05-02,2024-05-08,489000.0,8900.0,0.0182,P0_50,954.0,940.0,984.0,1133.3,1204.7,1.46751,-3.14465,-18.79455,-26.27883
5940,2022-08-12,2022-08-16,3159200.0,124600.0,0.03944,P0_50,700.0,700.0,700.0,710.0,700.0,-0.0,-0.0,-1.42857,-0.0
8365,2025-03-28,2025-04-01,58100.0,200.0,0.00344,P0_50,1544.0,1533.0,1500.0,1450.0,1472.0,0.71244,2.84974,6.08808,4.66321
8141,2022-10-07,2022-10-12,98000.0,1200.0,0.01224,P0_50,893.0,891.0,901.0,926.0,947.0,0.22396,-0.89586,-3.69541,-6.04703
6035,2022-12-02,2022-12-06,526800.0,500.0,0.00095,P0_50,1785.0,1770.0,1721.0,1835.0,1826.0,0.84034,3.58543,-2.80112,-2.29692
6637,2023-06-16,2023-06-20,136600.0,1900.0,0.01391,P0_50,1207.0,1209.0,1235.0,1245.0,1310.0,-0.1657,-2.3198,-3.1483,-8.53355
9066,2025-05-09,2025-05-13,300300.0,4100.0,0.01365,P0_50,7350.0,8130.0,8130.0,8140.0,8130.0,-10.61224,-10.61224,-10.7483,-10.61224
3041,2022-11-11,2022-11-15,38400.0,1800.0,0.04688,P0_50,277.0,276.0,277.0,277.0,280.0,0.36101,-0.0,-0.0,-1.08303
4301,2022-01-28,2022-02-01,12400.0,200.0,0.01613,P0_50,2033.0,2049.0,2069.0,2106.0,2120.0,-0.78701,-1.77078,-3.59075,-4.27939
9761,2024-05-24,2024-05-28,36100.0,1100.0,0.03047,P0_50,1815.0,1800.0,1773.0,1788.0,1766.0,0.82645,2.31405,1.4876,2.69972
8125,2025-10-10,2025-10-15,237100.0,3200.0,0.0135,P0_50,1763.0,1783.0,1798.0,1809.0,1801.0,-1.13443,-1.98525,-2.60919,-2.15542
4642,2025-04-11,2025-04-15,22700.0,100.0,0.00441,P0_50,1351.0,1339.0,1384.0,1377.0,1369.0,0.88823,-2.44264,-1.9245,-1.33235
7628,2022-01-07,2022-01-12,40800.0,1200.0,0.02941,P0_50,672.5,688.0,692.0,673.5,679.0,-2.30483,-2.89963,-0.1487,-0.96654
1898,2022-02-18,2022-02-22,304600.0,2400.0,0.00788,P0_50,815.0,818.0,817.0,812.0,772.0,-0.3681,-0.2454,0.3681,5.27607
5410,2022-11-18,2022-11-22,87500.0,2900.0,0.03314,P0_50,1941.0,1964.0,1986.0,1916.0,1981.0,-1.18496,-2.31839,1.288,-2.06079
9273,2023-01-06,2023-01-11,136400.0,4700.0,0.03446,P0_50,608.0,610.0,602.0,622.0,645.0,-0.32895,0.98684,-2.30263,-6.08553
3111,2022-10-07,2022-10-12,114100.0,4500.0,0.03944,P0_50,256.0,259.0,263.0,262.0,258.0,-1.17188,-2.73438,-2.34375,-0.78125
7135,2025-08-29,2025-09-02,79400.0,2500.0,0.03149,P0_50,231.0,230.0,225.0,235.0,229.0,0.4329,2.5974,-1.7316,0.8658
3945,2023-11-02,2023-11-07,27100.0,1000.0,0.0369,P0_50,2578.0,2515.0,2505.0,2388.0,2423.0,2.44375,2.83165,7.37005,6.01241
4732,2024-06-14,2024-06-18,353400.0,4500.0,0.01273,P0_50,1251.0,1265.5,1264.5,1316.5,1359.0,-1.15907,-1.07914,-5.23581,-8.63309
1826,2023-04-14,2023-04-18,1275100.0,27900.0,0.02188,P0_50,487.0,487.0,495.0,496.0,494.0,-0.0,-1.64271,-1.84805,-1.43737
1447,2024-01-26,2024-01-30,1549600.0,26500.0,0.0171,P0_50,315.0,330.0,313.0,345.0,315.0,-4.7619,0.63492,-9.52381,-0.0
9414,2023-05-19,2023-05-23,59100.0,2300.0,0.03892,P0_50,899.0,897.0,908.0,901.0,899.0,0.22247,-1.00111,-0.22247,-0.0
9991,2023-04-14,2023-04-18,62500.0,1000.0,0.016,P0_50,909.0,914.0,923.0,933.0,891.0,-0.55006,-1.54015,-2.64026,1.9802
6080,2022-12-16,2022-12-20,117600.0,900.0,0.00765,P0_50,4630.0,4560.0,4410.0,4405.0,4600.0,1.51188,4.75162,4.85961,0.64795
6436,2024-04-19,2024-04-23,25100.0,1300.0,0.05179,P0_50,3838.0,3788.0,3850.0,3775.0,3856.0,1.30276,-0.31266,1.64148,-0.46899
1438,2023-05-19,2023-05-23,23900.0,500.0,0.02092,P0_50,1142.0,1155.0,1175.0,1159.0,1161.0,-1.13835,-2.88967,-1.48862,-1.66375
2917,2024-07-26,2024-07-30,49700.0,700.0,0.01408,P0_50,1009.0,993.0,976.0,890.0,969.0,1.58573,3.27056,11.79386,3.96432
7198,2022-04-15,2022-04-19,459400.0,19700.0,0.04288,P0_50,1017.0,1024.0,1028.0,1003.0,1001.0,-0.6883,-1.08161,1.3766,1.57325
3691,2025-08-22,2025-08-26,121300.0,1600.0,0.01319,P0_50,1721.0,1654.0,1595.0,1446.0,1591.0,3.89309,7.32132,15.97908,7.55375
2491,2024-06-28,2024-07-02,213100.0,9400.0,0.04411,P0_50,1171.0,1180.0,1160.0,1190.0,1235.0,-0.76857,0.93937,-1.62254,-5.46541
9036,2022-01-28,2022-02-01,19900.0,300.0,0.01508,P0_50,893.0,895.0,899.0,897.0,886.0,-0.22396,-0.67189,-0.44793,0.78387
4304,2023-12-29,2024-01-05,56700.0,1400.0,0.02469,P0_50,1252.0,1262.0,1280.0,1270.0,1289.0,-0.79872,-2.23642,-1.4377,-2.95527
6563,2024-08-30,2024-09-03,44900.0,2100.0,0.04677,P0_50,1002.0,970.0,1031.0,1016.0,1106.0,3.19361,-2.89421,-1.39721,-10.37924
7198,2025-11-07,2025-11-11,241900.0,5600.0,0.02315,P0_50,814.0,839.0,840.0,842.0,840.0,-3.07125,-3.1941,-3.4398,-3.1941
5901,2023-06-09,2023-06-13,363100.0,5600.0,0.01542,P0_50,2125.0,2144.0,2130.0,2080.0,2082.5,-0.89412,-0.23529,2.11765,2.0
7352,2022-04-08,2022-04-12,37900.0,1100.0,0.02902,P0_50,251.3,252.5,254.3,253.3,261.5,-0.47752,-1.19379,-0.79586,-4.05889
3031,2025-08-22,2025-08-26,538300.0,15700.0,0.02917,P0_50,731.0,729.0,735.0,671.0,698.0,0.2736,-0.5472,8.20793,4.51436
6518,2023-08-18,2023-08-22,30800.0,300.0,0.00974,P0_50,1125.0,1130.0,1138.0,1145.0,1127.0,-0.44444,-1.15556,-1.77778,-0.17778
9021,2023-02-17,2023-02-21,1413400.0,5200.0,0.00368,P0_50,2619.5,2591.5,2628.0,2634.5,2660.0,1.06891,-0.32449,-0.57263,-1.5461
4784,2024-04-19,2024-04-23,26400.0,300.0,0.01136,P0_50,334.0,336.0,335.0,335.0,333.0,-0.5988,-0.2994,-0.2994,0.2994
4920,2024-10-25,2024-10-29,29400.0,1500.0,0.05102,P0_50,1274.0,1277.0,1265.0,1271.0,1249.0,-0.23548,0.70644,0.23548,1.96232
9025,2024-12-06,2024-12-10,52100.0,400.0,0.00768,P0_50,3065.0,2967.0,3000.0,2980.0,3035.0,3.19739,2.12072,2.77325,0.97879
8892,2023-03-24,2023-03-28,211500.0,1400.0,0.00662,P0_50,834.0,836.0,870.0,877.0,855.0,-0.23981,-4.31655,-5.15588,-2.51799
7600,2023-03-24,2023-03-28,124900.0,2400.0,0.01922,P0_50,1028.0,1013.0,1033.0,1045.0,1020.0,1.45914,-0.48638,-1.6537,0.77821
6345,2023-02-17,2023-02-21,122800.0,2200.0,0.01792,P0_50,777.0,787.0,800.0,791.0,821.0,-1.287,-2.9601,-1.8018,-5.66281
9147,2025-05-16,2025-05-20,67400.0,2300.0,0.03412,P0_50,2683.5,2665.0,2611.5,2628.5,2699.0,0.6894,2.68306,2.04956,-0.5776
8316,2023-06-16,2023-06-20,3031400.0,19100.0,0.0063,P0_50,1982.7,1953.0,2036.0,1993.3,2089.3,1.49796,-2.68825,-0.53462,-5.37651
1420,2025-07-25,2025-07-29,57600.0,1900.0,0.03299,P0_50,688.0,687.0,692.0,690.0,700.0,0.14535,-0.5814,-0.2907,-1.74419
7636,2024-01-26,2024-01-30,16700.0,100.0,0.00599,P0_50,1004.0,1017.0,1003.0,995.0,954.0,-1.29482,0.0996,0.89641,4.98008
9878,2023-12-08,2023-12-12,40700.0,2100.0,0.0516,P0_50,569.0,566.0,572.0,573.0,571.0,0.52724,-0.52724,-0.70299,-0.35149
7363,2025-11-21,2025-11-26,28000.0,600.0,0.02143,P0_50,1600.0,1590.0,1610.0,1580.0,1596.0,0.625,-0.625,1.25,0.25
4062,2024-02-09,2024-02-14,902700.0,45800.0,0.05074,P0_50,3738.0,3792.5,3625.0,3637.5,3350.0,-1.458,3.02301,2.6886,10.37988
5126,2023-05-26,2023-05-30,41100.0,700.0,0.01703,P0_50,1957.0,2012.0,1967.0,2014.0,2029.0,-2.81042,-0.51099,-2.91262,-3.6791
5541,2024-01-12,2024-01-16,1323400.0,6800.0,0.00514,P0_50,1223.0,1195.0,1172.0,1268.0,1550.0,2.28945,4.17007,-3.67948,-26.73753
1414,2025-05-23,2025-05-27,124900.0,4100.0,0.03283,P0_50,1208.8,1225.0,1222.5,1228.3,1228.0,-1.34017,-1.13336,-1.61317,-1.58835
7775,2024-08-09,2024-08-14,217700.0,600.0,0.00276,P0_50,530.0,526.0,523.0,528.0,534.0,0.75472,1.32075,0.37736,-0.75472
8260,2022-02-25,2022-03-01,2794800.0,23200.0,0.0083,P0_50,381.0,378.0,360.0,334.0,360.0,0.7874,5.51181,12.33596,5.51181
6516,2025-07-11,2025-07-15,137700.0,500.0,0.00363,P0_50,3246.7,3253.3,3283.3,3293.3,3196.7,-0.20328,-1.1273,-1.4353,1.54003
7805,2022-03-04,2022-03-08,81000.0,5800.0,0.0716,P50_75,560.0,546.0,527.0,533.0,550.0,2.5,5.89286,4.82143,1.78571
7911,2024-06-07,2024-06-11,141100.0,11400.0,0.08079,P50_75,4270.0,4350.0,4371.0,4452.0,4393.0,-1.87354,-2.36534,-4.2623,-2.88056
5586,2024-05-10,2024-05-14,884000.0,75300.0,0.08518,P50_75,1220.0,1220.0,1154.0,1565.0,1383.0,-0.0,5.40984,-28.27869,-13.36066
3659,2025-05-09,2025-05-13,108600.0,11000.0,0.10129,P50_75,2313.0,2616.0,2598.0,2553.5,2614.0,-13.09987,-12.32166,-10.39775,-13.0134
4763,2022-10-07,2022-10-12,233900.0,27300.0,0.11672,P50_75,2126.0,2090.0,1981.0,2015.0,2036.0,1.69332,6.82032,5.22107,4.2333
7271,2022-03-18,2022-03-23,49000.0,5100.0,0.10408,P50_75,802.0,816.0,869.0,843.0,810.0,-1.74564,-8.35411,-5.11222,-0.99751
2742,2023-06-23,2023-06-27,21000.0,1300.0,0.0619,P50_75,3555.0,3590.0,3835.0,3755.0,3680.0,-0.98453,-7.87623,-5.62588,-3.51617
1965,2025-09-19,2025-09-24,35600.0,3400.0,0.09551,P50_75,4885.0,4995.0,4660.0,5000.0,5400.0,-2.25179,4.60594,-2.35415,-10.54248
6141,2024-10-11,2024-10-16,485900.0,31500.0,0.06483,P50_75,2929.5,2940.5,2930.0,2840.0,2928.0,-0.37549,-0.01707,3.05513,0.0512
7427,2023-04-07,2023-04-11,130800.0,10600.0,0.08104,P50_75,770.0,796.0,780.0,772.0,754.0,-3.37662,-1.2987,-0.25974,2.07792
6217,2024-12-06,2024-12-10,20200.0,2300.0,0.11386,P50_75,341.0,342.0,340.0,340.0,337.0,-0.29326,0.29326,0.29326,1.17302
4301,2025-08-15,2025-08-19,89800.0,6800.0,0.07572,P50_75,1985.0,2000.0,2024.0,2002.0,1970.0,-0.75567,-1.96474,-0.85642,0.75567
2734,2024-02-09,2024-02-14,18300.0,1300.0,0.07104,P50_75,785.0,794.0,797.0,817.0,791.0,-1.1465,-1.52866,-4.07643,-0.76433
4889,2022-07-01,2022-07-05,550200.0,45800.0,0.08324,P50_75,354.0,364.0,361.0,371.0,398.0,-2.82486,-1.9774,-4.80226,-12.42938
6728,2024-05-17,2024-05-21,35900.0,2900.0,0.08078,P50_75,10995.0,11060.0,10900.0,11385.0,11210.0,-0.59118,0.86403,-3.54707,-1.95543
8057,2024-10-18,2024-10-22,39400.0,3500.0,0.08883,P50_75,1320.0,1292.0,1308.0,1296.0,1294.0,2.12121,0.90909,1.81818,1.9697
5194,2023-11-02,2023-11-07,47400.0,6100.0,0.12869,P50_75,881.0,876.0,872.0,857.0,854.0,0.56754,1.02157,2.72418,3.0647
6078,2025-02-28,2025-03-04,46900.0,3100.0,0.0661,P50_75,1454.0,1414.0,1409.0,1445.0,1500.0,2.75103,3.09491,0.61898,-3.16369
7803,2022-10-14,2022-10-18,292500.0,18600.0,0.06359,P50_75,416.0,421.0,420.5,428.5,447.0,-1.20192,-1.08173,-3.00481,-7.45192
9508,2024-04-12,2024-04-16,1496500.0,150200.0,0.10037,P50_75,1650.5,1641.0,1535.0,1541.0,1505.0,0.57558,6.99788,6.63435,8.81551
9790,2025-07-04,2025-07-08,27100.0,2000.0,0.0738,P50_75,3015.0,2992.0,3060.0,3080.0,3035.0,0.76285,-1.49254,-2.15589,-0.66335
7893,2025-11-28,2025-12-02,25000.0,2400.0,0.096,P50_75,1171.0,1161.0,1170.0,1149.0,1153.0,0.85397,0.0854,1.87874,1.53715
7082,2024-06-28,2024-07-02,167300.0,14400.0,0.08607,P50_75,665.5,652.5,654.0,677.5,716.5,1.95342,1.72802,-1.80316,-7.66341
1994,2023-06-23,2023-06-27,34600.0,2200.0,0.06358,P50_75,492.0,493.0,489.0,488.0,480.0,-0.20325,0.60976,0.81301,2.43902
6506,2025-10-03,2025-10-07,1086200.0,125700.0,0.11572,P50_75,3850.0,3586.0,4100.0,4114.0,4352.0,6.85714,-6.49351,-6.85714,-13.03896
4770,2023-09-01,2023-09-05,243500.0,24400.0,0.10021,P50_75,318.0,304.0,293.0,302.0,291.0,4.40252,7.86164,5.03145,8.49057
2991,2025-09-19,2025-09-24,75000.0,6400.0,0.08533,P50_75,778.0,792.5,786.0,754.5,721.0,-1.86375,-1.02828,3.02057,7.32648
5384,2023-12-22,2023-12-26,46700.0,4500.0,0.09636,P50_75,2923.0,3030.0,3090.0,3010.0,2869.0,-3.66062,-5.71331,-2.97639,1.84742
9313,2024-09-06,2024-09-10,16200.0,1600.0,0.09877,P50_75,830.0,830.0,873.0,878.0,850.0,-0.0,-5.18072,-5.78313,-2.40964
2737,2025-05-09,2025-05-13,46800.0,6100.0,0.13034,P50_75,5610.0,5720.0,5620.0,5600.0,5590.0,-1.96078,-0.17825,0.17825,0.35651
6082,2023-12-01,2023-12-05,28100.0,2800.0,0.09964,P50_75,1014.0,1010.0,1006.0,1023.0,1007.0,0.39448,0.78895,-0.88757,0.69034
8237,2024-04-05,2024-04-09,173500.0,22300.0,0.12853,P50_75,1058.0,1052.0,978.0,977.0,932.0,0.56711,7.56144,7.65595,11.90926
2175,2022-07-22,2022-07-26,83900.0,9400.0,0.11204,P50_75,3045.0,3025.0,3150.0,3440.0,3370.0,0.65681,-3.44828,-12.97209,-10.67323
6675,2022-12-16,2022-12-20,185100.0,11700.0,0.06321,P50_75,411.0,413.3,400.0,400.3,399.0,-0.55961,2.6764,2.60341,2.91971
4629,2025-11-28,2025-12-02,10300.0,1400.0,0.13592,P50_75,1575.0,1575.0,1580.0,1574.0,1577.0,-0.0,-0.31746,0.06349,-0.12698
6568,2022-06-10,2022-06-14,105000.0,11600.0,0.11048,P50_75,1088.0,1081.0,1075.0,1048.0,1073.0,0.64338,1.19485,3.67647,1.37868
4718,2025-12-05,2025-12-09,24500.0,3300.0,0.13469,P50_75,2281.0,2224.0,2285.0,2341.0,2280.0,2.4989,-0.17536,-2.63043,0.04384
2788,2024-07-26,2024-07-30,685500.0,76700.0,0.11189,P50_75,507.0,506.0,465.0,414.0,402.0,0.19724,8.28402,18.3432,20.71006
9828,2025-07-11,2025-07-15,29200.0,3000.0,0.10274,P50_75,3890.0,3850.0,3910.0,3770.0,3740.0,1.02828,-0.51414,3.08483,3.85604
8308,2022-01-21,2022-01-25,2129500.0,233300.0,0.10956,P50_75,485.2,488.3,486.8,490.5,546.6,-0.63891,-0.32976,-1.09233,-12.65458
7919,2022-06-03,2022-06-07,255700.0,24200.0,0.09464,P50_75,112.0,113.0,113.0,111.0,110.0,-0.89286,-0.89286,0.89286,1.78571
3046,2024-04-05,2024-04-09,42400.0,4100.0,0.0967,P50_75,4215.0,4150.0,4105.0,3450.0,3300.0,1.54211,2.60973,18.14947,21.70819
6367,2024-02-09,2024-02-14,1054800.0,75900.0,0.07196,P50_75,21100.0,21200.0,21400.0,21365.0,21350.0,-0.47393,-1.4218,-1.25592,-1.18483
1384,2023-10-13,2023-10-17,69600.0,9500.0,0.13649,P50_75,1115.0,1060.0,1010.0,1020.0,1027.0,4.93274,9.41704,8.52018,7.89238
2633,2022-07-15,2022-07-20,23960.0,1450.0,0.06052,P50_75,252.9,254.3,250.2,251.6,253.3,-0.55358,1.06762,0.51404,-0.15817
6376,2021-12-24,2021-12-28,456500.0,30200.0,0.06616,P50_75,780.0,786.0,811.0,833.0,830.0,-0.76923,-3.97436,-6.79487,-6.41026
9843,2024-11-01,2024-11-06,238000.0,22700.0,0.09538,P50_75,3849.0,3582.0,3483.0,3470.0,3532.0,6.93687,9.50896,9.84671,8.23591
1878,2025-04-11,2025-04-15,39900.0,4500.0,0.11278,P50_75,3099.0,3099.0,3130.0,3083.0,3166.0,-0.0,-1.00032,0.5163,-2.16199
6093,2024-11-15,2024-11-19,439200.0,48900.0,0.11134,P50_75,141.0,141.0,144.0,143.0,142.0,-0.0,-2.12766,-1.41844,-0.70922
6855,2024-09-20,2024-09-25,531300.0,41300.0,0.07773,P50_75,2455.0,2500.0,2587.0,2574.0,2519.0,-1.83299,-5.37678,-4.84725,-2.60692
8715,2022-04-01,2022-04-05,358200.0,32600.0,0.09101,P50_75,650.0,648.0,632.0,627.0,611.0,0.30769,2.76923,3.53846,6.0
3003,2022-04-28,2022-05-06,585900.0,70600.0,0.1205,P50_75,1069.0,1057.0,1037.0,1041.0,1038.0,1.12254,2.99345,2.61927,2.89991
3189,2024-05-10,2024-05-14,28100.0,2800.0,0.09964,P50_75,221.0,225.0,224.0,226.0,224.0,-1.80995,-1.35747,-2.26244,-1.35747
2689,2022-11-04,2022-11-08,25800.0,2400.0,0.09302,P50_75,1438.0,1446.0,1442.0,1443.0,1500.0,-0.55633,-0.27816,-0.34771,-4.31154
4481,2022-01-14,2022-01-18,21500.0,2600.0,0.12093,P50_75,1997.5,1960.0,1980.0,2020.0,2072.5,1.87735,0.8761,-1.12641,-3.75469
4577,2023-08-04,2023-08-08,24800.0,1600.0,0.06452,P50_75,1078.2,1081.4,1105.0,1122.3,1091.4,-0.29679,-2.48562,-4.09015,-1.22426
3569,2022-06-10,2022-06-14,18500.0,2100.0,0.11351,P50_75,1907.0,1915.0,1870.0,1899.0,1975.0,-0.41951,1.94022,0.41951,-3.56581
1888,2024-02-22,2024-02-27,12200.0,1600.0,0.13115,P50_75,3295.0,3275.0,3235.0,3245.0,3455.0,0.60698,1.82094,1.51745,-4.85584
8848,2025-05-16,2025-05-20,3144700.0,362600.0,0.11531,P50_75,542.0,570.0,622.0,672.0,651.0,-5.16605,-14.76015,-23.98524,-20.1107
4107,2025-03-14,2025-03-18,191600.0,20900.0,0.10908,P50_75,2460.0,2430.0,2404.0,2285.0,2223.0,1.21951,2.27642,7.11382,9.63415
4259,2022-11-04,2022-11-08,1023000.0,62500.0,0.06109,P50_75,515.0,519.0,498.0,519.0,522.0,-0.7767,3.30097,-0.7767,-1.35922
6412,2023-04-28,2023-05-02,84800.0,9600.0,0.11321,P50_75,2694.0,2650.0,2678.0,2621.0,2628.0,1.63326,0.59391,2.70973,2.44989
2762,2023-08-25,2023-08-29,731000.0,69500.0,0.09508,P50_75,198.0,174.0,173.0,165.0,165.0,12.12121,12.62626,16.66667,16.66667
3157,2024-07-19,2024-07-23,14900.0,1100.0,0.07383,P50_75,1225.0,1225.0,1224.0,1236.0,1022.0,-0.0,0.08163,-0.89796,16.57143
1514,2024-10-11,2024-10-16,1575200.0,215300.0,0.13668,P50_75,861.0,851.0,839.0,944.0,1033.0,1.16144,2.55517,-9.63995,-19.97677
8127,2023-04-14,2023-04-18,109900.0,15200.0,0.13831,P50_75,281.0,281.0,280.0,283.0,277.0,-0.0,0.35587,-0.71174,1.42349
1719,2024-07-19,2024-07-23,451300.0,42800.0,0.09484,P50_75,1200.0,1204.0,1177.0,1196.0,1099.0,-0.33333,1.91667,0.33333,8.41667
1808,2021-12-10,2021-12-14,326700.0,37700.0,0.1154,P50_75,1416.0,1424.0,1442.0,1404.0,1406.0,-0.56497,-1.83616,0.84746,0.70621
3598,2025-01-17,2025-01-21,60200.0,8800.0,0.14618,P50_75,152.0,151.0,151.0,154.0,156.0,0.65789,0.65789,-1.31579,-2.63158
5658,2023-08-04,2023-08-08,289500.0,41700.0,0.14404,P50_75,317.0,315.0,312.0,310.0,306.0,0.63091,1.57729,2.2082,3.47003
6403,2025-11-28,2025-12-02,30300.0,3500.0,0.11551,P50_75,3055.0,3070.0,2996.0,3085.0,2974.0,-0.491,1.93126,-0.982,2.65139
7325,2025-06-20,2025-06-24,22300.0,2100.0,0.09417,P50_75,748.0,773.0,721.0,726.0,730.0,-3.34225,3.60963,2.94118,2.40642
7347,2022-07-01,2022-07-05,108300.0,8600.0,0.07941,P50_75,614.0,611.0,609.0,605.0,600.0,0.4886,0.81433,1.4658,2.28013
6523,2022-12-23,2022-12-27,116800.0,7100.0,0.06079,P50_75,1442.0,1416.0,1495.0,1441.0,1462.0,1.80305,-3.67545,0.06935,-1.38696
4327,2023-02-03,2023-02-07,16500.0,1100.0,0.06667,P50_75,2689.0,2670.0,2667.0,2689.0,2695.0,0.70658,0.81815,-0.0,-0.22313
6046,2025-10-24,2025-10-28,657000.0,43200.0,0.06575,P50_75,139.0,127.0,126.0,122.0,132.0,8.63309,9.35252,12.23022,5.03597
4042,2024-08-09,2024-08-14,485000.0,61400.0,0.1266,P50_75,1840.5,1883.0,1890.0,1878.0,1857.0,-2.30916,-2.68949,-2.03749,-0.8965
3395,2025-05-16,2025-05-20,13700.0,1500.0,0.10949,P50_75,2537.0,2441.0,2410.0,2448.0,2373.0,3.784,5.00591,3.50808,6.46433
6323,2022-12-09,2022-12-13,384500.0,53000.0,0.13784,P50_75,841.0,841.0,800.0,790.0,730.0,-0.0,4.87515,6.06421,13.19857
7595,2025-01-10,2025-01-15,26000.0,1700.0,0.06538,P50_75,1131.3,1161.3,1135.0,1170.0,1226.3,-2.65182,-0.32706,-3.42084,-8.39742
1571,2025-10-17,2025-10-21,1631788.0,206232.0,0.12638,P50_75,425.0,429.0,430.0,419.0,418.0,-0.94118,-1.17647,1.41176,1.64706
4057,2025-06-20,2025-06-24,27200.0,3000.0,0.11029,P50_75,538.0,557.0,561.0,555.0,545.0,-3.5316,-4.27509,-3.15985,-1.30112
2412,2022-11-25,2022-11-29,199300.0,25900.0,0.12995,P50_75,2190.0,2174.0,2189.0,2066.0,2140.0,0.73059,0.04566,5.6621,2.28311
5970,2024-03-29,2024-04-02,86000.0,10600.0,0.12326,P50_75,2076.0,1987.0,1982.0,2031.0,2038.0,4.28709,4.52794,2.16763,1.83044
2631,2024-08-02,2024-08-06,11693.0,1306.0,0.11169,P50_75,19000.0,18635.0,19475.0,20055.0,20540.0,1.92105,-2.5,-5.55263,-8.10526
5445,2025-01-24,2025-01-28,47100.0,5000.0,0.10616,P50_75,2016.7,2013.3,2070.0,1960.0,1976.7,0.16859,-2.64293,2.81152,1.98344
4167,2022-10-07,2022-10-12,252800.0,34200.0,0.13528,P50_75,698.0,696.0,720.0,760.0,777.0,0.28653,-3.15186,-8.88252,-11.31805
8331,2023-05-19,2023-05-23,472900.0,41300.0,0.08733,P50_75,898.0,896.0,880.0,882.0,880.0,0.22272,2.00445,1.78174,2.00445
4004,2022-07-29,2022-08-02,872100.0,115800.0,0.13278,P50_75,2229.0,2238.0,2241.0,2245.0,2269.0,-0.40377,-0.53836,-0.71781,-1.79453
8143,2024-05-10,2024-05-14,65000.0,5700.0,0.08769,P50_75,281.0,282.0,278.0,271.0,275.0,-0.35587,1.06762,3.55872,2.13523
4733,2022-06-24,2022-06-28,19600.0,2100.0,0.10714,P50_75,4530.0,4525.0,4645.0,4735.0,4860.0,0.11038,-2.53863,-4.52539,-7.28477
4228,2025-04-18,2025-04-22,311800.0,31600.0,0.10135,P50_75,330.0,338.0,339.0,325.0,334.0,-2.42424,-2.72727,1.51515,-1.21212
2904,2023-05-26,2023-05-30,31400.0,2400.0,0.07643,P50_75,764.0,768.0,770.0,782.0,798.0,-0.52356,-0.78534,-2.35602,-4.45026
2499,2023-07-21,2023-07-25,13700.0,900.0,0.06569,P50_75,300.0,297.0,297.0,299.0,299.0,1.0,1.0,0.33333,0.33333
7752,2021-12-24,2021-12-28,409500.0,39300.0,0.09597,P50_75,1087.0,1090.0,1087.0,1090.0,1061.0,-0.27599,-0.0,-0.27599,2.3919
3726,2023-03-31,2023-04-04,21300.0,2500.0,0.11737,P50_75,458.0,467.0,475.0,475.0,476.0,-1.96507,-3.71179,-3.71179,-3.93013
2866,2024-06-14,2024-06-18,12689.0,1345.0,0.106,P50_75,1043.0,1041.0,1050.0,1063.0,1063.0,0.19175,-0.67114,-1.91755,-1.91755
2388,2024-05-31,2024-06-04,1065300.0,88400.0,0.08298,P50_75,84.0,85.0,86.0,88.0,89.0,-1.19048,-2.38095,-4.7619,-5.95238
6658,2025-05-30,2025-06-03,271200.0,26500.0,0.09771,P50_75,564.0,563.0,562.0,563.0,556.0,0.1773,0.35461,0.1773,1.41844
7518,2022-09-09,2022-09-13,110500.0,7400.0,0.06697,P50_75,3085.0,3005.0,2929.0,2900.0,2860.0,2.59319,5.05673,5.99676,7.29335
7751,2025-05-09,2025-05-13,930000.0,58700.0,0.06312,P50_75,4753.0,4764.0,4585.0,4515.0,4380.0,-0.23143,3.53461,5.00736,7.84768
6741,2025-06-27,2025-07-01,88400.0,5500.0,0.06222,P50_75,1072.0,1054.0,1050.0,1056.0,1069.0,1.6791,2.05224,1.49254,0.27985
3967,2022-09-02,2022-09-06,120700.0,7100.0,0.05882,P50_75,934.0,925.0,923.0,926.0,882.0,0.9636,1.17773,0.85653,5.56745
9755,2023-03-03,2023-03-07,30200.0,2100.0,0.06954,P50_75,2128.0,2152.0,2204.0,2163.0,2169.0,-1.12782,-3.57143,-1.64474,-1.92669
2924,2024-07-19,2024-07-23,26800.0,2800.0,0.10448,P50_75,1420.0,1432.0,1409.0,1376.0,1201.0,-0.84507,0.77465,3.09859,15.42254
7623,2023-11-10,2023-11-14,74700.0,7100.0,0.09505,P50_75,546.0,543.0,526.0,537.0,555.0,0.54945,3.663,1.64835,-1.64835
4247,2022-11-04,2022-11-08,20400.0,3000.0,0.14706,P50_75,989.0,983.0,983.0,1048.0,1034.0,0.60667,0.60667,-5.96562,-4.55005
7532,2022-03-25,2022-03-29,401800.0,50700.0,0.12618,P50_75,398.8,395.6,387.2,391.8,384.4,0.80241,2.90873,1.75527,3.61083
6516,2021-11-19,2021-11-24,98100.0,13100.0,0.13354,P50_75,2046.7,2030.0,1890.0,1890.0,2010.0,0.81595,7.65623,7.65623,1.79313
4494,2024-09-06,2024-09-10,53300.0,4200.0,0.0788,P50_75,602.0,592.0,599.0,596.0,598.0,1.66113,0.49834,0.99668,0.66445
2371,2025-08-08,2025-08-13,71400.0,8600.0,0.12045,P50_75,2848.5,2900.0,2927.0,2916.5,2806.0,-1.80797,-2.75584,-2.38722,1.49201
9557,2024-10-04,2024-10-08,85000.0,10100.0,0.11882,P50_75,373.0,373.0,382.0,382.0,366.0,-0.0,-2.41287,-2.41287,1.87668
3036,2025-02-28,2025-03-04,69400.0,10200.0,0.14697,P50_75,1500.0,1505.0,1515.0,1515.0,1575.0,-0.33333,-1.0,-1.0,-5.0
9783,2023-08-10,2023-08-15,217800.0,21200.0,0.09734,P50_75,1840.0,1825.0,1810.0,1820.0,1842.0,0.81522,1.63043,1.08696,-0.1087
8698,2025-01-10,2025-01-15,4192700.0,368800.0,0.08796,P50_75,895.0,886.0,942.0,917.0,903.0,1.00559,-5.2514,-2.4581,-0.89385
4563,2022-07-08,2022-07-12,2826400.0,383100.0,0.13554,P50_75,369.0,383.0,392.0,382.0,371.0,-3.79404,-6.23306,-3.52304,-0.54201
2498,2022-05-27,2022-05-31,19500.0,1900.0,0.09744,P50_75,1379.0,1370.0,1355.0,1372.0,1337.0,0.65265,1.74039,0.50761,3.04569
3660,2022-03-18,2022-03-23,1054100.0,140500.0,0.13329,P50_75,180.0,180.0,184.0,183.0,194.0,-0.0,-2.22222,-1.66667,-7.77778
9401,2022-06-10,2022-06-14,89600.0,5300.0,0.05915,P50_75,1730.0,1745.0,1709.0,1709.0,1676.0,-0.86705,1.21387,1.21387,3.12139
2899,2024-05-10,2024-05-14,51600.0,4200.0,0.0814,P50_75,2327.0,2180.0,2190.0,2193.0,2212.0,6.31715,5.88741,5.75849,4.94199
1948,2025-05-09,2025-05-13,53400.0,5200.0,0.09738,P50_75,2090.0,2089.0,2132.0,2112.0,2147.0,0.04785,-2.00957,-1.05263,-2.72727
7610,2022-08-19,2022-08-23,4411000.0,399700.0,0.09061,P50_75,90.0,92.0,90.0,92.0,96.0,-2.22222,-0.0,-2.22222,-6.66667
8789,2022-11-25,2022-11-29,2718900.0,286900.0,0.10552,P50_75,53.0,56.0,54.0,54.0,56.0,-5.66038,-1.88679,-1.88679,-5.66038
1417,2023-01-27,2023-01-31,59000.0,6000.0,0.10169,P50_75,1572.0,1577.0,1541.0,1544.0,1500.0,-0.31807,1.97201,1.78117,4.58015
4743,2025-08-08,2025-08-13,30100.0,2600.0,0.08638,P50_75,1458.0,1467.0,1469.0,1466.0,1450.0,-0.61728,-0.75446,-0.5487,0.5487
6176,2022-12-02,2022-12-06,337300.0,33200.0,0.09843,P50_75,463.0,454.0,458.0,471.0,451.0,1.94384,1.07991,-1.72786,2.59179
9880,2025-09-12,2025-09-17,100500.0,10200.0,0.10149,P50_75,1644.0,1626.0,1713.0,1679.0,1559.0,1.09489,-4.19708,-2.12895,5.17032
8864,2024-12-13,2024-12-17,144900.0,13100.0,0.09041,P50_75,571.0,568.0,570.0,570.0,578.0,0.52539,0.17513,0.17513,-1.22592
3065,2025-12-12,2025-12-16,17600.0,1600.0,0.09091,P50_75,1631.0,1632.0,1628.0,1628.0,1622.0,-0.06131,0.18394,0.18394,0.55181
7162,2023-11-17,2023-11-21,239800.0,22700.0,0.09466,P50_75,245.0,244.0,244.0,238.0,235.0,0.40816,0.40816,2.85714,4.08163
3054,2025-04-25,2025-04-30,75100.0,6000.0,0.07989,P50_75,320.0,320.0,314.0,306.0,303.0,-0.0,1.875,4.375,5.3125
9363,2021-12-24,2021-12-28,230700.0,15900.0,0.06892,P50_75,439.0,430.0,440.0,466.0,453.0,2.05011,-0.22779,-6.15034,-3.18907
7774,2025-02-28,2025-03-04,290400.0,35100.0,0.12087,P50_75,500.0,491.0,471.0,469.0,459.0,1.8,5.8,6.2,8.2
6961,2023-10-06,2023-10-11,54800.0,6400.0,0.11679,P50_75,10310.0,10120.0,10270.0,10220.0,9980.0,1.84287,0.38797,0.87294,3.20078
4506,2023-07-14,2023-07-19,1470000.0,132200.0,0.08993,P50_75,655.8,655.5,657.8,660.9,520.0,0.04575,-0.30497,-0.77768,20.70753
4619,2024-10-11,2024-10-16,93300.0,6200.0,0.06645,P50_75,1160.0,1163.0,1170.0,1155.0,1136.0,-0.25862,-0.86207,0.43103,2.06897
4486,2021-12-24,2021-12-28,85800.0,8400.0,0.0979,P50_75,822.5,861.0,850.0,752.0,750.0,-4.68085,-3.34347,8.57143,8.81459
7467,2022-11-11,2022-11-15,75300.0,4900.0,0.06507,P50_75,2479.0,2480.0,2468.0,2577.0,2539.0,-0.04034,0.44373,-3.95321,-2.42033
3697,2022-09-16,2022-09-21,166500.0,19100.0,0.11471,P50_75,1314.0,1238.0,1266.7,1259.3,1352.7,5.78387,3.5997,4.16286,-2.94521
8267,2021-10-29,2021-11-02,1295400.0,103100.0,0.07959,P50_75,885.0,899.5,916.0,903.5,914.0,-1.63842,-3.50282,-2.0904,-3.27684
3723,2023-11-17,2023-11-21,15300.0,900.0,0.05882,P50_75,1213.0,1206.0,1210.0,1187.0,1221.0,0.57708,0.24732,2.14345,-0.65952
5391,2022-04-22,2022-04-26,64400.0,5600.0,0.08696,P50_75,863.0,856.0,867.0,866.0,866.0,0.81112,-0.4635,-0.34762,-0.34762
6614,2022-04-22,2022-04-26,95100.0,7300.0,0.07676,P50_75,1932.0,1881.0,1900.0,1897.0,1980.0,2.63975,1.65631,1.81159,-2.48447
7342,2021-11-05,2021-11-09,1451400.0,92400.0,0.06366,P50_75,3120.0,3010.0,2970.0,3395.0,3290.0,3.52564,4.80769,-8.8141,-5.44872
3321,2023-07-07,2023-07-11,323200.0,30100.0,0.09313,P50_75,1161.0,1106.0,1092.0,1098.0,1086.0,4.7373,5.94315,5.42636,6.45995
6823,2025-08-22,2025-08-26,20700.0,1300.0,0.0628,P50_75,2699.0,2660.0,2669.0,2619.0,2656.0,1.44498,1.11152,2.96406,1.59318
2854,2024-07-19,2024-07-23,13634.0,952.0,0.06983,P50_75,1559.0,1528.0,1452.0,1482.0,1250.0,1.98845,6.86337,4.93906,19.8204
3844,2023-03-10,2023-03-14,99500.0,9900.0,0.0995,P50_75,2111.0,2089.0,2019.0,2046.0,2102.0,1.04216,4.35812,3.07911,0.42634
6615,2024-05-10,2024-05-14,239000.0,16200.0,0.06778,P50_75,352.0,359.0,354.0,390.0,386.0,-1.98864,-0.56818,-10.79545,-9.65909
4008,2022-01-07,2022-01-12,22200.0,1400.0,0.06306,P50_75,646.0,655.0,644.0,634.0,619.0,-1.39319,0.3096,1.85759,4.17957
3289,2024-10-11,2024-10-16,377900.0,35300.0,0.09341,P50_75,970.0,999.3,987.7,971.6,966.1,-3.02062,-1.82474,-0.16495,0.40206
6063,2023-05-26,2023-05-30,85700.0,5100.0,0.05951,P50_75,876.0,882.0,890.0,911.0,915.0,-0.68493,-1.59817,-3.99543,-4.45205
7819,2022-11-25,2022-11-29,60700.0,6500.0,0.10708,P50_75,364.0,361.0,358.0,354.0,358.0,0.82418,1.64835,2.74725,1.64835
2681,2025-10-10,2025-10-15,236100.0,21600.0,0.09149,P50_75,1629.0,1647.0,1654.0,1660.0,1630.0,-1.10497,-1.53468,-1.90301,-0.06139
7682,2023-12-15,2023-12-19,11600.0,800.0,0.06897,P50_75,3175.0,3180.0,3110.0,3150.0,3315.0,-0.15748,2.04724,0.7874,-4.40945
6146,2025-09-05,2025-09-09,1127700.0,66600.0,0.05906,P50_75,38110.0,38020.0,41910.0,44450.0,48650.0,0.23616,-9.97114,-16.63605,-27.65678
4536,2023-02-17,2023-02-21,387200.0,25500.0,0.06586,P50_75,1025.0,1047.0,1052.0,1036.0,1049.0,-2.14634,-2.63415,-1.07317,-2.34146
8706,2024-07-26,2024-07-30,302900.0,28400.0,0.09376,P50_75,1545.0,1517.0,1465.0,1300.0,1438.0,1.8123,5.17799,15.85761,6.92557
3150,2022-06-17,2022-06-21,99700.0,12200.0,0.12237,P50_75,1300.0,1354.0,1412.0,1507.0,1511.0,-4.15385,-8.61538,-15.92308,-16.23077
7299,2025-01-31,2025-02-04,73800.0,10000.0,0.1355,P50_75,1143.0,1155.0,1172.0,1208.0,1180.0,-1.04987,-2.53718,-5.68679,-3.2371
1926,2025-03-07,2025-03-11,36200.0,4100.0,0.11326,P50_75,2441.0,2415.0,2445.0,2509.0,2531.0,1.06514,-0.16387,-2.78574,-3.68701
2009,2025-11-07,2025-11-11,68000.0,4500.0,0.06618,P50_75,1111.0,1110.0,1125.0,1115.0,1128.0,0.09001,-1.26013,-0.36004,-1.53015
9450,2023-03-17,2023-03-22,290500.0,19000.0,0.0654,P50_75,880.0,890.0,983.0,984.0,1072.0,-1.13636,-11.70455,-11.81818,-21.81818
5619,2024-11-08,2024-11-12,18800.0,1400.0,0.07447,P50_75,1026.0,1029.0,1006.0,1044.0,1040.0,-0.2924,1.94932,-1.75439,-1.36452
3826,2024-11-15,2024-11-19,63900.0,5000.0,0.07825,P50_75,311.0,313.0,311.0,308.0,306.0,-0.64309,-0.0,0.96463,1.60772
5214,2023-07-07,2023-07-11,217400.0,19700.0,0.09062,P50_75,2522.5,2515.5,2502.0,2527.0,2600.0,0.2775,0.81269,-0.17839,-3.07235
2681,2024-03-08,2024-03-12,632100.0,72400.0,0.11454,P50_75,1862.0,1893.0,1880.0,1930.0,1871.0,-1.66488,-0.9667,-3.65199,-0.48335
2767,2024-12-20,2024-12-24,1308400.0,139800.0,0.10685,P50_75,1772.0,1780.0,1801.0,1832.0,1860.0,-0.45147,-1.63657,-3.386,-4.96614
1965,2022-07-01,2022-07-05,20600.0,2000.0,0.09709,P50_75,861.0,854.0,852.0,855.0,878.0,0.81301,1.0453,0.69686,-1.97445
6146,2022-12-30,2023-01-05,71500.0,4600.0,0.06434,P50_75,12433.3,12450.0,13116.7,12766.7,12983.3,-0.13432,-5.49653,-2.68151,-4.4236
4192,2024-03-29,2024-04-02,601400.0,36100.0,0.06003,P50_75,715.0,699.0,651.0,665.0,608.0,2.23776,8.95105,6.99301,14.96503
7979,2024-08-23,2024-08-27,20900.0,3100.0,0.14833,P50_75,2560.0,2520.0,2610.0,2545.0,2387.5,1.5625,-1.95312,0.58594,6.73828
8179,2025-05-02,2025-05-08,47900.0,4400.0,0.09186,P50_75,1290.5,1309.0,1330.0,1312.0,1281.5,-1.43355,-3.06083,-1.66602,0.6974
8349,2024-10-04,2024-10-08,24100.0,2400.0,0.09959,P50_75,1120.0,1116.0,1098.0,1095.0,1085.0,0.35714,1.96429,2.23214,3.125
9793,2022-12-09,2022-12-13,22000.0,3100.0,0.14091,P50_75,4580.0,4550.0,4400.0,4515.0,4575.0,0.65502,3.93013,1.41921,0.10917
9007,2022-11-04,2022-11-08,676600.0,45800.0,0.06769,P50_75,1700.0,1695.0,1694.0,1711.0,1757.0,0.29412,0.35294,-0.64706,-3.35294
9233,2022-07-01,2022-07-05,115400.0,11500.0,0.09965,P50_75,773.0,775.0,776.0,777.0,801.0,-0.25873,-0.3881,-0.51746,-3.62225
5950,2025-06-27,2025-07-01,447000.0,59000.0,0.13199,P50_75,186.0,187.0,180.0,182.0,184.0,-0.53763,3.22581,2.15054,1.07527
233A,2025-03-21,2025-03-25,55015.0,4233.0,0.07694,P50_75,1960.0,1948.0,1950.0,1906.0,1830.0,0.61224,0.5102,2.7551,6.63265
8168,2022-09-02,2022-09-06,66300.0,5700.0,0.08597,P50_75,890.0,882.0,896.0,895.0,894.0,0.89888,-0.67416,-0.5618,-0.44944
8354,2022-03-04,2022-03-08,80100.0,11800.0,0.14732,P50_75,2150.0,2122.0,2188.0,2318.0,2464.0,1.30233,-1.76744,-7.81395,-14.60465
5803,2022-06-24,2022-06-28,451600.0,56400.0,0.12489,P50_75,131.3,132.3,127.2,126.3,122.2,-0.76161,3.12262,3.80807,6.93069
7363,2025-08-29,2025-09-02,15100.0,1500.0,0.09934,P50_75,1653.0,1636.0,1704.0,1710.0,1651.0,1.02843,-3.0853,-3.44828,0.12099
1579,2023-12-01,2023-12-05,138730.0,13740.0,0.09904,P50_75,219.5,218.6,212.8,221.0,216.3,0.41002,3.05239,-0.68337,1.45786
9873,2021-12-24,2021-12-28,27900.0,2800.0,0.10036,P50_75,2885.0,2906.0,2911.0,2905.0,2867.0,-0.7279,-0.90121,-0.69324,0.62392
2267,2021-12-03,2021-12-07,169200.0,22100.0,0.13061,P50_75,2835.0,2890.0,2935.0,2980.0,3090.0,-1.94004,-3.52734,-5.11464,-8.99471
5232,2023-12-22,2023-12-26,86800.0,10200.0,0.11751,P50_75,3645.0,3670.0,3725.0,3836.0,3739.0,-0.68587,-2.19479,-5.24005,-2.57888
4619,2023-11-10,2023-11-14,142400.0,15900.0,0.11166,P50_75,1177.0,1210.0,1189.0,1195.0,1233.0,-2.80374,-1.01954,-1.52931,-4.75786
6277,2023-07-14,2023-07-19,15300.0,1100.0,0.0719,P50_75,3495.0,3520.0,3485.0,3510.0,3565.0,-0.71531,0.28612,-0.42918,-2.00286
8242,2023-09-01,2023-09-05,244700.0,35300.0,0.14426,P50_75,1812.0,1828.0,1863.0,1899.0,1820.0,-0.883,-2.81457,-4.80132,-0.4415
9409,2023-01-27,2023-01-31,139000.0,11600.0,0.08345,P50_75,1339.0,1349.0,1309.0,1318.0,1368.0,-0.74683,2.24048,1.56833,-2.1658
1476,2025-06-20,2025-06-24,10845.0,771.0,0.07109,P50_75,1857.0,1859.0,1859.0,1844.0,1871.0,-0.1077,-0.1077,0.70005,-0.7539
8835,2024-02-22,2024-02-27,111600.0,10700.0,0.09588,P50_75,823.0,824.0,833.0,830.0,830.0,-0.12151,-1.21507,-0.85055,-0.85055
4911,2023-08-18,2023-08-22,660400.0,52200.0,0.07904,P50_75,6005.0,5950.0,5960.0,5914.0,5941.0,0.9159,0.74938,1.5154,1.06578
8070,2022-10-28,2022-11-01,23100.0,1900.0,0.08225,P50_75,810.0,805.0,778.0,782.0,772.0,0.61728,3.95062,3.45679,4.69136
8842,2023-12-22,2023-12-26,40800.0,3800.0,0.09314,P50_75,6820.0,6850.0,6820.0,6760.0,6710.0,-0.43988,-0.0,0.87977,1.6129
7244,2025-04-11,2025-04-15,87500.0,7000.0,0.08,P50_75,368.0,369.0,373.0,372.0,395.0,-0.27174,-1.3587,-1.08696,-7.33696
7689,2022-07-08,2022-07-12,13500.0,1200.0,0.08889,P50_75,972.0,954.0,958.0,973.0,965.0,1.85185,1.44033,-0.10288,0.72016
8078,2022-05-20,2022-05-24,119700.0,11000.0,0.0919,P50_75,620.0,611.0,612.0,613.0,610.0,1.45161,1.29032,1.12903,1.6129
1926,2022-10-14,2022-10-18,25400.0,2100.0,0.08268,P50_75,1974.0,1977.0,1997.0,1998.0,2026.0,-0.15198,-1.16515,-1.21581,-2.63425
9386,2022-05-20,2022-05-24,49800.0,5500.0,0.11044,P50_75,1455.0,1417.0,1452.0,1504.0,1659.0,2.61168,0.20619,-3.3677,-14.02062
8289,2024-08-23,2024-08-27,26300.0,3600.0,0.13688,P50_75,511.0,516.0,517.0,503.0,502.0,-0.97847,-1.17417,1.56556,1.76125
6560,2022-11-18,2022-11-22,40100.0,4000.0,0.09975,P50_75,3145.0,3385.0,3535.0,3550.0,3745.0,-7.63116,-12.40064,-12.87758,-19.0779
6294,2023-07-21,2023-07-25,46300.0,2900.0,0.06263,P50_75,2145.0,2249.0,2231.0,2336.0,2250.0,-4.84848,-4.00932,-8.90443,-4.8951
9564,2024-12-20,2024-12-24,127300.0,8600.0,0.06756,P50_75,493.0,485.5,489.0,485.0,506.5,1.5213,0.81136,1.62272,-2.73834
2607,2022-09-09,2022-09-13,54700.0,5300.0,0.09689,P50_75,2371.0,2346.0,2366.0,2400.0,2378.0,1.05441,0.21088,-1.22311,-0.29523
1799,2025-12-05,2025-12-09,33200.0,3100.0,0.09337,P50_75,3540.0,3515.0,3500.0,3585.0,3600.0,0.70621,1.12994,-1.27119,-1.69492
7637,2025-09-19,2025-09-24,26500.0,3300.0,0.12453,P50_75,2296.0,2299.0,2300.0,2235.0,2265.0,-0.13066,-0.17422,2.65679,1.35017
6942,2021-12-30,2022-01-05,25900.0,2700.0,0.10425,P50_75,1069.0,1083.0,1081.0,1071.0,1069.0,-1.30964,-1.12254,-0.18709,-0.0
3028,2025-12-05,2025-12-09,29800.0,3100.0,0.10403,P50_75,2323.0,2321.0,2305.0,2352.0,2372.0,0.0861,0.77486,-1.24839,-2.10934
1934,2023-04-28,2023-05-02,45700.0,4800.0,0.10503,P50_75,832.0,820.0,848.0,853.0,858.0,1.44231,-1.92308,-2.52404,-3.125
3185,2021-10-15,2021-10-19,48800.0,3800.0,0.07787,P50_75,206.0,205.0,204.0,204.0,203.0,0.48544,0.97087,0.97087,1.45631
3710,2022-10-14,2022-10-18,40000.0,4000.0,0.1,P50_75,681.0,691.0,687.0,691.0,686.0,-1.46843,-0.88106,-1.46843,-0.73421
8515,2025-06-13,2025-06-17,7721300.0,746400.0,0.09667,P50_75,408.0,410.0,411.0,413.0,420.0,-0.4902,-0.73529,-1.22549,-2.94118
6157,2022-07-29,2022-08-02,12800.0,1400.0,0.10938,P50_75,1291.0,1248.0,1201.0,1237.0,1234.0,3.33075,6.97134,4.1828,4.41518
5036,2025-11-21,2025-11-26,192500.0,28000.0,0.14545,P50_75,1458.0,1450.0,1510.0,1541.0,1617.0,0.5487,-3.56653,-5.69273,-10.90535
9504,2025-10-31,2025-11-05,1530100.0,145500.0,0.09509,P50_75,915.0,916.2,931.1,968.0,979.3,-0.13115,-1.75956,-5.79235,-7.02732
9506,2021-12-03,2021-12-07,2071600.0,232400.0,0.11218,P50_75,806.0,808.0,816.0,812.0,820.0,-0.24814,-1.24069,-0.74442,-1.73697
2918,2022-11-04,2022-11-08,52400.0,4200.0,0.08015,P50_75,1777.0,1797.0,1818.0,1775.0,1800.0,-1.12549,-2.30726,0.11255,-1.29432
4422,2023-06-09,2023-06-13,140300.0,11500.0,0.08197,P50_75,412.3,418.3,466.7,443.3,397.0,-1.45525,-13.19428,-7.5188,3.71089
9201,2024-05-10,2024-05-14,4143800.0,337300.0,0.0814,P50_75,2744.0,2735.5,2690.0,2718.0,2670.0,0.30977,1.96793,0.94752,2.69679
1343,2024-09-20,2024-09-25,206760.0,16760.0,0.08106,P50_75,1884.0,1890.0,1882.5,1864.5,1845.0,-0.31847,0.07962,1.03503,2.07006
9253,2022-12-30,2023-01-05,46200.0,3700.0,0.08009,P50_75,799.0,788.0,792.0,770.0,778.0,1.37672,0.8761,3.62954,2.62829
3221,2024-08-02,2024-08-06,13000.0,1000.0,0.07692,P50_75,2783.0,2799.0,2823.0,2910.0,2992.0,-0.57492,-1.4373,-4.56342,-7.50988
4290,2021-12-03,2021-12-07,209800.0,14900.0,0.07102,P50_75,696.0,728.0,726.0,719.0,674.0,-4.5977,-4.31034,-3.3046,3.16092
8622,2025-09-12,2025-09-17,112600.0,8200.0,0.07282,P50_75,565.0,564.0,575.0,570.0,532.0,0.17699,-1.76991,-0.88496,5.84071
2415,2024-07-05,2024-07-09,127100.0,11900.0,0.09363,P50_75,1648.0,1667.0,1663.0,1698.0,1613.0,-1.15291,-0.91019,-3.03398,2.12379
8104,2022-12-16,2022-12-20,21800.0,1700.0,0.07798,P50_75,411.0,405.0,402.0,403.0,415.0,1.45985,2.18978,1.94647,-0.97324
3666,2022-05-13,2022-05-17,381600.0,50300.0,0.13181,P50_75,475.0,477.0,469.0,492.0,518.0,-0.42105,1.26316,-3.57895,-9.05263
4395,2022-11-18,2022-11-22,459200.0,63000.0,0.1372,P50_75,3090.0,3080.0,3310.0,3355.0,3085.0,0.32362,-7.11974,-8.57605,0.16181
5393,2023-09-08,2023-09-12,22400.0,3000.0,0.13393,P50_75,1015.0,1021.7,1033.3,1050.0,1031.7,-0.6601,-1.80296,-3.44828,-1.64532
6395,2024-08-09,2024-08-14,133200.0,8500.0,0.06381,P50_75,973.7,968.0,994.5,984.3,976.0,0.5854,-2.13618,-1.08863,-0.23621
5852,2023-06-16,2023-06-20,660000.0,66200.0,0.1003,P50_75,715.0,682.0,683.0,661.0,670.0,4.61538,4.47552,7.55245,6.29371
5162,2023-10-20,2023-10-24,25600.0,1700.0,0.06641,P50_75,545.0,538.0,540.0,537.0,548.0,1.2844,0.91743,1.46789,-0.55046
7035,2025-05-30,2025-06-03,119000.0,14800.0,0.12437,P50_75,257.0,255.0,249.0,252.0,248.0,0.77821,3.11284,1.94553,3.50195
4620,2024-10-04,2024-10-08,213300.0,15100.0,0.07079,P50_75,475.0,476.0,474.0,477.0,468.0,-0.21053,0.21053,-0.42105,1.47368
4568,2023-03-17,2023-03-22,353200.0,33700.0,0.09541,P50_75,4559.0,4604.0,4740.0,4650.0,4762.0,-0.98706,-3.97017,-1.99605,-4.45273
4705,2023-12-15,2023-12-19,20100.0,1600.0,0.0796,P50_75,876.0,875.0,872.0,872.0,893.0,0.11416,0.45662,0.45662,-1.94064
3031,2025-04-18,2025-04-22,163000.0,13600.0,0.08344,P50_75,876.0,870.0,842.0,845.0,787.0,0.68493,3.88128,3.53881,10.15982
3562,2025-04-11,2025-04-15,43100.0,4400.0,0.10209,P50_75,1805.0,1811.0,1841.0,1855.0,1931.0,-0.33241,-1.99446,-2.77008,-6.98061
8928,2024-07-26,2024-07-30,18400.0,2600.0,0.1413,P50_75,2128.0,2080.0,2048.0,1887.0,1993.0,2.25564,3.7594,11.32519,6.34398
8382,2022-03-25,2022-03-29,24500.0,2000.0,0.08163,P50_75,921.0,917.0,872.0,880.0,906.0,0.43431,5.3203,4.45168,1.62866
4521,2024-06-21,2024-06-25,81100.0,10000.0,0.1233,P50_75,3800.0,3798.0,3858.0,3854.0,3950.0,0.05263,-1.52632,-1.42105,-3.94737
3277,2025-04-11,2025-04-15,19800.0,2700.0,0.13636,P50_75,509.0,509.5,515.0,531.0,545.0,-0.09823,-1.17878,-4.3222,-7.07269
9010,2024-12-13,2024-12-17,170600.0,20200.0,0.11841,P50_75,2210.0,2200.0,2258.0,2200.0,2242.0,0.45249,-2.17195,0.45249,-1.44796
4307,2024-05-17,2024-05-21,203700.0,14900.0,0.07315,P50_75,4280.0,4210.0,4142.0,4168.0,4200.0,1.63551,3.2243,2.61682,1.86916
4820,2023-09-08,2023-09-12,55900.0,3800.0,0.06798,P50_75,760.0,775.0,779.0,747.0,734.0,-1.97368,-2.5,1.71053,3.42105
6899,2022-12-02,2022-12-06,106700.0,14000.0,0.13121,P50_75,2511.0,2535.0,2556.0,2574.0,2772.0,-0.95579,-1.79211,-2.50896,-10.39427
3663,2024-07-12,2024-07-17,172500.0,10300.0,0.05971,P50_75,925.0,910.0,892.0,874.0,873.0,1.62162,3.56757,5.51351,5.62162
8624,2025-01-17,2025-01-21,93400.0,10600.0,0.11349,P50_75,886.0,896.0,878.0,892.0,858.0,-1.12867,0.90293,-0.6772,3.16027
6490,2023-09-01,2023-09-05,40500.0,2600.0,0.0642,P50_75,4255.0,4310.0,4250.0,4175.0,4040.0,-1.2926,0.11751,1.88014,5.05288
5103,2022-05-20,2022-05-24,200600.0,19900.0,0.0992,P50_75,46.0,47.0,47.0,46.0,47.0,-2.17391,-2.17391,-0.0,-2.17391
6289,2023-01-13,2023-01-17,133300.0,19300.0,0.14479,P50_75,2745.0,2747.0,2758.0,2819.0,2907.0,-0.07286,-0.47359,-2.69581,-5.90164
7741,2024-07-05,2024-07-09,50900.0,5500.0,0.10806,P50_75,19570.0,20000.0,20270.0,20610.0,18500.0,-2.19724,-3.5769,-5.31426,5.46755
4620,2024-02-22,2024-02-27,217800.0,22900.0,0.10514,P50_75,465.0,466.0,472.0,462.0,458.0,-0.21505,-1.50538,0.64516,1.50538
3680,2021-10-22,2021-10-26,1431300.0,135900.0,0.09495,P50_75,641.0,665.0,670.0,635.0,587.0,-3.74415,-4.52418,0.93604,8.42434
7089,2024-11-15,2024-11-19,73100.0,4400.0,0.06019,P50_75,495.0,537.5,525.0,565.0,582.0,-8.58586,-6.06061,-14.14141,-17.57576
1325,2023-04-21,2023-04-25,31100.0,2000.0,0.06431,P50_75,198.1,198.9,198.0,204.7,205.0,-0.40384,0.05048,-3.33165,-3.48309
4674,2024-12-06,2024-12-10,68700.0,4700.0,0.06841,P50_75,1240.0,1213.0,1166.0,1198.0,1211.0,2.17742,5.96774,3.3871,2.33871
1332,2023-02-17,2023-02-21,544000.0,74700.0,0.13732,P50_75,543.0,542.0,542.0,542.0,547.0,0.18416,0.18416,0.18416,-0.73665
4016,2025-12-12,2025-12-16,54400.0,4400.0,0.08088,P50_75,973.0,971.0,975.0,980.0,976.0,0.20555,-0.20555,-0.71942,-0.30832
4930,2022-03-18,2022-03-23,38900.0,5600.0,0.14396,P50_75,2000.0,1973.0,2010.0,2053.0,2125.0,1.35,-0.5,-2.65,-6.25
4072,2022-04-22,2022-04-26,15000.0,1100.0,0.07333,P50_75,2518.0,2525.0,2561.0,2601.0,2266.0,-0.278,-1.7077,-3.29627,10.00794
6848,2024-05-10,2024-05-14,20500.0,1400.0,0.06829,P50_75,850.0,852.0,851.0,858.0,854.0,-0.23529,-0.11765,-0.94118,-0.47059
3299,2022-02-25,2022-03-01,20800.0,2000.0,0.09615,P50_75,478.0,475.0,475.0,471.0,480.0,0.62762,0.62762,1.46444,-0.41841
5940,2025-04-11,2025-04-15,76800.0,7000.0,0.09115,P50_75,646.0,644.0,638.0,649.0,705.0,0.3096,1.23839,-0.4644,-9.13313
6093,2025-05-09,2025-05-13,520700.0,31500.0,0.0605,P50_75,134.0,136.0,135.0,137.0,135.0,-1.49254,-0.74627,-2.23881,-0.74627
7915,2022-02-25,2022-03-01,366200.0,41000.0,0.11196,P50_75,1341.0,1291.0,1272.0,1182.0,1267.0,3.72856,5.14541,11.85682,5.51827
4412,2025-12-05,2025-12-09,131200.0,11400.0,0.08689,P50_75,1664.0,1664.0,1585.0,1627.0,1604.0,-0.0,4.7476,2.22356,3.60577
3105,2024-12-06,2024-12-10,780100.0,87000.0,0.11152,P50_75,885.0,884.7,885.0,878.4,875.5,0.0339,-0.0,0.74576,1.07345
2331,2025-08-15,2025-08-19,74900.0,7300.0,0.09746,P50_75,1125.0,1126.0,1145.0,1150.0,1145.0,-0.08889,-1.77778,-2.22222,-1.77778
1433,2024-03-01,2024-03-05,166700.0,22000.0,0.13197,P50_75,1091.0,1139.0,1137.0,993.0,995.0,-4.39963,-4.21632,8.98258,8.79927
7049,2025-09-05,2025-09-09,36700.0,5000.0,0.13624,P50_75,856.0,845.0,844.0,854.0,845.0,1.28505,1.40187,0.23364,1.28505
7532,2022-12-16,2022-12-20,776700.0,103100.0,0.13274,P50_75,469.2,451.6,455.0,457.6,468.4,3.75107,3.02643,2.47229,0.1705
9326,2022-06-17,2022-06-21,393900.0,37400.0,0.09495,P50_75,598.0,620.0,605.0,627.0,627.0,-3.67893,-1.17057,-4.8495,-4.8495
6373,2023-03-17,2023-03-22,26900.0,2500.0,0.09294,P50_75,751.0,745.0,755.0,755.0,775.0,0.79893,-0.53262,-0.53262,-3.19574
6058,2025-02-28,2025-03-04,287600.0,17800.0,0.06189,P50_75,915.0,922.0,926.0,925.0,975.0,-0.76503,-1.20219,-1.0929,-6.55738
6905,2025-06-27,2025-07-01,33700.0,3800.0,0.11276,P50_75,1124.0,1102.0,1142.0,1098.0,1120.0,1.9573,-1.60142,2.31317,0.35587
3920,2022-06-10,2022-06-14,42600.0,2600.0,0.06103,P50_75,474.0,461.0,430.0,433.0,472.0,2.74262,9.2827,8.64979,0.42194
7375,2022-02-18,2022-02-22,106300.0,7500.0,0.07056,P50_75,995.0,1007.0,1061.0,1100.0,987.0,-1.20603,-6.63317,-10.55276,0.80402
6809,2023-03-17,2023-03-22,32000.0,3200.0,0.1,P50_75,798.0,794.0,816.0,828.0,840.0,0.50125,-2.25564,-3.7594,-5.26316
1719,2025-05-09,2025-05-13,459200.0,51100.0,0.11128,P50_75,1487.0,1450.0,1469.0,1479.0,1470.0,2.48823,1.21049,0.538,1.14324
3551,2022-04-22,2022-04-26,18200.0,1700.0,0.09341,P50_75,730.0,728.0,723.0,735.0,724.0,0.27397,0.9589,-0.68493,0.82192
5009,2023-04-14,2023-04-18,30900.0,3200.0,0.10356,P50_75,1178.0,1170.0,1173.0,1185.0,1181.0,0.67912,0.42445,-0.59423,-0.25467
3176,2023-12-29,2024-01-05,30500.0,2300.0,0.07541,P50_75,612.5,618.0,621.0,612.5,617.5,-0.89796,-1.38776,-0.0,-0.81633
7458,2021-11-05,2021-11-09,62100.0,8000.0,0.12882,P50_75,2100.0,2125.0,2112.5,2145.0,1995.0,-1.19048,-0.59524,-2.14286,5.0
8737,2025-08-15,2025-08-19,130400.0,7800.0,0.05982,P50_75,546.0,546.0,555.0,569.0,554.0,-0.0,-1.64835,-4.21245,-1.4652
3187,2022-08-26,2022-08-30,247400.0,31100.0,0.12571,P50_75,1005.0,1058.0,1016.0,962.0,1010.0,-5.27363,-1.09453,4.27861,-0.49751
4768,2025-02-07,2025-02-12,110500.0,8200.0,0.07421,P50_75,3651.0,3639.0,3615.0,3531.0,3391.0,0.32868,0.98603,3.28677,7.12134
6033,2025-07-11,2025-07-15,34500.0,4100.0,0.11884,P50_75,1260.0,1243.0,1261.0,1250.0,1263.0,1.34921,-0.07937,0.79365,-0.2381
9706,2024-06-14,2024-06-18,167600.0,24000.0,0.1432,P50_75,5464.0,5340.0,5329.0,5461.0,5557.0,2.2694,2.47072,0.0549,-1.70205
7715,2024-03-08,2024-03-12,141700.0,12500.0,0.08821,P50_75,2306.0,2340.0,2258.0,2280.0,2300.0,-1.47441,2.08153,1.12749,0.26019
9233,2023-12-22,2023-12-26,34300.0,3700.0,0.10787,P50_75,946.0,943.0,964.0,1025.0,1002.0,0.31712,-1.90275,-8.35095,-5.91966
2471,2024-03-29,2024-04-02,2117800.0,125400.0,0.05921,P50_75,311.0,307.0,308.0,303.0,323.0,1.28617,0.96463,2.57235,-3.85852
3068,2023-06-30,2023-07-04,10200.0,1100.0,0.10784,P50_75,2225.0,2218.0,2200.0,2209.0,2228.0,0.31461,1.1236,0.7191,-0.13483
9508,2025-09-26,2025-09-30,971100.0,138600.0,0.14272,P50_75,1503.0,1485.0,1473.0,1511.0,1480.0,1.1976,1.99601,-0.53227,1.53027
9731,2023-03-10,2023-03-14,23400.0,2300.0,0.09829,P50_75,1646.0,1622.0,1622.0,1639.0,1736.0,1.45808,1.45808,0.42527,-5.4678
1860,2022-11-18,2022-11-22,251700.0,25900.0,0.1029,P50_75,709.0,720.0,729.0,734.0,709.0,-1.55148,-2.82087,-3.52609,-0.0
6349,2022-10-14,2022-10-18,110800.0,9400.0,0.08484,P50_75,725.0,730.0,731.0,739.0,814.0,-0.68966,-0.82759,-1.93103,-12.27586
6186,2023-09-15,2023-09-20,36900.0,4800.0,0.13008,P50_75,593.0,591.0,592.0,584.0,562.0,0.33727,0.16863,1.51771,5.22766
6471,2022-12-30,2023-01-05,1340700.0,82400.0,0.06146,P50_75,695.0,695.0,699.0,700.0,696.0,-0.0,-0.57554,-0.71942,-0.14388
3834,2025-09-19,2025-09-24,17400.0,1700.0,0.0977,P50_75,716.0,719.0,718.0,704.0,715.0,-0.41899,-0.27933,1.67598,0.13966
2159,2022-01-28,2022-02-01,203000.0,13900.0,0.06847,P50_75,323.0,333.0,333.0,341.0,336.0,-3.09598,-3.09598,-5.57276,-4.02477
6962,2025-11-21,2025-11-26,368500.0,46700.0,0.12673,P50_75,545.0,548.0,569.0,557.0,560.0,-0.55046,-4.40367,-2.20183,-2.75229
8203,2024-04-05,2024-04-09,31100.0,2900.0,0.09325,P50_75,649.0,643.0,643.0,659.0,655.0,0.9245,0.9245,-1.54083,-0.9245
7537,2021-10-15,2021-10-19,131600.0,9400.0,0.07143,P50_75,766.0,778.0,754.0,769.0,837.0,-1.56658,1.56658,-0.39164,-9.26893
4418,2022-09-30,2022-10-04,210800.0,26000.0,0.12334,P50_75,608.0,630.0,594.0,660.0,650.0,-3.61842,2.30263,-8.55263,-6.90789
4333,2021-10-22,2021-10-26,35800.0,2500.0,0.06983,P50_75,676.7,682.7,686.0,666.0,662.0,-0.88666,-1.37432,1.5812,2.17231
2666,2025-07-25,2025-07-29,598800.0,41900.0,0.06997,P50_75,151.0,149.0,150.0,152.0,155.0,1.3245,0.66225,-0.66225,-2.64901
6926,2022-08-05,2022-08-09,121500.0,12400.0,0.10206,P50_75,243.0,243.0,257.0,250.0,246.0,-0.0,-5.76132,-2.88066,-1.23457
2698,2024-12-13,2024-12-17,18700.0,2400.0,0.12834,P50_75,3420.0,3510.0,3445.0,3380.0,3450.0,-2.63158,-0.73099,1.16959,-0.87719
2975,2022-05-13,2022-05-17,44500.0,3400.0,0.0764,P50_75,753.0,770.5,744.0,757.0,755.0,-2.32404,1.19522,-0.53121,-0.2656
3778,2024-01-19,2024-01-23,1190400.0,74600.0,0.06267,P50_75,3580.0,4200.0,3850.0,3770.0,3880.0,-17.31844,-7.5419,-5.30726,-8.37989
3895,2022-07-08,2022-07-12,26300.0,1800.0,0.06844,P50_75,344.0,341.0,340.0,337.0,343.0,0.87209,1.16279,2.03488,0.2907
2332,2025-03-21,2025-03-25,15600.0,1200.0,0.07692,P50_75,1376.0,1366.0,1328.0,1326.0,1200.0,0.72674,3.48837,3.63372,12.7907
3835,2023-03-03,2023-03-07,82000.0,5400.0,0.06585,P50_75,682.0,684.0,693.0,652.0,657.0,-0.29326,-1.6129,4.39883,3.66569
6464,2024-10-18,2024-10-22,614000.0,69700.0,0.11352,P50_75,695.0,686.0,685.0,692.0,684.0,1.29496,1.43885,0.43165,1.58273
4015,2025-07-18,2025-07-23,471400.0,56700.0,0.12028,P50_75,738.0,734.0,728.0,720.0,766.0,0.54201,1.35501,2.43902,-3.79404
3172,2025-11-14,2025-11-18,12700.0,1200.0,0.09449,P50_75,1157.0,1155.0,1153.0,1159.0,1168.0,0.17286,0.34572,-0.17286,-0.95073
9385,2025-06-13,2025-06-17,21600.0,1700.0,0.0787,P50_75,534.0,535.0,539.0,542.0,541.0,-0.18727,-0.93633,-1.49813,-1.31086
3349,2023-11-24,2023-11-28,57300.0,6700.0,0.11693,P50_75,7790.0,7795.0,7887.5,7962.5,8605.0,-0.06418,-1.2516,-2.21438,-10.46213
4503,2025-11-14,2025-11-18,704100.0,58900.0,0.08365,P50_75,1915.0,1912.0,1960.5,1969.0,1981.0,0.15666,-2.37598,-2.81984,-3.44648
4973,2021-12-03,2021-12-07,14700.0,900.0,0.06122,P50_75,2613.0,2670.0,2668.0,2620.0,2503.0,-2.1814,-2.10486,-0.26789,4.20972
8697,2024-04-26,2024-05-01,465900.0,43500.0,0.09337,P50_75,1824.5,1773.5,1828.5,1818.0,1818.0,2.79529,-0.21924,0.35626,0.35626
3405,2025-01-24,2025-01-28,94900.0,10200.0,0.10748,P50_75,2318.5,2304.5,2282.5,2192.5,2210.5,0.60384,1.55273,5.43455,4.65818
2449,2023-11-24,2023-11-28,36300.0,2500.0,0.06887,P50_75,1057.0,1037.0,1033.0,1026.0,1014.0,1.89215,2.27058,2.93283,4.06812
3197,2024-10-04,2024-10-08,154000.0,17200.0,0.11169,P50_75,2305.0,2309.5,2324.0,2325.0,2314.5,-0.19523,-0.8243,-0.86768,-0.41215
6659,2023-09-29,2023-10-03,2173000.0,226100.0,0.10405,P50_75,45.0,44.0,44.0,44.0,41.0,2.22222,2.22222,2.22222,8.88889
7927,2023-11-10,2023-11-14,114000.0,13800.0,0.12105,P50_75,1870.0,1851.0,1936.0,1941.0,1914.0,1.01604,-3.52941,-3.79679,-2.35294
9073,2023-06-09,2023-06-13,17800.0,1700.0,0.09551,P50_75,585.0,588.0,582.0,589.0,585.0,-0.51282,0.51282,-0.68376,-0.0
7571,2022-11-25,2022-11-29,156700.0,22100.0,0.14103,P50_75,71.0,71.0,69.0,66.0,75.0,-0.0,2.8169,7.04225,-5.6338
3484,2022-06-24,2022-06-28,20400.0,2200.0,0.10784,P50_75,837.0,844.0,874.0,879.0,859.0,-0.83632,-4.42055,-5.01792,-2.62843
5367,2025-01-10,2025-01-15,35500.0,3900.0,0.10986,P50_75,496.0,501.0,492.0,494.0,495.0,-1.00806,0.80645,0.40323,0.20161
5574,2024-01-12,2024-01-16,785500.0,50400.0,0.06416,P50_75,2851.0,2730.0,2540.0,3610.0,3435.0,4.24412,10.90845,-26.62224,-20.48404
6282,2025-11-21,2025-11-26,27600.0,1700.0,0.06159,P50_75,2165.0,2180.0,2199.0,2182.0,2229.0,-0.69284,-1.57044,-0.78522,-2.95612
6150,2022-12-02,2022-12-06,32900.0,2200.0,0.06687,P50_75,2375.0,2384.0,2399.0,2381.0,2318.0,-0.37895,-1.01053,-0.25263,2.4
2410,2022-06-10,2022-06-14,62800.0,4800.0,0.07643,P50_75,1074.0,1117.0,1110.0,1075.0,1141.0,-4.00372,-3.35196,-0.09311,-6.23836
6178,2023-10-13,2023-10-17,2822300.0,377300.0,0.13369,P50_75,1258.0,1270.0,1282.0,1283.0,1320.0,-0.9539,-1.90779,-1.98728,-4.92846
8399,2022-05-27,2022-05-31,61700.0,6900.0,0.11183,P50_75,783.0,778.0,789.0,794.0,792.0,0.63857,-0.76628,-1.40485,-1.14943
7202,2023-01-06,2023-01-11,678700.0,62300.0,0.09179,P50_75,1531.0,1537.0,1473.0,1499.0,1550.0,-0.3919,3.78837,2.09014,-1.24102
3386,2021-11-12,2021-11-16,67400.0,5600.0,0.08309,P50_75,1158.0,1152.0,1150.0,1158.0,1120.0,0.51813,0.69085,-0.0,3.28152
3069,2025-10-17,2025-10-21,229300.0,27000.0,0.11775,P50_75,146.0,150.0,152.0,151.0,147.0,-2.73973,-4.10959,-3.42466,-0.68493
7412,2022-01-14,2022-01-18,232100.0,34600.0,0.14907,P50_75,773.0,774.0,770.0,769.0,758.0,-0.12937,0.3881,0.51746,1.94049
8139,2023-07-07,2023-07-11,710800.0,59700.0,0.08399,P50_75,936.0,949.0,956.0,957.0,954.0,-1.38889,-2.13675,-2.24359,-1.92308
4429,2025-02-21,2025-02-26,53400.0,7200.0,0.13483,P50_75,836.0,842.0,850.0,833.0,840.0,-0.7177,-1.67464,0.35885,-0.47847
6902,2025-07-11,2025-07-15,975400.0,82100.0,0.08417,P50_75,1971.0,1970.5,1957.5,2025.5,2059.0,0.02537,0.68493,-2.76509,-4.46474
7080,2023-09-15,2023-09-20,85300.0,8100.0,0.09496,P50_75,708.5,703.5,705.0,749.0,677.5,0.70572,0.494,-5.7163,4.37544
7606,2025-07-11,2025-07-15,186100.0,13500.0,0.07254,P50_75,2178.0,2161.0,2160.0,2173.0,2185.0,0.78053,0.82645,0.22957,-0.3214
6634,2023-03-03,2023-03-07,330000.0,25800.0,0.07818,P50_75,165.0,164.0,162.0,162.0,161.0,0.60606,1.81818,1.81818,2.42424
7514,2024-06-07,2024-06-11,15100.0,1300.0,0.08609,P50_75,912.0,915.0,912.0,913.0,911.0,-0.32895,-0.0,-0.10965,0.10965
7374,2022-11-18,2022-11-22,68500.0,7300.0,0.10657,P50_75,2062.0,2030.0,2172.0,2105.0,2040.0,1.55189,-5.33463,-2.08535,1.06693
6597,2024-03-08,2024-03-12,116600.0,10200.0,0.08748,P50_75,2290.0,2419.0,2232.0,2356.0,2558.0,-5.63319,2.53275,-2.8821,-11.70306
1320,2025-05-02,2025-05-08,12071.0,1347.0,0.11159,P50_75,38540.0,39060.0,40160.0,39410.0,38520.0,-1.34925,-4.20343,-2.25739,0.05189
5381,2024-11-22,2024-11-26,566000.0,35800.0,0.06325,P50_75,618.0,590.0,573.0,570.0,623.0,4.53074,7.28155,7.76699,-0.80906
8181,2024-11-01,2024-11-06,18100.0,2000.0,0.1105,P50_75,843.0,843.0,851.0,856.0,874.0,-0.0,-0.94899,-1.54211,-3.67734
4480,2025-03-21,2025-03-25,423800.0,35500.0,0.08377,P50_75,3155.0,3145.0,3210.0,3025.0,2827.0,0.31696,-1.74326,4.12044,10.3962
3937,2023-03-10,2023-03-14,102900.0,8000.0,0.07775,P50_75,1920.0,1954.0,1863.0,1906.0,2010.0,-1.77083,2.96875,0.72917,-4.6875
3150,2024-06-14,2024-06-18,97000.0,11300.0,0.11649,P50_75,2537.0,2542.0,2538.0,2550.0,2500.0,-0.19708,-0.03942,-0.51242,1.45842
6445,2022-10-14,2022-10-18,103900.0,7800.0,0.07507,P50_75,629.0,629.0,620.0,616.0,634.0,-0.0,1.43084,2.06677,-0.79491
5351,2023-03-03,2023-03-07,24100.0,1600.0,0.06639,P50_75,929.0,919.0,911.0,862.0,859.0,1.07643,1.93757,7.21206,7.53498
6997,2023-03-03,2023-03-07,203000.0,19200.0,0.09458,P50_75,2199.0,2195.0,2310.0,2182.0,2147.0,0.1819,-5.04775,0.77308,2.36471
9552,2023-10-13,2023-10-17,1218300.0,147700.0,0.12123,P50_75,3055.0,2935.0,2735.0,2725.0,3125.0,3.92799,10.47463,10.80196,-2.29133
3415,2022-04-01,2022-04-05,505500.0,41100.0,0.08131,P50_75,464.0,475.0,450.0,395.0,377.0,-2.37069,3.01724,14.87069,18.75
6137,2024-07-12,2024-07-17,43800.0,3100.0,0.07078,P50_75,1168.0,1182.0,1156.0,1170.0,1178.0,-1.19863,1.0274,-0.17123,-0.85616
4323,2023-09-08,2023-09-12,10900.0,1000.0,0.09174,P50_75,1089.5,1104.5,1119.0,1108.5,1076.5,-1.37678,-2.70766,-1.74392,1.19321
8918,2025-05-09,2025-05-13,19542300.0,1660100.0,0.08495,P50_75,7.0,8.0,8.0,7.0,7.0,-14.28571,-14.28571,-0.0,-0.0
6278,2025-08-08,2025-08-13,42000.0,4400.0,0.10476,P50_75,6570.0,6710.0,7200.0,7350.0,8530.0,-2.1309,-9.58904,-11.87215,-29.83257
5214,2025-02-28,2025-03-04,83000.0,6200.0,0.0747,P50_75,3590.0,3525.0,3526.0,3461.0,3596.0,1.81058,1.78273,3.59331,-0.16713
6161,2024-03-08,2024-03-12,51200.0,4800.0,0.09375,P50_75,936.0,928.0,928.0,928.0,926.0,0.8547,0.8547,0.8547,1.06838
4335,2025-09-12,2025-09-17,36600.0,3000.0,0.08197,P50_75,1150.0,1150.0,1160.0,1152.0,1148.0,-0.0,-0.86957,-0.17391,0.17391
9164,2024-08-23,2024-08-27,942900.0,133900.0,0.14201,P50_75,454.0,455.0,453.0,459.0,437.0,-0.22026,0.22026,-1.10132,3.74449
2461,2024-09-20,2024-09-25,33500.0,2000.0,0.0597,P50_75,402.0,406.0,409.0,407.0,413.0,-0.99502,-1.74129,-1.24378,-2.73632
7730,2024-08-09,2024-08-14,85100.0,9500.0,0.11163,P50_75,1932.0,1901.0,1971.0,1990.0,2008.5,1.60455,-2.01863,-3.00207,-3.95963
9882,2025-06-20,2025-06-24,66300.0,5700.0,0.08597,P50_75,1570.0,1528.0,1520.0,1530.0,1514.0,2.67516,3.18471,2.54777,3.56688
4045,2024-07-12,2024-07-17,82100.0,7900.0,0.09622,P50_75,1546.5,1546.0,1530.0,1511.0,1548.0,0.03233,1.06693,2.29551,-0.09699
6653,2022-08-19,2022-08-23,117600.0,14200.0,0.12075,P50_75,1075.0,1094.0,1106.0,1077.0,1080.0,-1.76744,-2.88372,-0.18605,-0.46512
6707,2022-12-16,2022-12-20,60800.0,5200.0,0.08553,P50_75,6840.0,6560.0,6410.0,6610.0,6580.0,4.09357,6.28655,3.36257,3.80117
8708,2023-09-08,2023-09-12,13600.0,800.0,0.05882,P50_75,919.0,920.0,937.0,1018.0,1025.0,-0.10881,-1.95865,-10.77258,-11.53428
4431,2023-12-01,2023-12-05,163300.0,11500.0,0.07042,P50_75,2940.0,2947.0,2797.0,2968.0,2718.0,-0.2381,4.86395,-0.95238,7.55102
3372,2024-10-04,2024-10-08,38400.0,2500.0,0.0651,P50_75,229.0,226.0,227.0,227.0,223.0,1.31004,0.87336,0.87336,2.62009
4732,2025-11-28,2025-12-02,89800.0,7800.0,0.08686,P50_75,1713.0,1711.0,1716.5,1714.0,1736.5,0.11675,-0.20432,-0.05838,-1.37186
4367,2024-06-28,2024-07-02,11000.0,1000.0,0.09091,P50_75,2344.0,2330.0,2330.0,2301.0,2338.0,0.59727,0.59727,1.83447,0.25597
2327,2024-08-02,2024-08-06,68600.0,10000.0,0.14577,P50_75,3500.0,3450.0,3455.0,3575.0,3490.0,1.42857,1.28571,-2.14286,0.28571
4684,2024-03-29,2024-04-02,79900.0,6600.0,0.0826,P50_75,4580.0,4496.0,4360.0,4291.0,4180.0,1.83406,4.80349,6.31004,8.73362
215A,2025-03-07,2025-03-11,2192600.0,231000.0,0.10535,P50_75,1500.0,1525.0,1630.0,1502.0,1762.0,-1.66667,-8.66667,-0.13333,-17.46667
3401,2024-07-19,2024-07-23,655100.0,67100.0,0.10243,P50_75,1427.0,1423.0,1401.0,1449.5,1242.5,0.28031,1.822,-1.57673,12.92922
9279,2023-11-24,2023-11-28,202800.0,17300.0,0.08531,P50_75,2035.0,2045.0,2030.0,2025.0,2089.0,-0.4914,0.2457,0.4914,-2.65356
6469,2023-02-17,2023-02-21,39300.0,2600.0,0.06616,P50_75,581.0,581.0,570.0,585.0,584.0,-0.0,1.89329,-0.68847,-0.51635
8291,2024-02-16,2024-02-20,193500.0,20700.0,0.10698,P50_75,502.0,502.0,510.0,515.0,522.0,-0.0,-1.59363,-2.58964,-3.98406
3664,2025-12-12,2025-12-16,7414900.0,705400.0,0.09513,P50_75,34.0,33.0,33.0,32.0,35.0,2.94118,2.94118,5.88235,-2.94118
8596,2024-11-08,2024-11-12,155800.0,18800.0,0.12067,P50_75,1101.0,1080.0,1070.0,1062.0,1077.0,1.90736,2.81562,3.54223,2.17984
2127,2023-06-23,2023-06-27,4006600.0,307100.0,0.07665,P50_75,1090.0,1106.5,1095.0,1095.0,1058.5,-1.51376,-0.45872,-0.45872,2.88991
9722,2024-11-29,2024-12-03,53100.0,3700.0,0.06968,P50_75,1790.0,1832.0,1716.0,1694.0,1642.0,-2.34637,4.13408,5.36313,8.26816
1330,2025-11-21,2025-11-26,12611.0,1793.0,0.14218,P50_75,50900.0,51930.0,52280.0,51510.0,52870.0,-2.02358,-2.7112,-1.19843,-3.87033
7094,2025-03-21,2025-03-25,234700.0,23800.0,0.10141,P50_75,1255.0,1240.0,1246.0,1222.0,1070.0,1.19522,0.71713,2.62948,14.74104
4177,2025-07-18,2025-07-23,59100.0,4200.0,0.07107,P50_75,1360.0,1345.0,1398.0,1382.0,1350.0,1.10294,-2.79412,-1.61765,0.73529
9229,2023-01-27,2023-01-31,167500.0,17800.0,0.10627,P50_75,2356.7,2426.7,2520.0,2523.3,2850.0,-2.97026,-6.92918,-7.06921,-20.93181
9201,2022-10-14,2022-10-18,4393500.0,368800.0,0.08394,P50_75,2745.0,2800.0,2822.0,2795.0,2795.0,-2.00364,-2.8051,-1.82149,-1.82149
9945,2021-10-15,2021-10-19,16100.0,1500.0,0.09317,P50_75,2016.0,2010.0,1998.0,1944.0,1927.0,0.29762,0.89286,3.57143,4.41468
4323,2025-05-16,2025-05-20,18600.0,1300.0,0.06989,P50_75,1845.0,1836.0,1885.0,1884.0,1914.0,0.4878,-2.16802,-2.11382,-3.73984
6627,2023-10-13,2023-10-17,120800.0,22000.0,0.18212,P75_90,4765.0,4960.0,4835.0,4765.0,4530.0,-4.09234,-1.46905,-0.0,4.93179
9639,2022-05-27,2022-05-31,43400.0,6900.0,0.15899,P75_90,2012.5,2085.0,2102.5,2120.0,2037.5,-3.60248,-4.47205,-5.34161,-1.24224
6096,2023-11-10,2023-11-14,214100.0,32400.0,0.15133,P75_90,935.0,878.0,904.0,951.0,962.0,6.09626,3.31551,-1.71123,-2.8877
5334,2024-11-22,2024-11-26,160500.0,33100.0,0.20623,P75_90,4798.0,4701.0,4664.0,4661.0,4714.0,2.02168,2.79283,2.85536,1.75073
6364,2025-01-10,2025-01-15,13800.0,3000.0,0.21739,P75_90,1850.0,1880.0,1950.0,2042.0,2030.0,-1.62162,-5.40541,-10.37838,-9.72973
4452,2023-07-28,2023-08-01,492000.0,110600.0,0.2248,P75_90,2702.5,2708.0,2625.0,2841.0,2878.0,-0.20352,2.86772,-5.12488,-6.49399
2411,2024-06-21,2024-06-25,33000.0,5900.0,0.17879,P75_90,391.0,392.0,392.0,392.0,395.0,-0.25575,-0.25575,-0.25575,-1.02302
6269,2022-05-20,2022-05-24,143800.0,36600.0,0.25452,P75_90,1275.0,1265.0,1232.0,1260.0,1348.0,0.78431,3.37255,1.17647,-5.72549
6103,2023-04-28,2023-05-02,62600.0,12500.0,0.19968,P75_90,3060.0,3035.0,3075.0,2950.0,3165.0,0.81699,-0.4902,3.59477,-3.43137
3237,2024-05-02,2024-05-08,669900.0,141300.0,0.21093,P75_90,129.0,130.0,130.0,132.0,136.0,-0.77519,-0.77519,-2.32558,-5.42636
4312,2022-08-12,2022-08-16,28200.0,6200.0,0.21986,P75_90,1009.0,1031.0,995.0,971.0,959.0,-2.18038,1.38751,3.76611,4.9554
1884,2024-12-13,2024-12-17,15300.0,3900.0,0.2549,P75_90,1770.0,1760.0,1764.0,1740.0,1781.0,0.56497,0.33898,1.69492,-0.62147
8079,2022-07-15,2022-07-20,10200.0,2900.0,0.28431,P75_90,3890.0,3895.0,3865.0,3940.0,4010.0,-0.12853,0.64267,-1.28535,-3.08483
7442,2023-05-19,2023-05-23,11300.0,1700.0,0.15044,P75_90,342.0,340.0,338.0,336.0,335.0,0.5848,1.16959,1.75439,2.04678
2408,2022-07-22,2022-07-26,32300.0,6800.0,0.21053,P75_90,360.0,367.0,357.0,358.0,363.0,-1.94444,0.83333,0.55556,-0.83333
5832,2024-06-28,2024-07-02,134600.0,25800.0,0.19168,P75_90,1691.5,1725.5,1677.5,1662.0,1698.5,-2.01005,0.82767,1.74401,-0.41383
5976,2023-02-24,2023-02-28,84900.0,13500.0,0.15901,P75_90,690.0,680.0,683.0,700.0,696.0,1.44928,1.01449,-1.44928,-0.86957
9438,2025-08-22,2025-08-26,57800.0,12800.0,0.22145,P75_90,837.0,816.0,796.0,809.0,835.0,2.50896,4.89845,3.34528,0.23895
4523,2023-06-09,2023-06-13,864900.0,205100.0,0.23714,P75_90,10650.0,10300.0,9619.0,9599.0,9508.0,3.28638,9.68075,9.86854,10.723
8381,2024-04-05,2024-04-09,94300.0,24900.0,0.26405,P75_90,1200.0,1194.0,1199.0,1196.0,1180.0,0.5,0.08333,0.33333,1.66667
3928,2023-04-14,2023-04-18,85500.0,19300.0,0.22573,P75_90,349.0,352.0,328.0,327.0,328.0,-0.8596,6.01719,6.30372,6.01719
2395,2024-03-22,2024-03-26,564600.0,124200.0,0.21998,P75_90,1533.0,1530.0,1548.0,1501.0,1452.0,0.19569,-0.97847,2.08741,5.28376
9602,2023-05-12,2023-05-16,51600.0,8000.0,0.15504,P75_90,1108.0,1124.0,1158.0,1142.0,1108.0,-1.44404,-4.51264,-3.06859,-0.0
2904,2024-09-20,2024-09-25,12900.0,2300.0,0.17829,P75_90,749.0,748.0,746.0,755.0,749.0,0.13351,0.40053,-0.80107,-0.0
6113,2025-05-23,2025-05-27,91700.0,17300.0,0.18866,P75_90,1453.5,1477.0,1473.5,1488.0,1478.5,-1.61679,-1.37599,-2.37358,-1.71999
8742,2024-09-20,2024-09-25,102900.0,15800.0,0.15355,P75_90,267.0,273.0,268.0,264.0,265.0,-2.24719,-0.37453,1.1236,0.74906
5463,2022-07-15,2022-07-20,13700.0,2200.0,0.16058,P75_90,981.3,970.3,988.3,980.0,968.0,1.12096,-0.71334,0.13248,1.35534
2652,2022-01-21,2022-01-25,11700.0,2600.0,0.22222,P75_90,111.8,111.0,111.2,111.0,113.0,0.71556,0.53667,0.71556,-1.07335
8739,2021-11-12,2021-11-16,468700.0,74700.0,0.15938,P75_90,1585.0,1625.0,1635.0,1625.0,1555.0,-2.52366,-3.15457,-2.52366,1.89274
4577,2023-12-01,2023-12-05,29300.0,5400.0,0.1843,P75_90,961.0,941.5,958.0,966.5,930.5,2.02914,0.31217,-0.57232,3.17378
7203,2022-11-11,2022-11-15,10992400.0,2690100.0,0.24472,P75_90,1985.0,2000.0,2005.0,2020.0,2010.0,-0.75567,-1.00756,-1.76322,-1.25945
9621,2024-07-05,2024-07-09,31700.0,5600.0,0.17666,P75_90,2450.0,2515.0,2485.0,2590.0,2457.5,-2.65306,-1.42857,-5.71429,-0.30612
3538,2023-08-25,2023-08-29,65800.0,13000.0,0.19757,P75_90,1143.0,1148.0,1138.0,1160.0,1181.0,-0.43745,0.43745,-1.48731,-3.32458
9171,2025-09-26,2025-09-30,83800.0,14100.0,0.16826,P75_90,1543.0,1660.0,2071.0,2099.0,1993.0,-7.58263,-34.21905,-36.0337,-29.16397
8830,2025-08-22,2025-08-26,170100.0,27300.0,0.16049,P75_90,3128.0,3065.0,3078.0,3050.0,3240.0,2.01407,1.59847,2.49361,-3.58056
4410,2024-08-09,2024-08-14,11700.0,2200.0,0.18803,P75_90,876.0,884.0,901.0,907.0,910.0,-0.91324,-2.85388,-3.53881,-3.88128
6358,2022-12-23,2022-12-27,20700.0,6900.0,0.33333,P75_90,1705.0,1730.0,1742.5,1695.0,1700.0,-1.46628,-2.19941,0.58651,0.29326
4816,2023-02-10,2023-02-14,80300.0,19300.0,0.24035,P75_90,2638.0,2664.0,2684.0,2566.0,2712.0,-0.9856,-1.74375,2.72934,-2.80516
7199,2025-11-14,2025-11-18,541600.0,117100.0,0.21621,P75_90,1742.0,1732.0,1733.0,1802.0,1853.0,0.57405,0.51665,-3.44432,-6.37199
9990,2023-05-19,2023-05-23,61900.0,15400.0,0.24879,P75_90,979.0,948.0,1041.0,1055.0,1000.0,3.1665,-6.33299,-7.76302,-2.14505
9147,2024-08-30,2024-09-03,142900.0,24500.0,0.17145,P75_90,2450.0,2457.0,2436.0,2382.0,2388.3,-0.28571,0.57143,2.77551,2.51837
175A,2025-07-04,2025-07-08,74900.0,15700.0,0.20961,P75_90,818.0,1044.0,1029.0,1015.0,1105.0,-27.62836,-25.79462,-24.08313,-35.08557
7512,2025-08-22,2025-08-26,47500.0,13200.0,0.27789,P75_90,919.0,913.0,913.0,923.0,929.0,0.65288,0.65288,-0.43526,-1.08814
3173,2023-08-18,2023-08-22,28800.0,4600.0,0.15972,P75_90,833.0,827.0,839.0,850.0,860.0,0.72029,-0.72029,-2.04082,-3.2413
8011,2024-04-05,2024-04-09,127500.0,21500.0,0.16863,P75_90,2799.0,2742.0,2721.0,2831.0,2838.0,2.03644,2.78671,-1.14327,-1.39335
7296,2024-06-28,2024-07-02,18900.0,5100.0,0.26984,P75_90,2335.0,2350.0,2386.0,2314.0,2389.0,-0.6424,-2.18415,0.89936,-2.31263
6370,2023-12-29,2024-01-05,115100.0,22200.0,0.19288,P75_90,5437.0,5453.0,5635.0,5651.0,5410.0,-0.29428,-3.64171,-3.93599,0.4966
3139,2024-03-01,2024-03-05,103500.0,18600.0,0.17971,P75_90,2189.0,2219.0,2231.0,2396.0,2322.0,-1.37049,-1.91868,-9.45637,-6.07583
1699,2023-05-19,2023-05-23,3912850.0,601740.0,0.15379,P75_90,321.9,328.4,324.0,329.3,322.9,-2.01926,-0.65238,-2.29885,-0.31066
9302,2022-03-18,2022-03-23,61000.0,12800.0,0.20984,P75_90,826.7,830.3,866.3,852.3,816.7,-0.43547,-4.79013,-3.09665,1.20963
6156,2024-11-29,2024-12-03,14300.0,4000.0,0.27972,P75_90,1773.0,1770.0,1766.0,1751.0,1753.0,0.1692,0.39481,1.24083,1.12803
5367,2023-06-09,2023-06-13,63300.0,14000.0,0.22117,P75_90,611.0,630.0,650.0,650.0,653.0,-3.10966,-6.38298,-6.38298,-6.87398
4416,2022-10-21,2022-10-25,48200.0,10800.0,0.22407,P75_90,490.0,489.0,494.0,500.0,508.0,0.20408,-0.81633,-2.04082,-3.67347
3086,2024-04-05,2024-04-09,158600.0,36600.0,0.23077,P75_90,1600.0,1592.0,1608.0,1580.0,1510.0,0.5,-0.5,1.25,5.625
6479,2023-03-03,2023-03-07,270100.0,60400.0,0.22362,P75_90,2469.0,2475.0,2449.0,2369.0,2392.0,-0.24301,0.81004,4.05022,3.11867
4809,2022-08-12,2022-08-16,16500.0,4900.0,0.29697,P75_90,2000.0,2001.0,2009.0,2004.0,1986.0,-0.05,-0.45,-0.2,0.7
8173,2023-11-24,2023-11-28,37900.0,7100.0,0.18734,P75_90,2300.0,2337.0,2315.0,2315.0,2401.0,-1.6087,-0.65217,-0.65217,-4.3913
8892,2024-05-02,2024-05-08,188900.0,46600.0,0.24669,P75_90,1094.0,1091.0,1102.0,1071.0,1076.0,0.27422,-0.73126,2.10238,1.64534
3913,2023-01-06,2023-01-11,71400.0,10900.0,0.15266,P75_90,584.0,585.0,588.0,604.0,610.0,-0.17123,-0.68493,-3.42466,-4.45205
1950,2022-05-13,2022-05-17,15300.0,2300.0,0.15033,P75_90,1598.0,1575.0,1550.0,1572.0,1589.0,1.4393,3.00375,1.62703,0.5632
9418,2023-04-14,2023-04-18,302900.0,73500.0,0.24265,P75_90,952.7,955.3,926.7,999.7,1006.7,-0.27291,2.72909,-4.93335,-5.6681
3931,2022-09-30,2022-10-04,14900.0,2600.0,0.1745,P75_90,1446.0,1469.0,1536.0,1645.0,1618.0,-1.59059,-6.22407,-13.7621,-11.89488
205A,2025-04-18,2025-04-22,73300.0,24000.0,0.32742,P75_90,970.0,962.0,931.0,941.0,1021.0,0.82474,4.02062,2.98969,-5.25773
8518,2025-09-05,2025-09-09,1531300.0,377500.0,0.24652,P75_90,240.0,239.0,237.0,239.0,233.0,0.41667,1.25,0.41667,2.91667
6190,2022-09-09,2022-09-13,127200.0,24600.0,0.1934,P75_90,661.0,657.0,678.0,646.0,649.0,0.60514,-2.57186,2.26929,1.81543
2693,2023-08-10,2023-08-15,327600.0,92300.0,0.28175,P75_90,295.0,296.0,291.0,292.0,292.0,-0.33898,1.35593,1.01695,1.01695
4435,2023-05-12,2023-05-16,67800.0,13600.0,0.20059,P75_90,2335.0,2391.0,2338.0,2379.0,2190.0,-2.39829,-0.12848,-1.88437,6.20985
4666,2023-06-09,2023-06-13,252000.0,76900.0,0.30516,P75_90,2166.0,2191.5,2131.0,2104.5,2028.0,-1.17729,1.61588,2.83934,6.37119
4333,2021-12-30,2022-01-05,17900.0,2700.0,0.15084,P75_90,694.0,686.7,675.3,672.7,635.3,1.05187,2.69452,3.06916,8.45821
4272,2021-11-05,2021-11-09,35400.0,6400.0,0.18079,P75_90,1227.0,1225.0,1205.0,1228.0,1217.0,0.163,1.79299,-0.0815,0.815
7072,2024-01-26,2024-01-30,124300.0,27300.0,0.21963,P75_90,1104.0,1086.0,1098.0,1090.0,1039.0,1.63043,0.54348,1.26812,5.88768
9302,2022-04-15,2022-04-19,59200.0,13800.0,0.23311,P75_90,798.0,800.0,805.0,786.3,818.7,-0.25063,-0.87719,1.46617,-2.59398
8086,2023-07-14,2023-07-19,255100.0,39500.0,0.15484,P75_90,1017.5,1018.0,1036.0,1031.0,1028.5,-0.04914,-1.81818,-1.32678,-1.08108
6551,2024-08-30,2024-09-03,255900.0,49000.0,0.19148,P75_90,685.0,679.0,678.0,673.0,687.0,0.87591,1.0219,1.75182,-0.29197
6464,2023-12-08,2023-12-12,631700.0,111300.0,0.17619,P75_90,700.0,691.0,695.0,700.0,724.0,1.28571,0.71429,-0.0,-3.42857
6479,2025-08-22,2025-08-26,300800.0,58900.0,0.19581,P75_90,2525.5,2544.0,2541.5,2528.0,2707.0,-0.73253,-0.63354,-0.09899,-7.1867
4021,2023-07-07,2023-07-11,76600.0,14800.0,0.19321,P75_90,6259.0,6238.0,6144.0,6190.0,6251.0,0.33552,1.83735,1.10241,0.12782
6143,2025-10-10,2025-10-15,101400.0,15300.0,0.15089,P75_90,879.0,900.0,912.0,929.0,985.0,-2.38908,-3.75427,-5.68828,-12.05916
6189,2024-04-19,2024-04-23,115700.0,18900.0,0.16335,P75_90,644.0,651.0,627.0,630.0,641.0,-1.08696,2.63975,2.17391,0.46584
9854,2022-04-28,2022-05-06,23400.0,5900.0,0.25214,P75_90,197.0,196.0,197.0,197.0,190.0,0.50761,-0.0,-0.0,3.5533
179A,2025-01-10,2025-01-15,135830.0,25650.0,0.18884,P75_90,267.8,268.5,273.9,275.0,275.8,-0.26139,-2.27782,-2.68857,-2.9873
7990,2022-02-10,2022-02-15,203900.0,63100.0,0.30947,P75_90,2791.0,2938.0,2684.0,2582.0,2794.0,-5.26693,3.83375,7.48836,-0.10749
6373,2023-06-30,2023-07-04,24000.0,3700.0,0.15417,P75_90,755.0,750.0,750.0,740.0,728.0,0.66225,0.66225,1.98675,3.57616
3132,2024-09-20,2024-09-25,254700.0,66300.0,0.26031,P75_90,1996.7,2033.3,1971.0,2015.0,2012.0,-1.83302,1.28712,-0.91651,-0.76626
7606,2024-05-24,2024-05-28,173300.0,31300.0,0.18061,P75_90,1732.0,1720.0,1780.0,1770.0,1838.0,0.69284,-2.77136,-2.194,-6.12009
6158,2023-11-10,2023-11-14,62000.0,18100.0,0.29194,P75_90,1012.0,1013.0,1011.0,1030.0,1045.0,-0.09881,0.09881,-1.77866,-3.26087
5903,2025-08-29,2025-09-02,14800.0,3500.0,0.23649,P75_90,1235.0,1237.0,1231.0,1240.0,1230.0,-0.16194,0.32389,-0.40486,0.40486
7762,2025-04-04,2025-04-08,299000.0,77800.0,0.2602,P75_90,775.0,764.0,771.0,807.0,795.0,1.41935,0.51613,-4.12903,-2.58065
4452,2025-06-20,2025-06-24,112300.0,18000.0,0.16028,P75_90,3274.0,3269.5,3207.5,3251.5,3165.0,0.13745,2.03115,0.68723,3.32926
2676,2022-04-28,2022-05-06,56100.0,18400.0,0.32799,P75_90,765.0,780.0,755.5,773.0,867.5,-1.96078,1.24183,-1.04575,-13.39869
4840,2023-03-03,2023-03-07,21800.0,4800.0,0.22018,P75_90,409.0,421.0,421.0,420.0,428.0,-2.93399,-2.93399,-2.68949,-4.64548
4928,2023-03-03,2023-03-07,15000.0,3400.0,0.22667,P75_90,5410.0,5390.0,5420.0,5310.0,5330.0,0.36969,-0.18484,1.84843,1.47874
3323,2023-05-19,2023-05-23,2751800.0,485500.0,0.17643,P75_90,76.0,76.0,78.0,77.0,84.0,-0.0,-2.63158,-1.31579,-10.52632
8848,2023-04-21,2023-04-25,3543900.0,1019300.0,0.28762,P75_90,357.0,351.0,353.0,368.0,370.0,1.68067,1.12045,-3.08123,-3.64146
3626,2025-11-07,2025-11-11,54300.0,9000.0,0.16575,P75_90,4983.0,5020.0,5110.0,5170.0,5183.0,-0.74252,-2.54867,-3.75276,-4.01365
6088,2023-02-03,2023-02-07,124800.0,30400.0,0.24359,P75_90,591.5,565.0,572.5,573.5,553.5,4.48014,3.21217,3.04311,6.42434
2936,2023-06-09,2023-06-13,541000.0,125000.0,0.23105,P75_90,440.0,439.0,417.0,446.0,426.0,0.22727,5.22727,-1.36364,3.18182
5843,2025-05-30,2025-06-03,52700.0,12600.0,0.23909,P75_90,1847.0,1837.0,1774.0,1795.0,1796.0,0.54142,3.95236,2.81538,2.76123
6440,2021-12-17,2021-12-21,515300.0,82200.0,0.15952,P75_90,869.0,861.0,858.0,860.0,859.0,0.9206,1.26582,1.03567,1.15075
7979,2022-07-15,2022-07-20,33500.0,5300.0,0.15821,P75_90,867.0,863.0,880.0,899.5,955.0,0.46136,-1.49942,-3.74856,-10.14994
9162,2024-10-04,2024-10-08,319900.0,55200.0,0.17255,P75_90,280.0,276.0,271.0,266.0,267.0,1.42857,3.21429,5.0,4.64286
1847,2024-05-10,2024-05-14,52400.0,8900.0,0.16985,P75_90,1189.0,1204.0,1213.0,1270.0,1271.0,-1.26156,-2.0185,-6.81245,-6.89655
4298,2023-07-07,2023-07-11,12100.0,3100.0,0.2562,P75_90,1190.0,1206.0,1222.0,1215.0,1226.0,-1.34454,-2.68908,-2.10084,-3.02521
9449,2024-03-29,2024-04-02,93100.0,23600.0,0.25349,P75_90,2760.0,2726.5,2740.0,2738.5,2646.0,1.21377,0.72464,0.77899,4.13043
4766,2023-02-24,2023-02-28,374100.0,56500.0,0.15103,P75_90,164.0,165.0,165.0,167.0,164.0,-0.60976,-0.60976,-1.82927,-0.0
9064,2023-09-29,2023-10-03,239800.0,39000.0,0.16264,P75_90,2422.0,2353.5,2424.5,2419.5,2385.0,2.82824,-0.10322,0.10322,1.52766
5644,2024-11-29,2024-12-03,27200.0,9100.0,0.33456,P75_90,2950.0,2951.0,2970.0,2950.0,2845.0,-0.0339,-0.67797,-0.0,3.55932
9743,2022-04-15,2022-04-19,65300.0,17800.0,0.27259,P75_90,781.0,800.0,798.0,781.0,786.0,-2.43278,-2.1767,-0.0,-0.6402
9251,2024-04-26,2024-05-01,85400.0,19500.0,0.22834,P75_90,892.0,891.0,897.0,891.0,879.0,0.11211,-0.56054,0.11211,1.4574
5186,2022-04-28,2022-05-06,14000.0,2800.0,0.2,P75_90,2840.0,2850.0,2855.0,2781.0,2740.0,-0.35211,-0.52817,2.07746,3.52113
4187,2023-09-01,2023-09-05,63000.0,14300.0,0.22698,P75_90,2679.0,2703.0,2610.0,2552.0,2566.0,-0.89586,2.57559,4.74057,4.21799
7082,2022-11-18,2022-11-22,148800.0,26000.0,0.17473,P75_90,1018.0,1038.0,1016.5,968.5,950.5,-1.96464,0.14735,4.86248,6.63065
3784,2023-04-28,2023-05-02,37300.0,5600.0,0.15013,P75_90,1344.0,1392.0,1416.0,1470.0,1459.0,-3.57143,-5.35714,-9.375,-8.55655
9381,2022-01-07,2022-01-12,14800.0,2800.0,0.18919,P75_90,1430.0,1489.0,1465.0,1450.0,1478.0,-4.12587,-2.44755,-1.3986,-3.35664
3666,2022-06-10,2022-06-14,282200.0,68900.0,0.24415,P75_90,490.0,495.0,488.0,471.0,491.0,-1.02041,0.40816,3.87755,-0.20408
9301,2022-06-17,2022-06-21,14900.0,4800.0,0.32215,P75_90,633.0,642.0,640.0,651.0,661.0,-1.4218,-1.10585,-2.8436,-4.42338
5384,2025-09-26,2025-09-30,101000.0,15900.0,0.15743,P75_90,2158.0,2139.0,2231.0,2300.0,2298.0,0.88044,-3.38276,-6.58017,-6.48749
5902,2022-02-04,2022-02-08,10200.0,2800.0,0.27451,P75_90,1422.0,1400.0,1400.0,1410.0,1397.0,1.54712,1.54712,0.84388,1.75809
7995,2024-01-12,2024-01-16,17400.0,5400.0,0.31034,P75_90,4310.0,4220.0,4215.0,4330.0,4450.0,2.08817,2.20418,-0.46404,-3.24826
6836,2022-04-28,2022-05-06,25800.0,3900.0,0.15116,P75_90,228.3,234.0,231.7,225.3,223.0,-2.49671,-1.48927,1.31406,2.32151
3092,2024-05-02,2024-05-08,217600.0,42600.0,0.19577,P75_90,1192.3,1158.3,1121.3,1183.0,1213.3,2.85163,5.95488,0.78001,-1.7613
4792,2024-01-12,2024-01-16,45300.0,14300.0,0.31567,P75_90,1761.0,1731.0,1704.0,1740.0,1797.0,1.70358,3.2368,1.1925,-2.04429
9810,2022-11-11,2022-11-15,35000.0,11200.0,0.32,P75_90,5100.0,5120.0,5150.0,5180.0,5140.0,-0.39216,-0.98039,-1.56863,-0.78431
5137,2025-05-02,2025-05-08,14300.0,3900.0,0.27273,P75_90,319.8,322.8,319.7,338.3,368.3,-0.93809,0.03127,-5.78487,-15.16573
3111,2023-12-08,2023-12-12,239900.0,62700.0,0.26136,P75_90,315.0,312.0,301.0,304.0,298.0,0.95238,4.44444,3.49206,5.39683
3782,2023-07-14,2023-07-19,290900.0,49700.0,0.17085,P75_90,12.0,12.0,10.0,9.0,12.0,-0.0,16.66667,25.0,-0.0
8273,2023-02-17,2023-02-21,28700.0,4300.0,0.14983,P75_90,1003.3,990.0,979.7,990.0,1008.3,1.32563,2.35224,1.32563,-0.49836
5271,2025-11-21,2025-11-26,12400.0,2100.0,0.16935,P75_90,2335.0,2335.0,2330.0,2335.0,2354.0,-0.0,0.21413,-0.0,-0.8137
3565,2021-12-03,2021-12-07,158300.0,37600.0,0.23752,P75_90,378.3,400.0,398.3,348.0,316.7,-5.73619,-5.28681,8.00952,16.28337
6098,2022-12-16,2022-12-20,3482200.0,737800.0,0.21188,P75_90,4206.0,4091.0,4108.0,4210.0,4220.0,2.73419,2.33,-0.0951,-0.33286
9684,2024-01-19,2024-01-23,157600.0,49100.0,0.31155,P75_90,1920.7,1909.3,1923.3,1915.0,2136.3,0.59353,-0.13537,0.29677,-11.22507
3315,2022-04-01,2022-04-05,4366800.0,1126300.0,0.25792,P75_90,141.0,143.0,140.0,144.0,142.0,-1.41844,0.70922,-2.12766,-0.70922
3946,2024-05-31,2024-06-04,49600.0,8100.0,0.16331,P75_90,2763.0,2763.0,2684.0,2699.0,2715.0,-0.0,2.85921,2.31632,1.73724
4463,2024-12-06,2024-12-10,42500.0,9400.0,0.22118,P75_90,1157.0,1157.0,1141.0,1150.0,1142.0,-0.0,1.38289,0.60501,1.29646
3937,2024-07-26,2024-07-30,169000.0,25700.0,0.15207,P75_90,1365.0,1316.0,1228.0,1117.0,1197.0,3.58974,10.03663,18.1685,12.30769
8309,2022-10-07,2022-10-12,115700.0,17400.0,0.15039,P75_90,2130.0,2115.0,2150.5,2129.0,2186.5,0.70423,-0.96244,0.04695,-2.65258
3391,2025-11-28,2025-12-02,60900.0,14300.0,0.23481,P75_90,2830.0,2820.0,2813.0,2850.0,2821.5,0.35336,0.60071,-0.70671,0.30035
4933,2021-12-10,2021-12-14,95800.0,14500.0,0.15136,P75_90,1650.0,1750.0,1662.5,1562.5,1652.5,-6.06061,-0.75758,5.30303,-0.15152
8894,2024-02-09,2024-02-14,1547900.0,491700.0,0.31766,P75_90,170.0,150.0,160.0,160.0,230.0,11.76471,5.88235,5.88235,-35.29412
3675,2025-07-11,2025-07-15,247400.0,56600.0,0.22878,P75_90,712.0,715.0,715.0,719.0,756.0,-0.42135,-0.42135,-0.98315,-6.17978
2201,2025-11-28,2025-12-02,24500.0,4500.0,0.18367,P75_90,2628.5,2611.0,2601.5,2637.5,2615.0,0.66578,1.0272,-0.3424,0.5136
7309,2021-11-12,2021-11-16,56900.0,13600.0,0.23902,P75_90,31980.0,32180.0,32190.0,32210.0,31290.0,-0.62539,-0.65666,-0.7192,2.1576
2901,2022-12-23,2022-12-27,270500.0,60900.0,0.22514,P75_90,142.0,139.0,138.0,142.0,144.0,2.11268,2.8169,-0.0,-1.40845
1343,2023-03-24,2023-03-28,72460.0,14090.0,0.19445,P75_90,1910.0,1919.0,1939.0,1986.0,1953.0,-0.4712,-1.51832,-3.97906,-2.25131
2493,2025-08-22,2025-08-26,18600.0,4600.0,0.24731,P75_90,926.0,926.0,926.0,929.0,934.0,-0.0,-0.0,-0.32397,-0.86393
7971,2025-07-18,2025-07-23,130800.0,23600.0,0.18043,P75_90,492.0,496.0,500.0,507.0,572.0,-0.81301,-1.62602,-3.04878,-16.26016
6465,2025-10-03,2025-10-07,127500.0,28400.0,0.22275,P75_90,5554.0,5564.0,5438.0,5476.0,5671.0,-0.18005,2.08858,1.40439,-2.10659
6966,2023-06-23,2023-06-27,224300.0,46300.0,0.20642,P75_90,1886.0,1862.0,1836.0,1944.0,1858.0,1.27253,2.65111,-3.07529,1.48462
4584,2022-03-18,2022-03-23,493500.0,125100.0,0.2535,P75_90,418.0,418.0,433.0,442.0,469.0,-0.0,-3.58852,-5.74163,-12.20096
4151,2022-07-22,2022-07-26,44400.0,13900.0,0.31306,P75_90,3165.0,3180.0,3185.0,3115.0,3160.0,-0.47393,-0.63191,1.57978,0.15798
1921,2022-10-14,2022-10-18,75400.0,11700.0,0.15517,P75_90,354.0,360.0,348.0,358.0,356.0,-1.69492,1.69492,-1.12994,-0.56497
4597,2025-06-06,2025-06-10,8393000.0,2736600.0,0.32606,P75_90,30.0,31.0,31.0,31.0,32.0,-3.33333,-3.33333,-3.33333,-6.66667
5290,2022-06-24,2022-06-28,16400.0,4000.0,0.2439,P75_90,583.3,568.0,575.5,593.5,648.0,2.62301,1.33722,-1.74867,-11.09206
215A,2025-04-04,2025-04-08,2314300.0,359600.0,0.15538,P75_90,1300.0,1345.0,1509.0,1633.0,1563.0,-3.46154,-16.07692,-25.61538,-20.23077
6879,2023-09-22,2023-09-26,508800.0,88800.0,0.17453,P75_90,605.0,589.0,596.0,580.0,597.0,2.64463,1.4876,4.13223,1.32231
7033,2023-09-08,2023-09-12,280100.0,43900.0,0.15673,P75_90,3885.0,3915.0,3235.0,3100.0,2895.0,-0.7722,16.73102,20.20592,25.48263
1952,2025-05-23,2025-05-27,19500.0,3100.0,0.15897,P75_90,2189.0,2188.0,2140.0,2235.0,2205.0,0.04568,2.23847,-2.10142,-0.73093
7686,2022-06-03,2022-06-07,23500.0,5800.0,0.24681,P75_90,450.0,489.7,472.0,482.7,448.3,-8.82222,-4.88889,-7.26667,0.37778
1306,2024-12-13,2024-12-17,246200.0,80400.0,0.32656,P75_90,287.3,285.5,285.6,286.8,292.7,0.62652,0.59172,0.17403,-1.87957
9413,2021-12-03,2021-12-07,17700.0,5400.0,0.30508,P75_90,2058.0,2122.0,2091.0,2021.0,2015.0,-3.10982,-1.6035,1.79786,2.08941
5352,2022-08-05,2022-08-09,16600.0,4700.0,0.28313,P75_90,1183.8,1180.0,1200.0,1195.0,1185.0,0.321,-1.36847,-0.94611,-0.10137
4151,2024-07-05,2024-07-09,71400.0,19500.0,0.27311,P75_90,2958.5,3070.0,3100.0,3177.0,3159.0,-3.7688,-4.78283,-7.3855,-6.77708
6560,2024-10-18,2024-10-22,80600.0,15800.0,0.19603,P75_90,1776.0,1720.0,1721.0,1819.0,1764.0,3.15315,3.09685,-2.42117,0.67568
5702,2025-10-03,2025-10-07,93500.0,25200.0,0.26952,P75_90,1129.0,1137.0,1142.0,1113.0,1133.0,-0.70859,-1.15146,1.41718,-0.3543
4503,2022-10-21,2022-10-25,437800.0,144700.0,0.33052,P75_90,2008.5,2033.0,2019.0,2070.0,2094.5,-1.21982,-0.52278,-3.06199,-4.2818
8289,2024-04-19,2024-04-23,37000.0,8100.0,0.21892,P75_90,512.0,511.0,512.0,509.0,510.0,0.19531,-0.0,0.58594,0.39062
4464,2025-02-28,2025-03-04,12500.0,2100.0,0.168,P75_90,1444.0,1447.0,1446.0,1500.0,1750.0,-0.20776,-0.1385,-3.87812,-21.19114
4891,2024-08-23,2024-08-27,974900.0,158700.0,0.16279,P75_90,220.0,219.0,217.0,213.0,205.0,0.45455,1.36364,3.18182,6.81818
5121,2024-11-22,2024-11-26,109600.0,26900.0,0.24544,P75_90,1509.0,1503.0,1520.0,1482.0,1523.0,0.39761,-0.72896,1.78926,-0.92777
9672,2022-04-01,2022-04-05,73800.0,20500.0,0.27778,P75_90,4630.0,4645.0,4540.0,4320.0,4385.0,-0.32397,1.94384,6.69546,5.29158
7296,2024-09-20,2024-09-25,11600.0,1800.0,0.15517,P75_90,2460.0,2489.0,2350.0,2382.0,2373.0,-1.17886,4.47154,3.17073,3.53659
7058,2025-03-21,2025-03-25,17300.0,3400.0,0.19653,P75_90,2534.0,2550.0,2519.0,2522.0,2400.0,-0.63141,0.59195,0.47356,5.28808
6724,2023-01-13,2023-01-17,166600.0,40000.0,0.2401,P75_90,1860.0,1893.0,1878.0,1950.0,2010.0,-1.77419,-0.96774,-4.83871,-8.06452
8439,2023-06-16,2023-06-20,58500.0,12600.0,0.21538,P75_90,1300.8,1292.3,1325.0,1291.3,1319.3,0.65344,-1.86039,0.73032,-1.4222
8386,2023-06-09,2023-06-13,87400.0,18500.0,0.21167,P75_90,439.3,439.5,442.5,450.0,457.8,-0.04553,-0.72843,-2.43569,-4.21125
282A,2025-06-27,2025-07-01,22518.0,6740.0,0.29932,P75_90,1047.0,1013.0,1062.0,1043.0,1073.0,3.24737,-1.43266,0.38204,-2.48329
6535,2025-11-21,2025-11-26,138700.0,25900.0,0.18673,P75_90,567.0,570.0,569.0,545.0,530.0,-0.5291,-0.35273,3.88007,6.52557
4326,2023-11-24,2023-11-28,16100.0,4800.0,0.29814,P75_90,1699.0,1707.0,1641.0,1592.0,1541.0,-0.47087,3.41377,6.29782,9.29959
1898,2024-11-08,2024-11-12,215600.0,39300.0,0.18228,P75_90,1560.0,1556.0,1543.0,1554.0,1533.0,0.25641,1.08974,0.38462,1.73077
6340,2024-07-05,2024-07-09,33000.0,5700.0,0.17273,P75_90,3400.0,3450.0,3480.0,3700.0,3785.0,-1.47059,-2.35294,-8.82353,-11.32353
6632,2022-10-14,2022-10-18,1728700.0,389600.0,0.22537,P75_90,221.0,219.0,211.0,207.0,288.0,0.90498,4.52489,6.33484,-30.31674
6920,2025-07-11,2025-07-15,2292900.0,579600.0,0.25278,P75_90,18640.0,19300.0,17400.0,17070.0,15070.0,-3.54077,6.65236,8.42275,19.15236
7729,2025-02-07,2025-02-12,126600.0,28200.0,0.22275,P75_90,9093.0,9255.0,8905.0,8969.0,8569.0,-1.78159,2.06752,1.36369,5.76267
6036,2023-03-24,2023-03-28,173700.0,36100.0,0.20783,P75_90,4890.0,4890.0,5000.0,5000.0,4765.0,-0.0,-2.24949,-2.24949,2.55624
8160,2022-03-25,2022-03-29,56400.0,12600.0,0.2234,P75_90,2038.0,2035.0,2083.0,2131.0,2018.0,0.1472,-2.20805,-4.5633,0.98135
6349,2022-03-11,2022-03-15,40600.0,9700.0,0.23892,P75_90,736.0,758.0,772.0,783.0,752.0,-2.98913,-4.8913,-6.38587,-2.17391
5935,2024-07-12,2024-07-17,20300.0,5700.0,0.28079,P75_90,1630.0,1628.0,1648.0,1661.0,1655.0,0.1227,-1.10429,-1.90184,-1.53374
2633,2024-09-06,2024-09-10,443160.0,124610.0,0.28119,P75_90,361.6,360.3,369.0,368.9,382.1,0.35951,-2.04646,-2.01881,-5.66925
8127,2024-11-29,2024-12-03,68000.0,10500.0,0.15441,P75_90,324.0,326.0,321.0,330.0,330.0,-0.61728,0.92593,-1.85185,-1.85185
3067,2023-12-22,2023-12-26,15500.0,4700.0,0.30323,P75_90,503.0,509.0,508.0,518.0,514.0,-1.19284,-0.99404,-2.98211,-2.18688
4971,2025-09-26,2025-09-30,96500.0,24300.0,0.25181,P75_90,3965.0,3810.0,4045.0,4165.0,3995.0,3.90921,-2.01765,-5.04414,-0.75662
157A,2024-11-22,2024-11-26,140200.0,22400.0,0.15977,P75_90,580.0,581.0,577.0,574.0,573.0,-0.17241,0.51724,1.03448,1.2069
3031,2022-01-14,2022-01-18,469600.0,112300.0,0.23914,P75_90,1242.0,1230.0,1203.0,1236.0,1230.0,0.96618,3.1401,0.48309,0.96618
6976,2025-02-28,2025-03-04,1124600.0,181200.0,0.16112,P75_90,2401.0,2361.0,2517.0,2537.5,2515.0,1.66597,-4.83132,-5.68513,-4.74802
5988,2023-03-03,2023-03-07,104900.0,25200.0,0.24023,P75_90,2034.0,2022.0,2026.0,1919.0,1890.0,0.58997,0.39331,5.65388,7.07965
8359,2024-04-05,2024-04-09,174700.0,35400.0,0.20263,P75_90,1008.5,990.0,1010.0,1005.0,1041.0,1.83441,-0.14874,0.34705,-3.22261
2932,2022-07-01,2022-07-05,20100.0,3100.0,0.15423,P75_90,783.0,772.0,779.0,776.0,786.3,1.40485,0.51086,0.894,-0.42146
7883,2023-08-10,2023-08-15,11800.0,2500.0,0.21186,P75_90,367.0,365.0,366.0,364.0,367.0,0.54496,0.27248,0.81744,-0.0
3543,2022-04-22,2022-04-26,38800.0,6500.0,0.16753,P75_90,2217.0,2175.0,2215.0,2240.0,2230.0,1.89445,0.09021,-1.03744,-0.58638
4005,2024-06-21,2024-06-25,11756100.0,2579300.0,0.2194,P75_90,330.0,333.0,345.2,345.0,365.0,-0.90909,-4.60606,-4.54545,-10.60606
9380,2022-02-10,2022-02-15,72100.0,18300.0,0.25381,P75_90,310.0,311.0,306.0,305.0,304.0,-0.32258,1.29032,1.6129,1.93548
196A,2025-04-18,2025-04-22,310100.0,75700.0,0.24411,P75_90,487.0,511.0,501.0,500.0,499.0,-4.92813,-2.87474,-2.6694,-2.46407
6951,2024-08-02,2024-08-06,219700.0,50300.0,0.22895,P75_90,4966.0,5006.0,5380.0,5677.0,6250.0,-0.80548,-8.33669,-14.31736,-25.85582
8803,2022-03-18,2022-03-23,19500.0,5700.0,0.29231,P75_90,2000.0,1987.5,2082.5,2000.0,2077.5,0.625,-4.125,-0.0,-3.875
2337,2024-04-05,2024-04-09,401100.0,96100.0,0.23959,P75_90,432.0,434.0,423.0,455.0,436.0,-0.46296,2.08333,-5.32407,-0.92593
2236,2023-08-04,2023-08-08,13974.0,2320.0,0.16602,P75_90,1115.0,1112.0,1124.0,1115.0,1100.0,0.26906,-0.80717,-0.0,1.34529
3726,2024-01-12,2024-01-16,24000.0,7300.0,0.30417,P75_90,490.0,489.0,489.0,493.0,491.0,0.20408,0.20408,-0.61224,-0.20408
3550,2025-01-10,2025-01-15,142200.0,23500.0,0.16526,P75_90,191.0,189.0,188.0,192.0,194.0,1.04712,1.57068,-0.52356,-1.57068
6301,2025-01-17,2025-01-21,632700.0,168100.0,0.26569,P75_90,4400.0,4429.0,4517.0,4466.0,4515.0,-0.65909,-2.65909,-1.5,-2.61364
7128,2023-09-15,2023-09-20,16600.0,3800.0,0.22892,P75_90,2808.0,2802.0,2726.0,2651.0,2590.0,0.21368,2.92023,5.59117,7.76353
9763,2024-10-25,2024-10-29,19100.0,5900.0,0.3089,P75_90,937.3,938.3,935.7,954.3,981.0,-0.10669,0.1707,-1.81372,-4.66233
6186,2023-12-29,2024-01-05,27300.0,6500.0,0.2381,P75_90,593.0,589.0,601.0,600.0,599.0,0.67454,-1.34907,-1.18044,-1.0118
6951,2025-05-09,2025-05-13,158000.0,32900.0,0.20823,P75_90,4932.0,4782.0,4500.0,4080.0,4001.0,3.04136,8.75912,17.27494,18.87672
6257,2025-03-07,2025-03-11,98400.0,16200.0,0.16463,P75_90,1195.0,1204.0,1185.0,1193.0,1194.0,-0.75314,0.83682,0.16736,0.08368
9275,2023-09-29,2023-10-03,14500.0,2500.0,0.17241,P75_90,1152.0,1117.0,1144.0,1186.0,1100.0,3.03819,0.69444,-2.95139,4.51389
6137,2023-12-29,2024-01-05,19900.0,3300.0,0.16583,P75_90,839.0,836.0,846.0,850.0,860.0,0.35757,-0.83433,-1.31108,-2.50298
3347,2023-12-01,2023-12-05,226100.0,34600.0,0.15303,P75_90,272.0,269.0,290.0,294.0,303.0,1.10294,-6.61765,-8.08824,-11.39706
7242,2024-08-09,2024-08-14,22700.0,6100.0,0.26872,P75_90,2230.0,2240.0,2327.5,2290.0,2315.0,-0.44843,-4.3722,-2.69058,-3.81166
5444,2025-12-12,2025-12-16,16200.0,3400.0,0.20988,P75_90,10640.0,10485.0,10650.0,10670.0,10625.0,1.45677,-0.09398,-0.28195,0.14098
4041,2025-06-20,2025-06-24,11200.0,2500.0,0.22321,P75_90,2969.0,2990.0,3020.0,3050.0,3155.0,-0.70731,-1.71775,-2.72819,-6.26474
7004,2022-10-21,2022-10-25,1111100.0,167700.0,0.15093,P75_90,841.0,847.0,837.0,863.0,935.0,-0.71344,0.47562,-2.61593,-11.17717
1808,2022-12-30,2023-01-05,348100.0,65100.0,0.18702,P75_90,1460.0,1455.0,1452.0,1440.0,1440.0,0.34247,0.54795,1.36986,1.36986
1357,2023-09-08,2023-09-12,83098092.0,25541329.0,0.30736,P75_90,23000.0,22900.0,21900.0,22100.0,23800.0,0.43478,4.78261,3.91304,-3.47826
9888,2025-09-26,2025-09-30,67700.0,10300.0,0.15214,P75_90,791.0,785.0,762.0,761.0,735.0,0.75853,3.66625,3.79267,7.07965
2378,2022-06-17,2022-06-21,104400.0,18000.0,0.17241,P75_90,932.0,951.0,941.0,948.0,943.0,-2.03863,-0.96567,-1.71674,-1.18026
6472,2025-01-31,2025-02-04,2359800.0,612900.0,0.25973,P75_90,246.5,242.0,246.1,242.9,240.0,1.82556,0.16227,1.46045,2.63692
9742,2024-03-01,2024-03-05,24500.0,7300.0,0.29796,P75_90,1596.0,1618.0,1600.0,1591.0,1597.0,-1.37845,-0.25063,0.31328,-0.06266
9517,2025-05-16,2025-05-20,258000.0,46900.0,0.18178,P75_90,800.0,785.0,785.0,774.0,779.0,1.875,1.875,3.25,2.625
4401,2024-08-23,2024-08-27,71200.0,19600.0,0.27528,P75_90,2967.0,2934.0,2995.0,3080.0,2902.5,1.11223,-0.94371,-3.80856,2.17391
3038,2023-12-22,2023-12-26,180100.0,33600.0,0.18656,P75_90,4122.0,4140.0,4146.0,4094.0,4000.0,-0.43668,-0.58224,0.67928,2.95973
2326,2023-06-23,2023-06-27,49700.0,13800.0,0.27767,P75_90,5950.0,5920.0,5940.0,5900.0,5710.0,0.5042,0.16807,0.84034,4.03361
8012,2022-05-20,2022-05-24,61600.0,12600.0,0.20455,P75_90,442.8,440.0,450.8,456.5,462.0,0.63234,-1.80668,-3.09395,-4.33604
4512,2024-07-05,2024-07-09,1368700.0,406600.0,0.29707,P75_90,250.0,244.0,240.0,255.0,251.0,2.4,4.0,-2.0,-0.4
5599,2025-04-25,2025-04-30,66100.0,10600.0,0.16036,P75_90,1094.0,1095.0,1137.0,1110.0,1073.0,-0.09141,-3.93053,-1.46252,1.91956
6459,2023-11-10,2023-11-14,12400.0,2500.0,0.20161,P75_90,1382.0,1401.0,1383.0,1382.0,1454.0,-1.37482,-0.07236,-0.0,-5.20984
8007,2022-03-18,2022-03-23,14900.0,2800.0,0.18792,P75_90,296.6,295.9,299.4,277.9,288.1,0.23601,-0.94403,6.30479,2.86581
7048,2025-07-11,2025-07-15,233900.0,72000.0,0.30782,P75_90,303.0,305.0,300.0,288.0,296.0,-0.66007,0.9901,4.9505,2.31023
3192,2023-12-08,2023-12-12,226500.0,66800.0,0.29492,P75_90,328.0,324.0,330.0,325.0,334.0,1.21951,-0.60976,0.91463,-1.82927
9908,2025-01-31,2025-02-04,25100.0,5400.0,0.21514,P75_90,1841.0,1835.0,1830.0,1860.0,1864.0,0.32591,0.5975,-1.03205,-1.24932
7695,2022-07-22,2022-07-26,36100.0,6000.0,0.1662,P75_90,1616.7,1600.0,1598.3,1661.7,1603.3,1.03297,1.13812,-2.78345,0.82885
3667,2023-02-17,2023-02-21,1367100.0,205900.0,0.15061,P75_90,360.0,374.0,347.0,355.0,393.0,-3.88889,3.61111,1.38889,-9.16667
7610,2023-09-15,2023-09-20,8336600.0,1550600.0,0.186,P75_90,169.0,168.0,167.0,163.0,152.0,0.59172,1.18343,3.5503,10.05917
7970,2024-12-06,2024-12-10,53900.0,14600.0,0.27087,P75_90,1625.0,1604.0,1537.0,1579.0,1644.0,1.29231,5.41538,2.83077,-1.16923
2432,2024-08-09,2024-08-14,542400.0,91000.0,0.16777,P75_90,1590.0,1594.0,1704.0,1714.5,1655.0,-0.25157,-7.16981,-7.83019,-4.08805
9755,2022-04-08,2022-04-12,39300.0,10700.0,0.27226,P75_90,1945.0,1937.0,2009.0,1910.0,1945.0,0.41131,-3.29049,1.79949,-0.0
9902,2024-11-15,2024-11-19,10200.0,3000.0,0.29412,P75_90,2974.0,3025.0,2951.0,2980.0,3055.0,-1.71486,0.77337,-0.20175,-2.7236
4534,2022-01-21,2022-01-25,21300.0,6300.0,0.29577,P75_90,3510.0,3550.0,3435.0,3560.0,3695.0,-1.1396,2.13675,-1.4245,-5.27066
4179,2024-10-18,2024-10-22,342600.0,101300.0,0.29568,P75_90,336.0,328.0,346.0,396.0,376.0,2.38095,-2.97619,-17.85714,-11.90476
6432,2022-08-19,2022-08-23,224400.0,39200.0,0.17469,P75_90,2556.0,2598.0,2642.0,2675.0,2625.0,-1.64319,-3.36463,-4.65571,-2.69953
1835,2021-12-03,2021-12-07,17600.0,4100.0,0.23295,P75_90,2352.0,2412.0,2429.0,2467.0,2466.0,-2.55102,-3.27381,-4.88946,-4.84694
8035,2023-12-08,2023-12-12,1106100.0,199300.0,0.18018,P75_90,23850.0,23675.0,24365.0,24630.0,25025.0,0.73375,-2.15933,-3.27044,-4.92662
4344,2025-08-22,2025-08-26,2958100.0,691800.0,0.23387,P75_90,177.0,171.0,170.0,175.0,179.0,3.38983,3.9548,1.12994,-1.12994
7716,2024-09-20,2024-09-25,39800.0,7300.0,0.18342,P75_90,2588.0,2641.0,2614.0,2616.0,2690.0,-2.04791,-1.00464,-1.08192,-3.94127
7514,2022-12-09,2022-12-13,25800.0,6100.0,0.23643,P75_90,931.0,935.0,942.0,940.0,918.0,-0.42965,-1.18153,-0.9667,1.39635
4507,2023-12-29,2024-01-05,400400.0,106800.0,0.26673,P75_90,2334.7,2327.7,2398.3,2433.7,2442.3,0.29982,-2.72412,-4.24037,-4.60873
4249,2022-06-17,2022-06-21,116400.0,20100.0,0.17268,P75_90,1757.0,1780.0,1799.0,1826.0,1806.0,-1.30905,-2.39044,-3.92715,-2.78884
4540,2025-08-29,2025-09-02,195900.0,40800.0,0.20827,P75_90,3685.0,3745.0,3746.0,3822.0,3757.0,-1.62822,-1.65536,-3.71777,-1.95387
4416,2024-11-22,2024-11-26,75200.0,17600.0,0.23404,P75_90,433.0,470.0,473.0,517.0,583.0,-8.54503,-9.23788,-19.39954,-34.64203
9369,2024-05-31,2024-06-04,28600.0,9500.0,0.33217,P75_90,1247.0,1276.0,1452.0,1598.0,1650.0,-2.32558,-16.43945,-28.14755,-32.31756
4970,2025-10-17,2025-10-21,47600.0,10200.0,0.21429,P75_90,6760.0,6660.0,6690.0,6900.0,6860.0,1.47929,1.0355,-2.07101,-1.47929
7421,2023-05-19,2023-05-23,15700.0,4100.0,0.26115,P75_90,1542.0,1515.0,1519.0,1501.0,1504.0,1.75097,1.49157,2.65888,2.46433
8278,2022-02-10,2022-02-15,41700.0,9500.0,0.22782,P75_90,1875.0,1927.0,2018.0,2149.0,2774.0,-2.77333,-7.62667,-14.61333,-47.94667
3561,2024-08-30,2024-09-03,466900.0,101900.0,0.21825,P75_90,1203.0,1199.0,1171.0,1151.0,1195.0,0.3325,2.66002,4.32253,0.665
8370,2023-09-29,2023-10-03,68000.0,19900.0,0.29265,P75_90,1520.0,1497.0,1511.0,1566.0,1513.0,1.51316,0.59211,-3.02632,0.46053
2004,2023-11-02,2023-11-07,19300.0,2900.0,0.15026,P75_90,3030.0,3060.0,3080.0,3050.0,3030.0,-0.9901,-1.65017,-0.66007,-0.0
4203,2025-08-01,2025-08-05,29500.0,7200.0,0.24407,P75_90,4782.0,4683.0,4666.0,4725.0,4880.0,2.07026,2.42576,1.19197,-2.04935
3241,2022-11-25,2022-11-29,18800.0,6100.0,0.32447,P75_90,383.0,383.0,383.0,382.0,392.0,-0.0,-0.0,0.2611,-2.34987
7487,2025-08-15,2025-08-19,11900.0,3100.0,0.2605,P75_90,1672.0,1670.0,1672.0,1670.0,1671.0,0.11962,-0.0,0.11962,0.05981
2185,2023-11-02,2023-11-07,39200.0,10100.0,0.25765,P75_90,1346.0,1328.0,1330.0,1212.0,1203.0,1.3373,1.18871,9.95542,10.62407
4116,2023-02-10,2023-02-14,22300.0,3500.0,0.15695,P75_90,449.5,448.3,437.5,448.0,458.0,0.26696,2.66963,0.3337,-1.89099
5009,2024-09-20,2024-09-25,17700.0,5300.0,0.29944,P75_90,1545.0,1545.0,1486.0,1556.0,1533.0,-0.0,3.81877,-0.71197,0.7767
7816,2023-03-03,2023-03-07,379400.0,76500.0,0.20163,P75_90,2175.0,2162.0,2140.0,2126.0,2075.0,0.5977,1.6092,2.25287,4.5977
9240,2024-06-28,2024-07-02,210900.0,59500.0,0.28212,P75_90,645.0,652.0,633.0,629.0,647.0,-1.08527,1.86047,2.48062,-0.31008
4634,2023-09-15,2023-09-20,36400.0,6800.0,0.18681,P75_90,2425.0,2370.0,2405.0,2353.0,2244.0,2.26804,0.82474,2.96907,7.46392
6078,2025-07-18,2025-07-23,22000.0,6000.0,0.27273,P75_90,1703.0,1690.0,1702.0,1680.0,1702.0,0.76336,0.05872,1.35056,0.05872
8167,2023-07-14,2023-07-19,40900.0,8500.0,0.20782,P75_90,1563.0,1569.0,1535.0,1537.0,1528.0,-0.38388,1.79143,1.66347,2.23928
1930,2022-11-04,2022-11-08,20700.0,3600.0,0.17391,P75_90,665.0,667.0,667.0,661.0,674.0,-0.30075,-0.30075,0.6015,-1.35338
7685,2024-07-12,2024-07-17,18400.0,4000.0,0.21739,P75_90,1096.3,1088.8,972.5,963.8,970.0,0.68412,11.29253,12.08611,11.52057
9110,2025-08-29,2025-09-02,31800.0,7700.0,0.24214,P75_90,5120.0,5210.0,5240.0,5420.0,5600.0,-1.75781,-2.34375,-5.85938,-9.375
7844,2022-01-21,2022-01-25,306000.0,75300.0,0.24608,P75_90,736.0,727.0,726.0,710.0,722.0,1.22283,1.3587,3.53261,1.90217
9331,2024-04-26,2024-05-01,132100.0,28800.0,0.21802,P75_90,1212.0,1322.0,1303.0,1304.0,1245.0,-9.07591,-7.50825,-7.59076,-2.72277
2982,2024-08-16,2024-08-20,1530900.0,511200.0,0.33392,P75_90,207.0,207.0,208.0,207.0,214.0,-0.0,-0.48309,-0.0,-3.38164
9564,2024-10-11,2024-10-16,126100.0,19200.0,0.15226,P75_90,454.0,452.5,451.5,457.5,453.0,0.3304,0.55066,-0.77093,0.22026
3321,2022-09-02,2022-09-06,226600.0,41600.0,0.18358,P75_90,768.0,770.0,775.0,783.0,821.0,-0.26042,-0.91146,-1.95312,-6.90104
4072,2023-11-24,2023-11-28,39700.0,8500.0,0.21411,P75_90,2783.0,2773.0,2780.0,2735.0,2726.0,0.35932,0.1078,1.72476,2.04815
2397,2024-10-25,2024-10-29,213000.0,32800.0,0.15399,P75_90,706.0,735.0,708.0,723.0,716.0,-4.10765,-0.28329,-2.40793,-1.41643
3774,2024-04-19,2024-04-23,162400.0,26500.0,0.16318,P75_90,2761.5,2744.5,2639.0,2675.5,2782.0,0.61561,4.43599,3.11425,-0.74235
8889,2022-11-18,2022-11-22,28500.0,4300.0,0.15088,P75_90,469.0,465.0,462.0,464.0,462.0,0.85288,1.49254,1.0661,1.49254
4583,2023-08-04,2023-08-08,2777300.0,695600.0,0.25046,P75_90,169.0,168.0,166.0,159.0,154.0,0.59172,1.77515,5.91716,8.87574
8386,2022-12-30,2023-01-05,28500.0,8800.0,0.30877,P75_90,484.5,474.0,473.5,490.8,489.5,2.16718,2.27038,-1.30031,-1.03199
7505,2022-03-11,2022-03-15,12000.0,2700.0,0.225,P75_90,563.0,574.5,585.0,580.5,605.0,-2.04263,-3.90764,-3.10835,-7.46004
4216,2024-02-09,2024-02-14,372700.0,91400.0,0.24524,P75_90,3910.0,3925.0,3900.0,4090.0,4230.0,-0.38363,0.25575,-4.60358,-8.18414
9685,2023-06-02,2023-06-06,20000.0,4300.0,0.215,P75_90,464.0,455.0,470.0,477.0,508.0,1.93966,-1.2931,-2.80172,-9.48276
9675,2023-08-18,2023-08-22,14100.0,3100.0,0.21986,P75_90,1283.0,1291.0,1300.0,1328.0,1371.0,-0.62354,-1.32502,-3.5074,-6.85892
8803,2022-11-11,2022-11-15,15100.0,3700.0,0.24503,P75_90,1930.0,1927.5,1990.0,2025.0,2012.5,0.12953,-3.10881,-4.92228,-4.27461
6349,2025-09-12,2025-09-17,34700.0,8300.0,0.23919,P75_90,1510.0,1497.0,1520.0,1521.0,1480.0,0.86093,-0.66225,-0.72848,1.98675
5110,2024-12-20,2024-12-24,206100.0,39100.0,0.18971,P75_90,1771.0,1775.0,1765.0,1772.0,1737.5,-0.22586,0.33879,-0.05647,1.89159
2521,2024-12-13,2024-12-17,14050.0,3010.0,0.21423,P75_90,1835.5,1829.0,1771.0,1802.0,1793.5,0.35413,3.51403,1.82512,2.2882
1579,2022-09-02,2022-09-06,275390.0,44220.0,0.16057,P75_90,152.7,151.4,158.8,162.8,150.2,0.85134,-3.99476,-6.61428,1.6372
4368,2024-08-09,2024-08-14,44300.0,8700.0,0.19639,P75_90,1300.0,1298.3,1336.7,1341.7,1298.3,0.13077,-2.82308,-3.20769,0.13077
268A,2025-05-16,2025-05-20,671700.0,185000.0,0.27542,P75_90,771.0,760.0,725.0,700.0,708.0,1.42672,5.96628,9.20882,8.17121
6501,2023-06-30,2023-07-04,393800.0,121700.0,0.30904,P75_90,1794.8,1779.6,1772.2,1788.4,1770.8,0.84689,1.25919,0.35659,1.3372
6078,2025-08-01,2025-08-05,24600.0,5700.0,0.23171,P75_90,1700.0,1702.0,1707.0,1715.0,1635.0,-0.11765,-0.41176,-0.88235,3.82353
2489,2024-11-01,2024-11-06,313400.0,60600.0,0.19336,P75_90,337.0,333.0,333.0,331.0,328.0,1.18694,1.18694,1.78042,2.67062
9346,2024-05-31,2024-06-04,83900.0,19300.0,0.23004,P75_90,1683.0,1753.0,1664.0,1710.0,1688.0,-4.15924,1.12894,-1.60428,-0.29709
8016,2022-07-29,2022-08-02,1703900.0,263400.0,0.15459,P75_90,251.0,248.0,253.0,261.0,268.0,1.19522,-0.79681,-3.98406,-6.77291
3917,2025-07-18,2025-07-23,153000.0,41200.0,0.26928,P75_90,525.0,525.0,524.0,524.0,521.0,-0.0,0.19048,0.19048,0.7619
9337,2025-09-12,2025-09-17,56200.0,16400.0,0.29181,P75_90,2707.0,2770.0,2815.0,2772.0,2592.0,-2.3273,-3.98966,-2.40118,4.24825
1375,2025-08-22,2025-08-26,21700.0,3600.0,0.1659,P75_90,1097.0,1081.0,1085.0,1082.0,1082.0,1.45852,1.09389,1.36737,1.36737
6696,2025-05-02,2025-05-08,472400.0,140600.0,0.29763,P75_90,504.0,508.0,518.0,525.0,516.0,-0.79365,-2.77778,-4.16667,-2.38095
6364,2022-10-14,2022-10-18,59300.0,9700.0,0.16358,P75_90,1065.0,1050.0,1036.0,1063.0,1120.0,1.40845,2.723,0.18779,-5.16432
1810,2021-12-03,2021-12-07,10400.0,2600.0,0.25,P75_90,752.0,772.0,778.0,758.0,750.0,-2.65957,-3.45745,-0.79787,0.26596
4709,2025-08-01,2025-08-05,35100.0,5800.0,0.16524,P75_90,1233.0,1200.5,1233.5,1199.0,1204.5,2.63585,-0.04055,2.7575,2.31144
9301,2022-09-30,2022-10-04,18900.0,3000.0,0.15873,P75_90,701.0,703.0,672.0,687.0,699.0,-0.28531,4.13695,1.99715,0.28531
7821,2023-12-01,2023-12-05,30500.0,6700.0,0.21967,P75_90,1459.0,1462.0,1525.0,1532.5,1498.0,-0.20562,-4.52365,-5.0377,-2.67306
2353,2024-03-15,2024-03-19,2873800.0,536800.0,0.18679,P75_90,197.0,205.0,206.0,204.0,204.0,-4.06091,-4.56853,-3.5533,-3.5533
1579,2022-06-10,2022-06-14,250480.0,54070.0,0.21587,P75_90,140.4,142.1,132.9,136.1,143.7,-1.21083,5.34188,3.06268,-2.35043
4027,2023-12-22,2023-12-26,33800.0,6400.0,0.18935,P75_90,1341.0,1361.0,1382.0,1377.0,1395.0,-1.49142,-3.05742,-2.68456,-4.02685
9336,2025-01-10,2025-01-15,34800.0,8100.0,0.23276,P75_90,2785.0,2822.0,2814.0,2808.0,2809.0,-1.32855,-1.04129,-0.82585,-0.86176
2633,2025-06-13,2025-06-17,176730.0,41450.0,0.23454,P75_90,400.9,400.2,400.2,407.6,411.9,0.17461,0.17461,-1.67124,-2.74383
9696,2022-06-24,2022-06-28,57700.0,9300.0,0.16118,P75_90,795.0,814.0,807.0,803.0,790.0,-2.38994,-1.50943,-1.00629,0.62893
4725,2021-10-29,2021-11-02,25600.0,5000.0,0.19531,P75_90,1653.0,1670.0,1661.0,1638.0,1646.0,-1.02843,-0.48397,0.90744,0.42347
5019,2025-08-15,2025-08-19,631300.0,161100.0,0.25519,P75_90,972.6,982.7,995.5,1004.5,1000.0,-1.03845,-2.35451,-3.27987,-2.81719
7095,2023-08-04,2023-08-08,101400.0,33600.0,0.33136,P75_90,4837.5,4672.5,4487.5,4125.0,4167.5,3.41085,7.23514,14.72868,13.85013
6430,2025-08-08,2025-08-13,123900.0,28800.0,0.23245,P75_90,2500.0,2475.0,2491.0,2500.0,2596.0,1.0,0.36,-0.0,-3.84
5331,2024-07-26,2024-07-30,22200.0,6600.0,0.2973,P75_90,1977.5,1952.5,1862.5,1670.0,1910.0,1.26422,5.81542,15.54994,3.4134
4392,2025-07-18,2025-07-23,330500.0,57800.0,0.17489,P75_90,286.0,296.0,296.0,293.0,303.0,-3.4965,-3.4965,-2.44755,-5.94406
9502,2024-03-01,2024-03-05,571000.0,147100.0,0.25762,P75_90,1871.0,1870.0,1895.0,1878.0,1990.5,0.05345,-1.28274,-0.37413,-6.38696
2516,2022-06-24,2022-06-28,5113600.0,923700.0,0.18064,P75_90,512.2,509.9,509.6,506.7,517.0,0.44904,0.50761,1.0738,-0.93713
7841,2022-12-16,2022-12-20,138900.0,32100.0,0.2311,P75_90,722.0,732.0,730.0,751.0,768.0,-1.38504,-1.10803,-4.01662,-6.37119
2370,2023-08-25,2023-08-29,8358500.0,1368200.0,0.16369,P75_90,54.0,54.0,52.0,53.0,52.0,-0.0,3.7037,1.85185,3.7037
5285,2022-02-10,2022-02-15,43700.0,8000.0,0.18307,P75_90,299.5,296.0,290.0,289.5,287.0,1.16861,3.17195,3.3389,4.17362
6328,2023-12-15,2023-12-19,21400.0,6300.0,0.29439,P75_90,1418.0,1424.5,1385.5,1378.5,1462.0,-0.45839,2.29196,2.78561,-3.10296
9979,2024-07-19,2024-07-23,23100.0,5300.0,0.22944,P75_90,1218.0,1220.0,1218.0,1223.0,1148.0,-0.1642,-0.0,-0.41051,5.74713
9613,2022-12-16,2022-12-20,483600.0,145200.0,0.30025,P75_90,1964.0,1920.0,1924.0,1960.0,1924.0,2.24033,2.03666,0.20367,2.03666
3232,2021-12-03,2021-12-07,89400.0,20700.0,0.23154,P75_90,467.0,473.0,479.0,470.0,476.0,-1.2848,-2.56959,-0.6424,-1.92719
5440,2022-04-28,2022-05-06,44900.0,10000.0,0.22272,P75_90,1316.0,1307.0,1260.0,1227.0,1252.0,0.68389,4.25532,6.76292,4.86322
9969,2023-07-07,2023-07-11,56900.0,15200.0,0.26714,P75_90,254.0,253.0,253.0,253.0,252.0,0.3937,0.3937,0.3937,0.7874
3223,2024-01-19,2024-01-23,24600.0,5300.0,0.21545,P75_90,1004.0,1013.0,1040.0,1068.0,1036.0,-0.89641,-3.58566,-6.3745,-3.18725
2811,2024-04-19,2024-04-23,36600.0,11100.0,0.30328,P75_90,3690.0,3693.0,3704.0,4032.0,3947.0,-0.0813,-0.3794,-9.26829,-6.96477
2107,2024-01-26,2024-01-30,31900.0,5500.0,0.17241,P75_90,2270.0,2271.0,2310.0,2275.0,2540.0,-0.04405,-1.76211,-0.22026,-11.89427
8154,2021-12-30,2022-01-05,33200.0,8800.0,0.26506,P75_90,1625.0,1610.0,1595.0,1595.0,1480.0,0.92308,1.84615,1.84615,8.92308
1346,2024-10-04,2024-10-08,11588.0,1846.0,0.1593,P75_90,40460.0,40880.0,40990.0,40420.0,39870.0,-1.03806,-1.30994,0.09886,1.45823
4543,2024-02-09,2024-02-14,65800.0,10300.0,0.15653,P75_90,2715.0,2743.5,2759.0,2821.0,2900.0,-1.04972,-1.62063,-3.90424,-6.814
6841,2023-12-29,2024-01-05,84500.0,22600.0,0.26746,P75_90,2739.5,2769.5,2864.5,2949.5,2958.0,-1.09509,-4.56288,-7.66563,-7.97591
4463,2025-06-13,2025-06-17,23200.0,4700.0,0.20259,P75_90,1284.0,1280.0,1250.0,1240.0,1246.0,0.31153,2.64798,3.42679,2.9595
8278,2023-02-10,2023-02-14,87400.0,23700.0,0.27117,P75_90,1826.0,1843.0,1825.0,1827.0,1763.0,-0.931,0.05476,-0.05476,3.45016
3277,2025-07-18,2025-07-23,14300.0,3000.0,0.20979,P75_90,606.0,601.0,596.0,597.5,617.0,0.82508,1.65017,1.40264,-1.81518
4812,2022-12-23,2022-12-27,28600.0,5100.0,0.17832,P75_90,1340.0,1320.0,1318.3,1266.7,1361.7,1.49254,1.6194,5.47015,-1.6194
9264,2025-04-25,2025-04-30,93100.0,14200.0,0.15252,P75_90,1339.0,1346.0,1385.0,1399.0,1421.0,-0.52278,-3.4354,-4.48096,-6.12397
2533,2022-11-25,2022-11-29,57800.0,10300.0,0.1782,P75_90,285.0,287.0,278.0,273.0,280.0,-0.70175,2.45614,4.21053,1.75439
8600,2022-07-22,2022-07-26,142400.0,28100.0,0.19733,P75_90,315.0,318.0,319.0,320.0,314.0,-0.95238,-1.26984,-1.5873,0.31746
167A,2025-01-31,2025-02-04,165600.0,45700.0,0.27597,P75_90,2516.0,2498.0,2520.0,2546.0,2616.0,0.71542,-0.15898,-1.19237,-3.97456
6804,2022-05-13,2022-05-17,136700.0,39200.0,0.28676,P75_90,1166.0,1189.0,1195.0,1226.0,1237.0,-1.97256,-2.48714,-5.1458,-6.08919
2156,2025-02-21,2025-02-26,116400.0,21700.0,0.18643,P75_90,353.0,343.0,324.0,338.0,348.0,2.83286,8.2153,4.24929,1.41643
7936,2025-01-17,2025-01-21,579400.0,131600.0,0.22713,P75_90,3300.0,3500.0,3600.0,3501.0,3468.0,-6.06061,-9.09091,-6.09091,-5.09091
3161,2025-05-30,2025-06-03,48200.0,11700.0,0.24274,P75_90,643.0,641.0,644.0,643.0,630.0,0.31104,-0.15552,-0.0,2.02177
3193,2025-08-29,2025-09-02,38000.0,12400.0,0.32632,P75_90,3000.0,2903.0,2996.0,3090.0,3360.0,3.23333,0.13333,-3.0,-12.0
2410,2023-12-29,2024-01-05,68000.0,13100.0,0.19265,P75_90,2141.0,2105.0,2116.0,2055.0,2027.0,1.68146,1.16768,4.01681,5.32461
6771,2025-05-30,2025-06-03,71000.0,15400.0,0.2169,P75_90,619.0,620.0,622.0,619.0,608.0,-0.16155,-0.48465,-0.0,1.77706
4708,2021-12-03,2021-12-07,28800.0,5000.0,0.17361,P75_90,1030.0,1044.0,1010.0,984.0,967.0,-1.35922,1.94175,4.46602,6.1165
2325,2025-08-15,2025-08-19,62500.0,20300.0,0.3248,P75_90,5610.0,5650.0,5670.0,5540.0,6460.0,-0.71301,-1.06952,1.24777,-15.15152
5911,2024-03-01,2024-03-05,43900.0,8500.0,0.19362,P75_90,2864.0,2870.0,2867.0,2889.0,2888.0,-0.2095,-0.10475,-0.87291,-0.83799
8306,2024-05-24,2024-05-28,45615800.0,7946800.0,0.17421,P75_90,1595.0,1630.0,1625.5,1691.5,1652.0,-2.19436,-1.91223,-6.05016,-3.57367
5242,2025-10-31,2025-11-05,29500.0,5000.0,0.16949,P75_90,1270.0,1268.0,1280.0,1264.0,1226.0,0.15748,-0.7874,0.47244,3.46457
6853,2025-03-14,2025-03-18,123600.0,24200.0,0.19579,P75_90,453.0,458.0,488.0,482.0,471.0,-1.10375,-7.72627,-6.40177,-3.97351
2742,2022-06-03,2022-06-07,13100.0,3700.0,0.28244,P75_90,3255.0,3255.0,3270.0,3265.0,2911.0,-0.0,-0.46083,-0.30722,10.56836
3291,2025-07-11,2025-07-15,79200.0,12100.0,0.15278,P75_90,2110.0,2082.0,2068.0,2092.5,2103.5,1.32701,1.99052,0.82938,0.30806
6697,2025-03-21,2025-03-25,176600.0,39400.0,0.2231,P75_90,2608.0,2630.0,2657.0,2622.0,2428.0,-0.84356,-1.87883,-0.53681,6.90184
3407,2024-12-13,2024-12-17,469600.0,114300.0,0.2434,P75_90,1077.0,1081.5,1068.0,1066.5,1088.0,-0.41783,0.83565,0.97493,-1.02136
8040,2023-11-17,2023-11-21,28700.0,6400.0,0.223,P75_90,854.0,872.0,863.0,850.0,846.0,-2.10773,-1.05386,0.46838,0.93677
2009,2023-10-20,2023-10-24,21700.0,6600.0,0.30415,P75_90,685.0,693.0,707.0,713.0,704.0,-1.16788,-3.21168,-4.08759,-2.77372
1343,2021-11-12,2021-11-16,142760.0,34500.0,0.24166,P75_90,2209.0,2211.0,2206.0,2206.0,2160.0,-0.09054,0.13581,0.13581,2.2182
4951,2021-11-05,2021-11-09,38100.0,6400.0,0.16798,P75_90,1615.0,1592.0,1576.0,1548.0,1545.0,1.42415,2.41486,4.14861,4.33437
6544,2023-11-24,2023-11-28,53400.0,9000.0,0.16854,P75_90,1150.0,1149.0,1174.5,1119.5,1109.0,0.08696,-2.13043,2.65217,3.56522
8771,2024-09-27,2024-10-01,115900.0,19400.0,0.16739,P75_90,1428.0,1411.0,1439.0,1461.0,1493.0,1.19048,-0.77031,-2.31092,-4.55182
8584,2025-06-06,2025-06-10,69400.0,10900.0,0.15706,P75_90,3975.0,3930.0,3900.0,3870.0,3870.0,1.13208,1.88679,2.64151,2.64151
3326,2024-02-16,2024-02-20,54700.0,14200.0,0.2596,P75_90,432.0,432.0,433.0,429.0,431.0,-0.0,-0.23148,0.69444,0.23148
8923,2024-12-06,2024-12-10,26100.0,4000.0,0.15326,P75_90,1300.0,1298.5,1272.5,1240.5,1227.0,0.11538,2.11538,4.57692,5.61538
2708,2024-08-23,2024-08-27,67800.0,10300.0,0.15192,P75_90,1365.0,1365.0,1549.0,1620.0,1520.0,-0.0,-13.47985,-18.68132,-11.35531
4481,2023-05-26,2023-05-30,19100.0,5600.0,0.29319,P75_90,5560.0,5530.0,5590.0,5710.0,5400.0,0.53957,-0.53957,-2.69784,2.8777
4082,2022-09-09,2022-09-13,145200.0,22900.0,0.15771,P75_90,1439.0,1352.0,1339.0,1344.0,1255.0,6.04587,6.94927,6.60181,12.78666
9404,2024-04-26,2024-05-01,185200.0,41600.0,0.22462,P75_90,2262.5,2286.0,2263.0,2200.0,2055.0,-1.03867,-0.0221,2.76243,9.17127
9946,2022-01-21,2022-01-25,11000.0,2600.0,0.23636,P75_90,1467.0,1460.0,1451.0,1460.0,1473.0,0.47716,1.09066,0.47716,-0.409
3245,2025-01-31,2025-02-04,167900.0,44000.0,0.26206,P75_90,1005.0,998.0,1009.0,1017.0,1074.0,0.69652,-0.39801,-1.19403,-6.86567
6702,2025-12-05,2025-12-09,1588700.0,302100.0,0.19016,P75_90,4098.0,4165.0,4159.0,4227.0,4283.0,-1.63494,-1.48853,-3.14788,-4.5144
2999,2023-10-20,2023-10-24,124900.0,23600.0,0.18895,P75_90,368.0,370.0,370.0,366.0,372.0,-0.54348,-0.54348,0.54348,-1.08696
8918,2023-10-13,2023-10-17,7594600.0,1894700.0,0.24948,P75_90,8.0,8.0,9.0,8.0,8.0,-0.0,-12.5,-0.0,-0.0
2046,2025-02-21,2025-02-26,11793.0,1877.0,0.15916,P75_90,25580.0,25505.0,24930.0,24325.0,24865.0,0.2932,2.54105,4.90618,2.79515
2762,2023-11-17,2023-11-21,899200.0,216600.0,0.24088,P75_90,184.0,179.0,172.0,175.0,173.0,2.71739,6.52174,4.8913,5.97826
2569,2025-05-09,2025-05-13,22462.0,3970.0,0.17674,P75_90,3182.0,3239.0,3254.0,3272.0,3224.0,-1.79133,-2.26273,-2.82841,-1.31992
6098,2025-08-29,2025-09-02,1283300.0,286100.0,0.22294,P75_90,8550.0,8532.0,8613.0,8569.0,8413.0,0.21053,-0.73684,-0.22222,1.60234
5287,2024-02-16,2024-02-20,18500.0,5700.0,0.30811,P75_90,557.0,559.0,561.0,560.0,564.0,-0.35907,-0.71813,-0.5386,-1.25673
7715,2024-04-19,2024-04-23,117700.0,21800.0,0.18522,P75_90,2327.0,2300.0,2312.0,2375.0,2358.0,1.16029,0.64461,-2.06274,-1.33219
1960,2025-08-15,2025-08-19,88100.0,15000.0,0.17026,P75_90,991.0,996.0,992.0,1010.0,1009.0,-0.50454,-0.10091,-1.91726,-1.81635
4591,2025-01-31,2025-02-04,3601400.0,548100.0,0.15219,P75_90,84.0,84.0,97.0,92.0,111.0,-0.0,-15.47619,-9.52381,-32.14286
1563,2025-06-20,2025-06-24,35243.0,11041.0,0.31328,P75_90,2506.0,2518.0,2478.0,2519.0,2384.0,-0.47885,1.11732,-0.51875,4.86832
2395,2023-12-22,2023-12-26,721600.0,109500.0,0.15175,P75_90,1647.0,1614.0,1716.0,1796.0,1900.0,2.00364,-4.18944,-9.04675,-15.36126
4487,2022-07-15,2022-07-20,58600.0,9000.0,0.15358,P75_90,478.0,486.0,513.0,475.0,465.0,-1.67364,-7.32218,0.62762,2.71967
9268,2023-02-24,2023-02-28,120200.0,23700.0,0.19717,P75_90,232.0,232.5,233.5,235.3,230.3,-0.21552,-0.64655,-1.42241,0.73276
3776,2025-02-28,2025-03-04,2142800.0,942900.0,0.44003,P90_95,152.0,151.0,154.0,153.0,158.0,0.65789,-1.31579,-0.65789,-3.94737
3415,2024-06-14,2024-06-18,618900.0,227700.0,0.36791,P90_95,320.0,309.0,298.0,308.0,293.0,3.4375,6.875,3.75,8.4375
9850,2023-05-19,2023-05-23,10500.0,5000.0,0.47619,P90_95,1085.0,1062.0,1053.0,1044.0,1058.0,2.11982,2.94931,3.7788,2.48848
9621,2023-10-13,2023-10-17,18900.0,7500.0,0.39683,P90_95,2250.0,2230.0,2210.0,2187.5,2255.0,0.88889,1.77778,2.77778,-0.22222
9956,2024-06-28,2024-07-02,14600.0,7600.0,0.52055,P90_95,2453.0,2435.0,2408.0,2397.0,2450.0,0.7338,1.83449,2.28292,0.1223
2373,2024-05-10,2024-05-14,26800.0,12400.0,0.46269,P90_95,548.0,538.0,527.0,528.0,485.0,1.82482,3.83212,3.64964,11.49635
8912,2022-03-18,2022-03-23,350800.0,146800.0,0.41847,P90_95,92.0,91.0,92.0,93.0,96.0,1.08696,-0.0,-1.08696,-4.34783
6882,2025-04-04,2025-04-08,92800.0,33300.0,0.35884,P90_95,731.0,730.0,747.0,762.0,763.0,0.1368,-2.18878,-4.24077,-4.37756
7140,2025-10-24,2025-10-28,30400.0,10300.0,0.33882,P90_95,814.0,804.0,793.0,782.0,810.0,1.2285,2.57985,3.9312,0.4914
5017,2021-12-03,2021-12-07,774700.0,289100.0,0.37318,P90_95,254.0,262.0,263.0,253.0,249.0,-3.14961,-3.54331,0.3937,1.9685
3186,2025-11-07,2025-11-11,233500.0,97400.0,0.41713,P90_95,2513.0,2490.0,2530.0,2694.0,2611.0,0.91524,-0.67648,-7.20255,-3.89972
7609,2023-05-12,2023-05-16,18400.0,8100.0,0.44022,P90_95,1339.5,1336.5,1395.0,1398.5,1463.0,0.22396,-4.14334,-4.40463,-9.21986
3937,2022-07-22,2022-07-26,33500.0,15800.0,0.47164,P90_95,2712.0,2742.0,2779.0,2821.0,2701.0,-1.10619,-2.4705,-4.01917,0.4056
3140,2025-11-14,2025-11-18,15800.0,7500.0,0.47468,P90_95,1027.0,1032.0,1030.0,1032.0,1040.0,-0.48685,-0.29211,-0.48685,-1.26582
7718,2021-12-24,2021-12-28,130700.0,44700.0,0.342,P90_95,1576.0,1554.0,1563.0,1565.0,1569.0,1.39594,0.82487,0.69797,0.44416
8537,2025-08-08,2025-08-13,91500.0,33500.0,0.36612,P90_95,1667.0,1670.0,1753.0,1706.0,1807.0,-0.17996,-5.15897,-2.33953,-8.39832
2060,2025-09-12,2025-09-17,55600.0,25700.0,0.46223,P90_95,1141.0,1144.0,1148.0,1145.0,1081.0,-0.26293,-0.6135,-0.35057,5.25855
8541,2022-01-07,2022-01-12,30300.0,11400.0,0.37624,P90_95,910.0,915.0,899.0,873.0,896.0,-0.54945,1.20879,4.06593,1.53846
8267,2022-10-21,2022-10-25,394000.0,192600.0,0.48883,P90_95,915.7,918.0,905.2,927.0,921.7,-0.25117,1.14666,-1.23403,-0.65524
6859,2023-03-31,2023-04-04,23100.0,11300.0,0.48918,P90_95,2014.0,2035.0,2001.0,2011.0,2040.0,-1.0427,0.64548,0.14896,-1.29096
7127,2024-02-16,2024-02-20,23100.0,9500.0,0.41126,P90_95,710.0,699.0,707.0,703.0,712.0,1.5493,0.42254,0.98592,-0.28169
9326,2024-08-30,2024-09-03,62900.0,22900.0,0.36407,P90_95,479.0,467.0,466.0,458.0,443.0,2.50522,2.71399,4.38413,7.51566
4094,2024-11-15,2024-11-19,11900.0,4800.0,0.40336,P90_95,1353.0,1365.0,1353.0,1359.0,1438.0,-0.88692,-0.0,-0.44346,-6.28234
7157,2025-02-21,2025-02-26,180200.0,64200.0,0.35627,P90_95,1750.0,1701.0,1685.0,1716.0,1663.0,2.8,3.71429,1.94286,4.97143
8163,2023-02-10,2023-02-14,63300.0,24000.0,0.37915,P90_95,915.0,916.0,912.0,916.0,923.0,-0.10929,0.32787,-0.10929,-0.87432
7936,2021-10-29,2021-11-02,136600.0,53500.0,0.39165,P90_95,733.0,745.8,767.5,726.8,737.8,-1.74625,-4.70668,0.84584,-0.65484
3401,2024-12-06,2024-12-10,377200.0,190700.0,0.50557,P90_95,1320.0,1310.5,1307.0,1307.0,1292.0,0.7197,0.98485,0.98485,2.12121
7637,2022-05-20,2022-05-24,57400.0,22200.0,0.38676,P90_95,2475.0,2400.0,2449.0,2510.0,2529.0,3.0303,1.05051,-1.41414,-2.18182
2750,2023-04-21,2023-04-25,109400.0,53200.0,0.48629,P90_95,714.0,708.0,710.0,714.0,758.0,0.84034,0.56022,-0.0,-6.16246
4761,2025-03-21,2025-03-25,44500.0,23600.0,0.53034,P90_95,1210.0,1233.0,1180.0,1156.0,976.0,-1.90083,2.47934,4.46281,19.33884
3521,2022-12-23,2022-12-27,604400.0,232800.0,0.38518,P90_95,176.0,176.0,172.0,172.0,174.0,-0.0,2.27273,2.27273,1.13636
7821,2024-03-29,2024-04-02,27200.0,11500.0,0.42279,P90_95,1772.5,1740.0,1750.0,1662.5,1675.0,1.83357,1.26939,6.20592,5.50071
7917,2024-12-06,2024-12-10,10700.0,5600.0,0.52336,P90_95,1030.0,1035.0,1016.3,1035.0,1063.8,-0.48544,1.3301,-0.48544,-3.28155
4750,2025-03-14,2025-03-18,43200.0,17600.0,0.40741,P90_95,584.0,582.0,590.0,593.0,594.0,0.34247,-1.0274,-1.5411,-1.71233
2875,2022-09-30,2022-10-04,20200.0,9600.0,0.47525,P90_95,5860.0,6080.0,5830.0,5920.0,6040.0,-3.75427,0.51195,-1.02389,-3.07167
1969,2022-10-07,2022-10-12,17800.0,7200.0,0.40449,P90_95,865.5,851.5,861.0,872.0,920.0,1.61756,0.51993,-0.75101,-6.29694
5232,2023-03-31,2023-04-04,27900.0,12000.0,0.43011,P90_95,3745.0,3725.0,3555.0,3580.0,3655.0,0.53405,5.07343,4.40587,2.4032
9969,2025-10-17,2025-10-21,28400.0,9900.0,0.34859,P90_95,248.0,250.0,249.0,251.0,249.0,-0.80645,-0.40323,-1.20968,-0.40323
4205,2025-12-12,2025-12-16,84500.0,37000.0,0.43787,P90_95,1781.0,1757.5,1787.0,1810.0,1798.0,1.31948,-0.33689,-1.6283,-0.95452
7242,2024-04-12,2024-04-16,31600.0,13700.0,0.43354,P90_95,2610.0,2605.0,2660.0,2665.0,2705.0,0.19157,-1.91571,-2.10728,-3.63985
4977,2023-02-10,2023-02-14,493000.0,185000.0,0.37525,P90_95,821.0,812.0,808.0,815.0,836.0,1.09622,1.58343,0.73082,-1.82704
4707,2024-03-01,2024-03-05,148800.0,72000.0,0.48387,P90_95,454.0,439.0,445.0,425.0,452.0,3.30396,1.98238,6.38767,0.44053
7282,2023-06-09,2023-06-13,58800.0,22100.0,0.37585,P90_95,2455.0,2562.0,2572.0,2493.5,2575.5,-4.35845,-4.76578,-1.56823,-4.90835
9242,2024-08-30,2024-09-03,16400.0,7000.0,0.42683,P90_95,1557.0,1522.0,1514.0,1546.0,1332.0,2.24791,2.76172,0.70649,14.45087
6036,2023-12-22,2023-12-26,155700.0,64400.0,0.41362,P90_95,6950.0,6960.0,7020.0,6960.0,6590.0,-0.14388,-1.00719,-0.14388,5.17986
4920,2023-09-22,2023-09-26,59200.0,25100.0,0.42399,P90_95,2451.0,2348.0,2395.0,2478.0,2091.0,4.20237,2.28478,-1.10159,14.68788
6817,2024-05-10,2024-05-14,825900.0,313000.0,0.37898,P90_95,1151.0,1142.0,1126.0,1161.0,1161.0,0.78193,2.17202,-0.86881,-0.86881
3940,2021-12-10,2021-12-14,195300.0,101200.0,0.51818,P90_95,131.0,131.0,130.5,130.5,137.0,-0.0,0.38168,0.38168,-4.58015
8563,2025-10-31,2025-11-05,147800.0,53700.0,0.36333,P90_95,775.0,773.0,777.0,776.0,764.0,0.25806,-0.25806,-0.12903,1.41935
4666,2024-11-29,2024-12-03,395000.0,177400.0,0.44911,P90_95,1798.0,1794.0,1769.5,1808.5,1919.5,0.22247,1.58509,-0.58398,-6.75751
6762,2023-05-26,2023-05-30,181800.0,65100.0,0.35809,P90_95,1076.0,1082.0,1074.0,1087.6,1110.0,-0.55762,0.18587,-1.07807,-3.15985
1689,2023-01-06,2023-01-11,2431500.0,831900.0,0.34213,P90_95,3566.0,3566.0,3387.7,3387.7,3209.4,-0.0,5.0,5.0,10.0
7780,2025-11-28,2025-12-02,162400.0,67500.0,0.41564,P90_95,1500.0,1520.0,1527.0,1554.0,1595.0,-1.33333,-1.8,-3.6,-6.33333
2154,2023-03-03,2023-03-07,30500.0,11700.0,0.38361,P90_95,1972.0,1966.0,1952.0,1849.0,1869.0,0.30426,1.0142,6.23732,5.22312
6428,2023-07-28,2023-08-01,139400.0,60600.0,0.43472,P90_95,509.0,505.0,492.0,506.0,438.0,0.78585,3.33988,0.58939,13.94892
7480,2025-07-18,2025-07-23,11700.0,5200.0,0.44444,P90_95,1685.0,1693.0,1699.0,1684.0,1689.0,-0.47478,-0.83086,0.05935,-0.23739
8098,2023-04-14,2023-04-18,32000.0,11300.0,0.35312,P90_95,2720.0,2715.0,2722.0,2736.0,2789.0,0.18382,-0.07353,-0.58824,-2.53676
6073,2022-08-19,2022-08-23,14100.0,6000.0,0.42553,P90_95,1632.0,1638.0,1668.0,1638.0,1622.0,-0.36765,-2.20588,-0.36765,0.61275
2563,2023-04-07,2023-04-11,3821840.0,1906870.0,0.49894,P90_95,254.8,254.8,256.7,257.0,255.8,-0.0,-0.74568,-0.86342,-0.39246
1572,2023-04-14,2023-04-18,39930.0,17220.0,0.43125,P90_95,4980.0,4984.0,4753.0,4503.0,4648.0,-0.08032,4.55823,9.57831,6.66667
2038,2023-05-19,2023-05-23,1957713.0,690078.0,0.35249,P90_95,1231.0,1280.0,1252.0,1301.0,1268.0,-3.9805,-1.70593,-5.68643,-3.00569
2164,2024-09-06,2024-09-10,45700.0,20200.0,0.44201,P90_95,95.8,96.4,94.2,90.6,91.7,-0.6263,1.67015,5.42797,4.27975
9716,2022-01-07,2022-01-12,150600.0,68200.0,0.45286,P90_95,919.0,943.0,1010.0,942.0,930.0,-2.61153,-9.90207,-2.50272,-1.19695
1929,2023-12-15,2023-12-19,61400.0,22800.0,0.37134,P90_95,1017.0,1020.0,1017.0,1030.0,1130.0,-0.29499,-0.0,-1.27827,-11.11111
1994,2024-03-08,2024-03-12,20200.0,10000.0,0.49505,P90_95,555.0,557.0,553.0,558.0,571.0,-0.36036,0.36036,-0.54054,-2.88288
4443,2024-07-12,2024-07-17,240100.0,104000.0,0.43315,P90_95,2317.0,2317.0,2299.0,2290.0,2216.0,-0.0,0.77687,1.1653,4.35909
2449,2024-03-22,2024-03-26,31100.0,10700.0,0.34405,P90_95,1026.0,1026.0,1034.0,1034.0,1031.0,-0.0,-0.77973,-0.77973,-0.48733
3048,2022-12-02,2022-12-06,93900.0,48900.0,0.52077,P90_95,1250.0,1260.0,1295.0,1293.0,1256.0,-0.8,-3.6,-3.44,-0.48
2185,2023-09-22,2023-09-26,41000.0,15400.0,0.37561,P90_95,1439.0,1475.0,1446.0,1362.0,1368.0,-2.50174,-0.48645,5.35094,4.93398
2568,2023-02-17,2023-02-21,16890.0,7210.0,0.42688,P90_95,2850.5,2804.0,2814.0,2812.0,2873.0,1.63129,1.28048,1.35064,-0.78934
9983,2022-08-12,2022-08-16,56300.0,26800.0,0.47602,P90_95,28433.3,28666.7,28913.3,28066.7,27673.3,-0.82087,-1.68816,1.28933,2.67292
3798,2022-11-18,2022-11-22,60400.0,26800.0,0.44371,P90_95,333.5,329.5,337.5,342.0,324.0,1.1994,-1.1994,-2.54873,2.84858
2874,2025-06-13,2025-06-17,64700.0,23900.0,0.3694,P90_95,895.0,890.0,890.0,885.0,856.0,0.55866,0.55866,1.11732,4.35754
8104,2025-11-14,2025-11-18,27100.0,12200.0,0.45018,P90_95,570.0,555.0,552.0,578.0,584.0,2.63158,3.15789,-1.40351,-2.45614
4116,2022-05-20,2022-05-24,45100.0,19300.0,0.42794,P90_95,460.8,452.3,452.5,466.3,477.5,1.84462,1.80122,-1.19358,-3.62413
8097,2024-11-15,2024-11-19,14100.0,5700.0,0.40426,P90_95,2005.0,1954.0,1986.0,1932.0,1914.0,2.54364,0.94763,3.6409,4.53865
9051,2025-04-11,2025-04-15,12300.0,5100.0,0.41463,P90_95,986.0,1001.0,1000.0,989.0,996.0,-1.5213,-1.41988,-0.30426,-1.0142
7088,2023-11-24,2023-11-28,127600.0,48500.0,0.38009,P90_95,807.5,820.0,796.0,753.0,787.0,-1.54799,1.42415,6.74923,2.5387
8890,2023-02-10,2023-02-14,275400.0,110100.0,0.39978,P90_95,1364.0,1362.0,1378.0,1406.0,1331.0,0.14663,-1.02639,-3.07918,2.41935
2882,2022-02-25,2022-03-01,21300.0,9700.0,0.4554,P90_95,2160.0,2138.0,2055.0,1965.0,2015.0,1.01852,4.86111,9.02778,6.71296
9533,2023-09-29,2023-10-03,74900.0,26700.0,0.35648,P90_95,638.6,624.3,631.5,655.8,656.0,2.23927,1.11181,-2.69339,-2.72471
3547,2022-04-01,2022-04-05,79300.0,29700.0,0.37453,P90_95,1905.0,1880.0,1865.0,1820.0,1822.0,1.31234,2.09974,4.46194,4.35696
2633,2025-10-31,2025-11-05,163700.0,60050.0,0.36683,P90_95,479.2,483.6,479.5,486.8,475.2,-0.9182,-0.0626,-1.58598,0.83472
2511,2024-12-06,2024-12-10,30710.0,16320.0,0.53142,P90_95,1094.0,1094.5,1097.5,1102.5,1115.0,-0.0457,-0.31993,-0.77697,-1.91956
6419,2025-08-01,2025-08-05,76400.0,35500.0,0.46466,P90_95,3015.0,3025.0,3075.0,3130.0,3150.0,-0.33167,-1.99005,-3.81426,-4.47761
9532,2024-01-19,2024-01-23,107600.0,58200.0,0.54089,P90_95,3105.0,3052.0,3040.0,3020.0,3100.0,1.70692,2.0934,2.73752,0.16103
4246,2023-04-14,2023-04-18,30100.0,12300.0,0.40864,P90_95,660.0,665.0,654.0,665.0,684.0,-0.75758,0.90909,-0.75758,-3.63636
1898,2025-11-14,2025-11-18,117400.0,43200.0,0.36797,P90_95,1575.0,1561.0,1567.0,1595.0,1593.0,0.88889,0.50794,-1.26984,-1.14286
8011,2024-04-12,2024-04-16,173600.0,69600.0,0.40092,P90_95,2831.0,2716.0,2800.0,2838.0,2778.0,4.06217,1.09502,-0.24726,1.87213
8158,2023-11-10,2023-11-14,99700.0,34300.0,0.34403,P90_95,978.0,971.0,970.0,982.0,1030.0,0.71575,0.818,-0.409,-5.31697
8708,2023-05-12,2023-05-16,23300.0,9300.0,0.39914,P90_95,748.0,738.0,749.0,755.0,741.0,1.3369,-0.13369,-0.93583,0.93583
1435,2022-08-26,2022-08-30,698400.0,261000.0,0.37371,P90_95,194.0,192.0,190.0,188.0,189.0,1.03093,2.06186,3.09278,2.57732
3109,2025-10-03,2025-10-07,23000.0,10800.0,0.46957,P90_95,1003.0,1004.0,996.0,984.0,994.0,-0.0997,0.69791,1.89432,0.89731
3974,2021-11-05,2021-11-09,47200.0,21300.0,0.45127,P90_95,453.6,458.2,456.4,471.8,446.4,-1.01411,-0.61728,-4.01235,1.5873
6850,2023-07-21,2023-07-25,25900.0,10500.0,0.40541,P90_95,1135.0,1132.0,1123.0,1146.0,1095.0,0.26432,1.05727,-0.96916,3.52423
1928,2024-12-13,2024-12-17,548700.0,239300.0,0.43612,P90_95,3690.0,3668.0,3614.0,3629.0,3814.0,0.59621,2.05962,1.65312,-3.36043
5015,2023-06-30,2023-07-04,15600.0,7300.0,0.46795,P90_95,876.0,875.0,871.0,875.0,865.0,0.11416,0.57078,0.11416,1.25571
2477,2024-04-05,2024-04-09,43400.0,19400.0,0.447,P90_95,3190.0,3230.0,3155.0,3100.0,3300.0,-1.25392,1.09718,2.82132,-3.44828
5356,2025-11-14,2025-11-18,24100.0,8400.0,0.34855,P90_95,1250.0,1195.0,1194.0,1216.0,1233.0,4.4,4.48,2.72,1.36
2309,2022-01-28,2022-02-01,25500.0,9800.0,0.38431,P90_95,1671.0,1585.0,1600.0,1566.0,1583.0,5.14662,4.24895,6.28366,5.26631
6098,2023-12-22,2023-12-26,539800.0,240100.0,0.44479,P90_95,5850.0,5900.0,5910.0,5789.0,6243.0,-0.8547,-1.02564,1.04274,-6.71795
9143,2023-05-12,2023-05-16,207100.0,98000.0,0.4732,P90_95,2145.0,2184.0,2174.0,2190.0,2086.0,-1.81818,-1.35198,-2.0979,2.75058
7581,2023-04-28,2023-05-02,39700.0,13800.0,0.34761,P90_95,3440.0,3410.0,3420.0,3400.0,3550.0,0.87209,0.5814,1.16279,-3.19767
4410,2024-06-21,2024-06-25,25000.0,11200.0,0.448,P90_95,905.0,925.0,932.0,926.0,943.0,-2.20994,-2.98343,-2.32044,-4.1989
6814,2024-10-18,2024-10-22,457200.0,222600.0,0.48688,P90_95,2230.0,2367.0,2428.0,2447.0,2541.0,-6.1435,-8.87892,-9.73094,-13.94619
2340,2025-08-01,2025-08-05,115600.0,52500.0,0.45415,P90_95,495.0,498.0,498.0,503.0,492.0,-0.60606,-0.60606,-1.61616,0.60606
7282,2025-01-31,2025-02-04,38000.0,17700.0,0.46579,P90_95,2800.0,2761.5,2740.5,2758.5,2711.0,1.375,2.125,1.48214,3.17857
4955,2024-06-21,2024-06-25,10900.0,4600.0,0.42202,P90_95,1216.0,1217.0,1233.0,1247.0,1210.0,-0.08224,-1.39803,-2.54934,0.49342
9432,2021-12-17,2021-12-21,689300.0,241700.0,0.35065,P90_95,127.4,128.8,127.2,123.3,131.8,-1.0989,0.15699,3.21821,-3.45369
4194,2022-12-16,2022-12-20,207000.0,77800.0,0.37585,P90_95,9400.0,8930.0,8390.0,8550.0,8480.0,5.0,10.74468,9.04255,9.78723
1568,2022-01-07,2022-01-12,144940.0,64860.0,0.4475,P90_95,253.2,256.5,249.5,239.5,227.5,-1.30332,1.4613,5.41074,10.15008
4666,2024-08-23,2024-08-27,844900.0,328200.0,0.38845,P90_95,1712.5,1734.5,1731.5,1723.0,1764.5,-1.28467,-1.10949,-0.61314,-3.0365
3293,2022-06-03,2022-06-07,30100.0,14600.0,0.48505,P90_95,721.0,722.0,716.0,710.0,701.0,-0.1387,0.69348,1.52566,2.77393
7938,2024-12-20,2024-12-24,42500.0,19400.0,0.45647,P90_95,2684.0,2698.0,2696.0,2721.0,2760.0,-0.52161,-0.44709,-1.37854,-2.83159
3405,2023-07-28,2023-08-01,241900.0,98000.0,0.40513,P90_95,1426.0,1419.0,1361.0,1345.0,1501.5,0.49088,4.5582,5.68022,-5.29453
7955,2022-06-03,2022-06-07,15500.0,6300.0,0.40645,P90_95,579.0,575.0,578.0,565.0,559.0,0.69085,0.17271,2.41796,3.45423
7832,2022-04-08,2022-04-12,39800.0,16900.0,0.42462,P90_95,3044.3,2987.3,3051.7,3055.7,2988.3,1.87235,-0.24308,-0.37447,1.8395
4679,2025-11-21,2025-11-26,58200.0,27500.0,0.47251,P90_95,231.0,233.0,233.0,226.0,223.0,-0.8658,-0.8658,2.1645,3.4632
6098,2024-10-18,2024-10-22,346500.0,170000.0,0.49062,P90_95,9827.0,9407.0,9166.0,9217.0,8923.0,4.27394,6.72637,6.20739,9.19915
6218,2023-05-19,2023-05-23,59200.0,26100.0,0.44088,P90_95,692.0,682.0,701.0,694.0,688.0,1.44509,-1.30058,-0.28902,0.57803
3192,2023-11-02,2023-11-07,278400.0,110700.0,0.39763,P90_95,353.0,372.0,363.0,390.0,373.0,-5.38244,-2.83286,-10.48159,-5.66572
3877,2023-02-03,2023-02-07,35900.0,13100.0,0.3649,P90_95,1043.0,1057.0,1061.0,966.0,972.0,-1.34228,-1.72579,7.38255,6.80729
8707,2022-11-11,2022-11-15,33400.0,12600.0,0.37725,P90_95,1241.0,1243.0,1251.0,1260.0,1284.0,-0.16116,-0.8058,-1.53102,-3.46495
7514,2022-02-10,2022-02-15,75300.0,32700.0,0.43426,P90_95,1015.0,1015.0,1001.0,998.0,964.0,-0.0,1.37931,1.67488,5.02463
7605,2022-12-02,2022-12-06,11100.0,4100.0,0.36937,P90_95,1255.0,1246.0,1249.0,1280.0,1335.0,0.71713,0.47809,-1.99203,-6.3745
3232,2025-12-12,2025-12-16,109200.0,42500.0,0.38919,P90_95,541.0,539.0,534.0,533.0,542.0,0.36969,1.2939,1.47874,-0.18484
8377,2023-06-09,2023-06-13,197200.0,70900.0,0.35953,P90_95,1120.0,1132.0,1145.5,1149.5,1134.0,-1.07143,-2.27679,-2.63393,-1.25
6069,2023-11-17,2023-11-21,262400.0,121000.0,0.46113,P90_95,1230.0,1245.0,1235.0,1220.0,1255.0,-1.21951,-0.4065,0.81301,-2.03252
3496,2025-01-10,2025-01-15,18700.0,9500.0,0.50802,P90_95,3620.0,3620.0,3555.0,3490.0,3415.0,-0.0,1.79558,3.59116,5.66298
6157,2025-03-21,2025-03-25,21100.0,7400.0,0.35071,P90_95,784.0,791.0,777.0,747.0,678.0,-0.89286,0.89286,4.71939,13.52041
9900,2022-10-21,2022-10-25,11600.0,5400.0,0.46552,P90_95,1211.0,1208.0,1194.0,1220.0,1210.0,0.24773,1.4038,-0.74319,0.08258
4346,2025-03-28,2025-04-01,271600.0,121100.0,0.44588,P90_95,779.0,787.0,767.0,689.0,769.0,-1.02696,1.54044,11.55327,1.2837
1840,2022-05-20,2022-05-24,185500.0,67100.0,0.36173,P90_95,173.0,172.0,174.0,175.0,183.0,0.57803,-0.57803,-1.15607,-5.78035
8385,2021-12-10,2021-12-14,120900.0,55000.0,0.45492,P90_95,561.0,567.0,585.0,577.0,569.0,-1.06952,-4.27807,-2.85205,-1.42602
9324,2025-09-12,2025-09-17,14400.0,7500.0,0.52083,P90_95,2113.0,2114.0,2150.0,2131.0,2037.0,-0.04733,-1.75106,-0.85187,3.59678
4736,2024-09-20,2024-09-25,123300.0,60600.0,0.49148,P90_95,585.0,633.0,622.0,612.0,590.0,-8.20513,-6.32479,-4.61538,-0.8547
4563,2023-08-10,2023-08-15,3502400.0,1704500.0,0.48667,P90_95,100.0,100.0,97.0,99.0,105.0,-0.0,3.0,1.0,-5.0
8200,2021-12-24,2021-12-28,62600.0,24200.0,0.38658,P90_95,2228.0,2221.0,2227.0,2250.0,2200.0,0.31418,0.04488,-0.98743,1.25673
1579,2024-02-09,2024-02-14,98790.0,51760.0,0.52394,P90_95,286.0,292.6,296.6,292.8,304.2,-2.30769,-3.70629,-2.37762,-6.36364
7638,2025-09-26,2025-09-30,11800.0,4000.0,0.33898,P90_95,1437.0,1429.0,1408.0,1445.0,1434.0,0.55672,2.01809,-0.55672,0.20877
8370,2021-12-10,2021-12-14,67800.0,29700.0,0.43805,P90_95,1408.0,1413.0,1462.0,1418.0,1390.0,-0.35511,-3.83523,-0.71023,1.27841
8075,2023-06-23,2023-06-27,25500.0,10000.0,0.39216,P90_95,1913.3,1936.7,1946.7,1943.3,1923.3,-1.22302,-1.74568,-1.56797,-0.52266
4246,2022-11-11,2022-11-15,15500.0,5300.0,0.34194,P90_95,574.0,570.0,587.0,612.0,591.0,0.69686,-2.26481,-6.62021,-2.96167
5034,2025-02-21,2025-02-26,53500.0,28800.0,0.53832,P90_95,2072.0,2033.0,1940.0,1823.0,1707.0,1.88224,6.37066,12.01737,17.61583
1878,2022-01-28,2022-02-01,17600.0,9400.0,0.53409,P90_95,2630.0,2536.0,2614.0,2666.0,2634.0,3.57414,0.60837,-1.36882,-0.15209
5351,2025-06-27,2025-07-01,51700.0,18400.0,0.3559,P90_95,1660.0,1638.0,1657.0,1626.0,1674.0,1.3253,0.18072,2.04819,-0.84337
5729,2021-11-12,2021-11-16,35200.0,14400.0,0.40909,P90_95,866.3,900.0,882.5,841.3,876.3,-3.89011,-1.87002,2.88584,-1.15433
6597,2024-02-22,2024-02-27,80800.0,27700.0,0.34282,P90_95,2315.0,2440.0,2478.0,2700.0,2290.0,-5.39957,-7.04104,-16.63067,1.07991
6339,2024-08-09,2024-08-14,50800.0,19500.0,0.38386,P90_95,1008.0,1017.0,1030.0,999.0,1035.0,-0.89286,-2.18254,0.89286,-2.67857
4045,2025-10-31,2025-11-05,67200.0,22600.0,0.33631,P90_95,1505.5,1516.5,1547.0,1560.0,1536.0,-0.73065,-2.75656,-3.62006,-2.02591
7317,2025-06-13,2025-06-17,112900.0,51300.0,0.45438,P90_95,695.0,694.0,704.0,699.0,695.0,0.14388,-1.29496,-0.57554,-0.0
9058,2022-12-16,2022-12-20,11200.0,6100.0,0.54464,P90_95,7730.0,7570.0,7640.0,7350.0,7320.0,2.06986,1.16429,4.91591,5.30401
3221,2024-07-19,2024-07-23,16700.0,6500.0,0.38922,P90_95,3015.0,3025.0,3000.0,3050.0,2783.0,-0.33167,0.49751,-1.16086,7.69486
5103,2025-02-14,2025-02-18,138100.0,47300.0,0.34251,P90_95,42.0,42.0,42.0,42.0,42.0,-0.0,-0.0,-0.0,-0.0
1518,2024-02-22,2024-02-27,455100.0,193500.0,0.42518,P90_95,615.0,610.0,627.0,629.0,610.0,0.81301,-1.95122,-2.27642,0.81301
9363,2024-01-19,2024-01-23,159300.0,77600.0,0.48713,P90_95,400.0,403.0,404.0,409.0,420.0,-0.75,-1.0,-2.25,-5.0
8140,2023-07-28,2023-08-01,25300.0,10600.0,0.41897,P90_95,4390.0,4495.0,4070.0,4150.0,3965.0,-2.3918,7.28929,5.46697,9.68109
9262,2022-04-22,2022-04-26,65900.0,33600.0,0.50986,P90_95,1397.0,1388.0,1440.0,1385.0,1440.0,0.64424,-3.07802,0.85898,-3.07802
6981,2022-12-30,2023-01-05,1139900.0,571100.0,0.50101,P90_95,2180.3,2202.3,2353.3,2356.7,2413.0,-1.00904,-7.93469,-8.09063,-10.67284
3845,2025-02-14,2025-02-18,353800.0,128000.0,0.36179,P90_95,83.0,83.0,84.0,83.0,85.0,-0.0,-1.20482,-0.0,-2.40964
6616,2023-08-25,2023-08-29,93300.0,35900.0,0.38478,P90_95,2329.0,2319.0,2333.0,2395.0,2299.0,0.42937,-0.17175,-2.83383,1.28811
3349,2023-06-23,2023-06-27,37600.0,12800.0,0.34043,P90_95,7227.5,7172.5,7290.0,7262.5,7785.0,0.76098,-0.86475,-0.48426,-7.71359
4187,2023-10-13,2023-10-17,77900.0,36000.0,0.46213,P90_95,2636.0,2673.0,2577.0,2465.0,2531.0,-1.40364,2.23824,6.4871,3.98331
3159,2024-11-29,2024-12-03,39600.0,16900.0,0.42677,P90_95,320.0,317.0,317.0,320.0,318.0,0.9375,0.9375,-0.0,0.625
7795,2023-04-14,2023-04-18,301800.0,103500.0,0.34294,P90_95,149.0,150.0,152.0,151.0,150.0,-0.67114,-2.01342,-1.34228,-0.67114
3434,2024-04-05,2024-04-09,43600.0,16100.0,0.36927,P90_95,1625.0,1617.0,1605.0,1575.0,1501.0,0.49231,1.23077,3.07692,7.63077
3920,2025-03-21,2025-03-25,96600.0,48300.0,0.5,P90_95,719.0,717.0,699.0,693.0,620.0,0.27816,2.78164,3.61613,13.76912
7851,2022-04-01,2022-04-05,126000.0,45600.0,0.3619,P90_95,220.0,217.0,225.0,224.0,226.0,1.36364,-2.27273,-1.81818,-2.72727
8707,2025-10-03,2025-10-07,67900.0,27000.0,0.39764,P90_95,2715.0,2727.0,2719.0,2658.0,2803.0,-0.44199,-0.14733,2.09945,-3.24125
5451,2024-11-15,2024-11-19,67800.0,33400.0,0.49263,P90_95,1046.0,1044.0,1040.0,1024.0,1048.0,0.1912,0.57361,2.10325,-0.1912
9692,2024-12-06,2024-12-10,21700.0,9500.0,0.43779,P90_95,2000.0,1975.0,1900.0,1968.0,1965.0,1.25,5.0,1.6,1.75
6638,2024-02-09,2024-02-14,54200.0,26000.0,0.4797,P90_95,925.0,959.0,1012.0,999.0,1049.0,-3.67568,-9.40541,-8.0,-13.40541
4484,2022-12-30,2023-01-05,321200.0,170800.0,0.53176,P90_95,230.0,226.0,234.0,230.0,234.0,1.73913,-1.73913,-0.0,-1.73913
6578,2022-12-16,2022-12-20,256300.0,104400.0,0.40734,P90_95,187.0,171.0,175.0,181.0,178.0,8.55615,6.41711,3.20856,4.81283
7911,2024-10-11,2024-10-16,62200.0,25300.0,0.40675,P90_95,4355.0,4376.0,4336.0,4253.0,4450.0,-0.4822,0.43628,2.34214,-2.1814
6028,2025-02-28,2025-03-04,16700.0,6200.0,0.37126,P90_95,3082.0,3130.0,3117.0,3080.0,3194.0,-1.55743,-1.13563,0.06489,-3.634
3766,2024-08-02,2024-08-06,13000.0,7000.0,0.53846,P90_95,988.0,907.0,952.0,939.0,966.0,8.19838,3.64372,4.95951,2.22672
2269,2021-10-29,2021-11-02,70400.0,37000.0,0.52557,P90_95,3630.0,3600.0,3620.0,3600.0,3535.0,0.82645,0.27548,0.82645,2.61708
8570,2022-05-27,2022-05-31,264900.0,106200.0,0.40091,P90_95,1215.0,1212.0,1234.0,1239.0,1180.0,0.24691,-1.56379,-1.97531,2.88066
6701,2022-06-24,2022-06-28,323100.0,117700.0,0.36428,P90_95,1050.0,1056.0,1040.0,1086.0,1100.0,-0.57143,0.95238,-3.42857,-4.7619
4718,2022-08-12,2022-08-16,60800.0,29200.0,0.48026,P90_95,1107.0,1106.0,1089.0,1090.0,1086.0,0.09033,1.62602,1.53568,1.89702
6556,2021-11-26,2021-11-30,160800.0,55400.0,0.34453,P90_95,1420.0,1397.0,1322.0,1337.0,1326.0,1.61972,6.90141,5.84507,6.61972
2221,2025-05-02,2025-05-08,16800.0,7600.0,0.45238,P90_95,3235.0,3285.0,3365.0,2999.0,2979.0,-1.5456,-4.01855,7.29521,7.91345
3232,2023-07-14,2023-07-19,50500.0,17900.0,0.35446,P90_95,546.0,546.0,553.0,559.0,569.0,-0.0,-1.28205,-2.38095,-4.21245
9744,2022-11-11,2022-11-15,13400.0,6500.0,0.48507,P90_95,2438.0,2449.0,2498.0,2530.0,2607.0,-0.45119,-2.46103,-3.77358,-6.93191
1994,2025-05-16,2025-05-20,13400.0,5000.0,0.37313,P90_95,488.0,487.0,484.0,486.0,486.0,0.20492,0.81967,0.40984,0.40984
5357,2025-10-31,2025-11-05,24400.0,11000.0,0.45082,P90_95,1760.0,1736.0,1730.0,1719.0,1703.0,1.36364,1.70455,2.32955,3.23864
6996,2025-01-24,2025-01-28,92700.0,34200.0,0.36893,P90_95,1122.0,1125.0,1110.0,1059.0,1295.0,-0.26738,1.06952,5.61497,-15.41889
6857,2024-07-26,2024-07-30,4776000.0,1938400.0,0.40586,P90_95,5730.0,5598.0,6500.0,5727.0,6490.0,2.30366,-13.43805,0.05236,-13.26353
4320,2025-11-14,2025-11-18,324400.0,125800.0,0.38779,P90_95,1000.0,1000.0,1029.0,1039.0,1000.0,-0.0,-2.9,-3.9,-0.0
4286,2025-11-21,2025-11-26,21100.0,9900.0,0.46919,P90_95,1198.0,1185.0,1191.0,1121.0,1098.0,1.08514,0.58431,6.42738,8.34725
4543,2024-03-29,2024-04-02,365500.0,131700.0,0.36033,P90_95,2730.0,2675.0,2656.0,2665.0,2573.0,2.01465,2.71062,2.38095,5.75092
9723,2025-09-19,2025-09-24,27500.0,13000.0,0.47273,P90_95,634.0,642.0,635.0,634.0,632.0,-1.26183,-0.15773,-0.0,0.31546
2782,2025-10-03,2025-10-07,41500.0,17900.0,0.43133,P90_95,3035.0,3055.0,3045.0,3150.0,3030.0,-0.65898,-0.32949,-3.78913,0.16474
9076,2023-09-15,2023-09-20,117600.0,41000.0,0.34864,P90_95,2161.0,2137.0,2151.0,2155.5,2080.0,1.1106,0.46275,0.25451,3.74826
8060,2025-08-22,2025-08-26,13200.0,4700.0,0.35606,P90_95,2837.0,2850.5,2850.0,2886.5,2940.0,-0.47585,-0.45823,-1.7448,-3.6306
7420,2024-01-26,2024-01-30,79200.0,43100.0,0.54419,P90_95,2450.0,2445.0,2393.0,2337.0,2369.0,0.20408,2.32653,4.61224,3.30612
1357,2023-02-17,2023-02-21,56190291.0,21016184.0,0.37402,P90_95,34900.0,35400.0,35200.0,35100.0,32900.0,-1.43266,-0.8596,-0.57307,5.73066
9506,2023-01-20,2023-01-24,1293600.0,481900.0,0.37253,P90_95,661.0,661.0,663.0,687.0,671.0,-0.0,-0.30257,-3.93343,-1.51286
5101,2024-04-12,2024-04-16,107600.0,36500.0,0.33922,P90_95,4079.0,4028.0,4004.0,4083.0,4097.0,1.25031,1.83869,-0.09806,-0.44128
7955,2025-11-07,2025-11-11,50100.0,20800.0,0.41517,P90_95,775.0,789.0,792.0,801.0,820.0,-1.80645,-2.19355,-3.35484,-5.80645
4189,2022-06-17,2022-06-21,100300.0,51800.0,0.51645,P90_95,2443.0,2504.0,2442.0,2524.0,2517.0,-2.49693,0.04093,-3.3156,-3.02906
3063,2025-04-18,2025-04-22,17800.0,8600.0,0.48315,P90_95,693.0,699.0,695.0,707.0,702.0,-0.8658,-0.2886,-2.0202,-1.2987
7966,2024-08-16,2024-08-20,96300.0,32400.0,0.33645,P90_95,3125.0,3055.0,3050.0,3110.0,3350.0,2.24,2.4,0.48,-7.2
6073,2023-09-01,2023-09-05,15000.0,5700.0,0.38,P90_95,1659.0,1662.0,1641.0,1631.0,1644.0,-0.18083,1.08499,1.68776,0.90416
3465,2022-09-09,2022-09-13,242700.0,99100.0,0.40832,P90_95,2495.0,2427.5,2437.5,2417.5,2210.0,2.70541,2.30461,3.10621,11.42285
7127,2024-03-29,2024-04-02,10100.0,4700.0,0.46535,P90_95,692.0,688.0,686.0,690.0,685.0,0.57803,0.86705,0.28902,1.01156
3810,2023-09-29,2023-10-03,1114700.0,413500.0,0.37095,P90_95,381.0,352.0,365.0,371.0,342.0,7.61155,4.19948,2.62467,10.23622
7552,2025-07-18,2025-07-23,40800.0,13800.0,0.33824,P90_95,2750.0,2845.0,2870.0,2880.0,2875.0,-3.45455,-4.36364,-4.72727,-4.54545
7831,2024-06-21,2024-06-25,182100.0,83200.0,0.45689,P90_95,136.0,135.0,135.0,137.0,136.0,0.73529,0.73529,-0.73529,-0.0
3421,2022-09-09,2022-09-13,12200.0,4400.0,0.36066,P90_95,1343.0,1330.0,1343.0,1363.0,1351.0,0.96798,-0.0,-1.4892,-0.59568
7979,2023-09-22,2023-09-26,16000.0,5800.0,0.3625,P90_95,1091.5,1085.5,1094.0,1070.5,1098.5,0.5497,-0.22904,1.92396,-0.64132
9046,2025-09-12,2025-09-17,17400.0,8900.0,0.51149,P90_95,2595.0,2576.0,2630.0,2631.0,2458.0,0.73218,-1.34875,-1.38728,5.27938
9511,2025-12-12,2025-12-16,110200.0,57100.0,0.51815,P90_95,1070.0,1065.0,1056.0,1069.0,1102.0,0.46729,1.30841,0.09346,-2.99065
7914,2025-11-14,2025-11-18,64100.0,27900.0,0.43526,P90_95,1446.0,1433.0,1434.0,1479.0,1438.0,0.89903,0.82988,-2.28216,0.55325
8163,2024-07-19,2024-07-23,38100.0,13100.0,0.34383,P90_95,1276.0,1280.0,1280.0,1275.0,1226.0,-0.31348,-0.31348,0.07837,3.9185
4568,2025-12-05,2025-12-09,1879200.0,830500.0,0.44194,P90_95,3472.0,3450.0,3350.0,3480.0,3300.0,0.63364,3.51382,-0.23041,4.95392
8358,2024-04-05,2024-04-09,1991900.0,997900.0,0.50098,P90_95,977.0,976.0,1001.0,983.0,954.0,0.10235,-2.4565,-0.61412,2.35415
6481,2024-03-15,2024-03-19,52100.0,24200.0,0.46449,P90_95,3324.0,3383.0,3341.0,3420.0,3517.0,-1.77497,-0.51143,-2.88809,-5.80626
5940,2023-10-27,2023-10-31,1469200.0,552500.0,0.37605,P90_95,730.0,720.0,730.0,730.0,720.0,1.36986,-0.0,-0.0,1.36986
5940,2023-12-29,2024-01-05,1613100.0,602000.0,0.37319,P90_95,760.0,760.0,780.0,760.0,750.0,-0.0,-2.63158,-0.0,1.31579
7091,2022-06-17,2022-06-21,19900.0,7000.0,0.35176,P90_95,1338.0,1423.0,1432.0,1481.0,1480.0,-6.35277,-7.02541,-10.68759,-10.61286
5932,2023-09-08,2023-09-12,182200.0,78500.0,0.43085,P90_95,906.0,912.0,923.0,962.0,954.0,-0.66225,-1.87638,-6.18102,-5.29801
3978,2024-02-22,2024-02-27,114400.0,39000.0,0.34091,P90_95,768.0,770.0,760.0,723.0,701.0,-0.26042,1.04167,5.85938,8.72396
3374,2025-06-13,2025-06-17,30600.0,10400.0,0.33987,P90_95,2024.0,2010.0,2021.0,2014.0,2055.0,0.6917,0.14822,0.49407,-1.53162
9766,2022-04-08,2022-04-12,69500.0,23800.0,0.34245,P90_95,8090.0,8180.0,8300.0,8140.0,8030.0,-1.11248,-2.5958,-0.61805,0.74166
2435,2025-09-05,2025-09-09,402000.0,140100.0,0.34851,P90_95,228.0,224.0,222.0,225.0,218.0,1.75439,2.63158,1.31579,4.38596
4820,2022-07-15,2022-07-20,10100.0,3700.0,0.36634,P90_95,1009.0,1010.0,1027.0,1050.0,1089.0,-0.09911,-1.78394,-4.06343,-7.92864
3793,2025-03-07,2025-03-11,2319600.0,890800.0,0.38403,P90_95,586.0,580.0,580.0,601.0,595.0,1.02389,1.02389,-2.55973,-1.53584
6750,2022-10-07,2022-10-12,34900.0,14600.0,0.41834,P90_95,1413.0,1385.0,1389.0,1363.0,1370.0,1.9816,1.69851,3.53857,3.04317
7679,2025-03-07,2025-03-11,72400.0,27700.0,0.3826,P90_95,1873.0,1845.0,1857.0,1879.0,1905.0,1.49493,0.85424,-0.32034,-1.70849
2810,2024-12-27,2025-01-06,21500.0,11200.0,0.52093,P90_95,2900.0,2870.0,2808.0,2786.0,2766.5,1.03448,3.17241,3.93103,4.60345
9997,2024-09-27,2024-10-01,185700.0,66500.0,0.3581,P90_95,729.0,731.0,759.0,757.0,726.0,-0.27435,-4.11523,-3.84088,0.41152
180A,2025-01-10,2025-01-15,55180.0,20110.0,0.36444,P90_95,292.7,294.7,293.1,295.8,297.6,-0.68329,-0.13666,-1.0591,-1.67407
7634,2022-02-10,2022-02-15,27800.0,14800.0,0.53237,P90_95,3530.0,3530.0,3495.0,3395.0,3360.0,-0.0,0.9915,3.82436,4.81586
9755,2022-05-20,2022-05-24,37200.0,14500.0,0.38978,P90_95,1725.0,1694.0,1699.0,1756.0,1756.0,1.7971,1.50725,-1.7971,-1.7971
6098,2025-08-15,2025-08-19,830700.0,339700.0,0.40893,P90_95,9290.0,8997.0,8895.0,9027.0,8550.0,3.15393,4.25188,2.831,7.96555
3053,2025-04-04,2025-04-08,706100.0,241400.0,0.34188,P90_95,175.0,180.0,185.0,202.0,215.0,-2.85714,-5.71429,-15.42857,-22.85714
8628,2022-05-27,2022-05-31,173000.0,62900.0,0.36358,P90_95,835.0,818.0,822.0,825.0,807.0,2.03593,1.55689,1.1976,3.35329
1890,2022-12-23,2022-12-27,88900.0,36200.0,0.4072,P90_95,857.0,848.0,865.0,870.0,850.0,1.05018,-0.93349,-1.51692,0.8168
4972,2025-08-08,2025-08-13,33200.0,16000.0,0.48193,P90_95,1673.0,1679.0,1677.0,1675.0,1665.0,-0.35864,-0.23909,-0.11955,0.47818
9691,2024-09-20,2024-09-25,15100.0,5200.0,0.34437,P90_95,2065.0,2069.0,2021.0,2012.0,1940.0,-0.1937,2.13075,2.56659,6.05327
7512,2025-05-16,2025-05-20,31000.0,10800.0,0.34839,P90_95,889.0,888.0,872.0,883.0,887.0,0.11249,1.91226,0.67492,0.22497
2335,2023-07-28,2023-08-01,10300.0,3500.0,0.33981,P90_95,1215.0,1230.0,1169.0,1174.0,1150.0,-1.23457,3.78601,3.37449,5.34979
9324,2025-06-20,2025-06-24,23400.0,10800.0,0.46154,P90_95,1838.0,1797.0,1815.0,1826.0,1818.0,2.23069,1.25136,0.65288,1.08814
2801,2022-01-28,2022-02-01,51800.0,27700.0,0.53475,P90_95,1722.0,1674.0,1698.0,1754.0,1790.0,2.78746,1.39373,-1.8583,-3.9489
7885,2024-08-23,2024-08-27,14600.0,6800.0,0.46575,P90_95,846.0,841.0,847.0,880.0,854.0,0.59102,-0.1182,-4.01891,-0.94563
2477,2022-03-11,2022-03-15,68600.0,24100.0,0.35131,P90_95,4500.0,4740.0,4700.0,4840.0,4785.0,-5.33333,-4.44444,-7.55556,-6.33333
2521,2021-10-15,2021-10-19,50720.0,18250.0,0.35982,P90_95,1567.0,1582.0,1586.0,1599.0,1614.0,-0.95724,-1.21251,-2.04212,-2.99936
6614,2023-11-10,2023-11-14,138200.0,64900.0,0.46961,P90_95,2320.0,2443.0,2488.0,2558.0,2724.0,-5.30172,-7.24138,-10.25862,-17.41379
7744,2023-07-28,2023-08-01,68700.0,30300.0,0.44105,P90_95,823.3,826.0,812.7,819.0,914.0,-0.32795,1.2875,0.52229,-11.01664
6184,2025-08-29,2025-09-02,139100.0,53600.0,0.38533,P90_95,595.0,593.0,613.0,628.0,640.0,0.33613,-3.02521,-5.54622,-7.56303
6741,2024-04-05,2024-04-09,79400.0,29700.0,0.37406,P90_95,1026.0,1023.0,1039.0,1028.0,1012.0,0.2924,-1.26706,-0.19493,1.36452
2292,2022-04-01,2022-04-05,15500.0,6100.0,0.39355,P90_95,3345.0,3345.0,3290.0,3245.0,3100.0,-0.0,1.64425,2.98954,7.32436
3963,2023-10-13,2023-10-17,203600.0,77400.0,0.38016,P90_95,540.0,554.0,541.0,542.0,524.0,-2.59259,-0.18519,-0.37037,2.96296
6200,2024-10-18,2024-10-22,190300.0,78100.0,0.4104,P90_95,1028.0,961.0,957.0,964.0,996.0,6.51751,6.90661,6.22568,3.11284
8524,2022-11-18,2022-11-22,1189400.0,522700.0,0.43947,P90_95,231.0,236.0,245.0,248.0,232.0,-2.1645,-6.06061,-7.35931,-0.4329
8368,2025-10-03,2025-10-07,299700.0,128100.0,0.42743,P90_95,902.0,907.0,911.0,900.0,928.0,-0.55432,-0.99778,0.22173,-2.88248
1840,2024-01-12,2024-01-16,376400.0,142400.0,0.37832,P90_95,229.0,227.0,226.0,233.0,229.0,0.87336,1.31004,-1.74672,-0.0
6083,2022-07-01,2022-07-05,382300.0,155200.0,0.40596,P90_95,406.3,398.3,391.3,400.0,348.3,1.96899,3.69185,1.55058,14.27517
3289,2023-05-26,2023-05-30,462200.0,246300.0,0.53289,P90_95,749.0,752.0,758.0,780.9,801.5,-0.40053,-1.2016,-4.25901,-7.00935
2017,2024-09-27,2024-10-01,57899.0,24890.0,0.42989,P90_95,1084.0,1065.0,1082.0,1094.0,1070.0,1.75277,0.1845,-0.92251,1.29151
8308,2025-10-31,2025-11-05,2502700.0,1188300.0,0.47481,P90_95,1506.5,1492.0,1524.0,1517.0,1525.0,0.9625,-1.16163,-0.69698,-1.22801
3435,2024-10-18,2024-10-22,10400.0,5100.0,0.49038,P90_95,1128.0,1161.0,1160.0,1158.0,1167.0,-2.92553,-2.83688,-2.65957,-3.45745
8341,2022-10-14,2022-10-18,25000.0,12900.0,0.516,P90_95,589.7,597.3,603.0,626.3,602.0,-1.28879,-2.25538,-6.20655,-2.08581
6718,2024-03-29,2024-04-02,18000.0,8300.0,0.46111,P90_95,2981.0,2981.0,2895.0,2915.0,2954.0,-0.0,2.88494,2.21402,0.90574
9127,2023-02-10,2023-02-14,154200.0,77500.0,0.50259,P90_95,1499.0,1497.0,1478.0,1475.0,1537.0,0.13342,1.40093,1.60107,-2.53502
4558,2025-07-11,2025-07-15,141800.0,73700.0,0.51975,P90_95,202.0,201.0,202.0,201.0,202.0,0.49505,-0.0,0.49505,-0.0
3180,2025-05-30,2025-06-03,45200.0,17500.0,0.38717,P90_95,1631.0,1624.0,1588.0,1599.0,1657.0,0.42918,2.63642,1.96199,-1.59411
2810,2023-10-13,2023-10-17,21900.0,7700.0,0.3516,P90_95,3126.0,3105.0,3104.0,3120.0,3105.0,0.67179,0.70377,0.19194,0.67179
7911,2024-08-30,2024-09-03,71400.0,32100.0,0.44958,P90_95,4363.0,4150.0,4170.0,4299.0,4266.0,4.88196,4.42356,1.46688,2.22324
4919,2024-08-30,2024-09-03,56800.0,19600.0,0.34507,P90_95,2999.0,2970.0,3009.0,3068.0,2965.0,0.96699,-0.33344,-2.30077,1.13371
6881,2023-08-18,2023-08-22,103900.0,46100.0,0.4437,P90_95,598.0,598.0,598.0,598.0,598.0,-0.0,-0.0,-0.0,-0.0
7931,2024-10-18,2024-10-22,36200.0,16000.0,0.44199,P90_95,3535.0,3460.0,3325.0,3490.0,3610.0,2.12164,5.94059,1.27298,-2.12164
2813,2025-11-14,2025-11-18,28800.0,10000.0,0.34722,P90_95,3010.0,2985.0,3010.0,3045.0,3110.0,0.83056,-0.0,-1.16279,-3.32226
2159,2022-03-18,2022-03-23,208400.0,90300.0,0.4333,P90_95,353.0,356.0,366.0,360.0,383.0,-0.84986,-3.68272,-1.983,-8.49858
1671,2024-03-22,2024-03-26,153215.0,58546.0,0.38212,P90_95,3240.0,3205.0,3250.0,3300.0,3420.0,1.08025,-0.30864,-1.85185,-5.55556
3501,2024-01-19,2024-01-23,19600.0,8800.0,0.44898,P90_95,1204.5,1190.0,1183.5,1199.0,1217.0,1.20382,1.74346,0.45662,-1.03778
4627,2024-03-22,2024-03-26,16800.0,6900.0,0.41071,P90_95,1526.0,1548.0,1558.0,1563.0,1588.0,-1.44168,-2.09699,-2.42464,-4.06291
6848,2022-03-11,2022-03-15,30800.0,14700.0,0.47727,P90_95,852.0,903.0,909.0,918.0,918.0,-5.98592,-6.69014,-7.74648,-7.74648
8308,2022-11-18,2022-11-22,1022000.0,391600.0,0.38317,P90_95,631.5,644.9,673.4,672.1,631.0,-2.12193,-6.635,-6.42914,0.07918
4665,2024-04-12,2024-04-16,17800.0,9000.0,0.50562,P90_95,3269.0,3261.0,3220.0,3260.0,3280.0,0.24472,1.49893,0.27531,-0.33649
3267,2021-12-03,2021-12-07,128800.0,60600.0,0.4705,P90_95,2208.0,2350.0,2311.0,2247.0,2180.0,-6.43116,-4.66486,-1.7663,1.26812
9274,2025-09-12,2025-09-17,61200.0,26900.0,0.43954,P90_95,820.0,823.0,804.0,808.0,763.0,-0.36585,1.95122,1.46341,6.95122
4661,2021-12-10,2021-12-14,278900.0,98100.0,0.35174,P90_95,3726.0,3715.0,4026.0,3920.0,3930.0,0.29522,-8.05153,-5.20666,-5.47504
6030,2024-09-13,2024-09-18,45600.0,16200.0,0.35526,P90_95,3960.0,3980.0,4150.0,4060.0,4570.0,-0.50505,-4.79798,-2.52525,-15.40404
9404,2023-01-06,2023-01-11,478300.0,200500.0,0.41919,P90_95,1025.0,1025.0,1011.0,1009.0,1033.0,-0.0,1.36585,1.56098,-0.78049
1515,2023-10-20,2023-10-24,25100.0,10600.0,0.42231,P90_95,900.0,926.0,891.0,932.0,985.0,-2.88889,1.0,-3.55556,-9.44444
2593,2021-10-15,2021-10-19,17900.0,9600.0,0.53631,P90_95,2259.0,2256.0,2241.0,2233.0,2201.0,0.1328,0.79681,1.15095,2.56751
3676,2023-08-25,2023-08-29,128300.0,60600.0,0.47233,P90_95,1241.0,1267.0,1180.0,1140.0,1120.0,-2.09508,4.91539,8.1386,9.7502
3491,2023-12-15,2023-12-19,554300.0,299500.0,0.54032,P90_95,1206.0,1244.0,1181.0,1178.0,1296.0,-3.15091,2.07297,2.32172,-7.46269
2449,2025-01-24,2025-01-28,25100.0,12400.0,0.49402,P90_95,899.0,900.0,900.0,898.0,906.0,-0.11123,-0.11123,0.11123,-0.77864
3667,2025-02-07,2025-02-12,2030400.0,766000.0,0.37727,P90_95,133.0,135.0,137.0,143.0,132.0,-1.50376,-3.00752,-7.5188,0.75188
6616,2024-06-28,2024-07-02,38000.0,16300.0,0.42895,P90_95,1826.0,1839.0,1850.0,1852.0,2017.0,-0.71194,-1.31435,-1.42388,-10.46002
9989,2024-12-13,2024-12-17,61300.0,26400.0,0.43067,P90_95,3986.0,3974.0,3975.0,3912.0,4040.0,0.30105,0.27597,1.8565,-1.35474
6863,2025-06-13,2025-06-17,137800.0,65700.0,0.47678,P90_95,1954.0,1945.0,1953.0,1933.0,2039.0,0.46059,0.05118,1.07472,-4.35005
8020,2025-02-07,2025-02-12,119100.0,50400.0,0.42317,P90_95,1264.5,1253.5,1255.3,1246.5,1256.0,0.86991,0.72756,1.42349,0.6722
6198,2022-02-25,2022-03-01,383700.0,130800.0,0.34089,P90_95,344.0,352.0,338.0,312.0,316.0,-2.32558,1.74419,9.30233,8.13953
9044,2025-02-07,2025-02-12,111800.0,57200.0,0.51163,P90_95,2554.5,2595.0,2574.0,2524.0,2460.0,-1.58544,-0.76336,1.19397,3.69935
3183,2024-07-05,2024-07-09,13800.0,7100.0,0.51449,P90_95,1200.0,1193.0,1228.0,1230.0,1220.0,0.58333,-2.33333,-2.5,-1.66667
7990,2024-06-14,2024-06-18,25400.0,12200.0,0.48031,P90_95,2156.0,2208.0,2171.0,2162.0,2120.0,-2.41187,-0.69573,-0.27829,1.66976
3086,2025-04-18,2025-04-22,214200.0,114300.0,0.53361,P90_95,1662.5,1695.0,1779.5,1750.0,1790.0,-1.95489,-7.03759,-5.26316,-7.66917
3835,2022-10-28,2022-11-01,117700.0,46300.0,0.39337,P90_95,552.0,532.0,530.0,565.0,609.0,3.62319,3.98551,-2.35507,-10.32609
3382,2025-09-05,2025-09-09,3939600.0,1774200.0,0.45035,P90_95,1972.0,1943.5,1975.0,1980.0,2011.0,1.44523,-0.15213,-0.40568,-1.97769
5282,2024-07-12,2024-07-17,127000.0,47600.0,0.3748,P90_95,332.0,333.0,325.0,324.0,320.0,-0.3012,2.10843,2.40964,3.61446
4671,2022-05-27,2022-05-31,94700.0,34600.0,0.36536,P90_95,2188.0,2176.0,2122.0,2109.0,2086.0,0.54845,3.01645,3.6106,4.66179
3050,2022-04-01,2022-04-05,69300.0,24500.0,0.35354,P90_95,1073.0,1063.0,1056.0,1053.0,1008.0,0.93197,1.58434,1.86393,6.05778
2933,2024-02-16,2024-02-20,41800.0,17100.0,0.40909,P90_95,1189.0,1175.0,1200.0,1203.0,1247.0,1.17746,-0.92515,-1.17746,-4.87805
3131,2022-03-04,2022-03-08,33300.0,14900.0,0.44745,P90_95,2010.0,1992.0,2045.0,2045.0,2143.0,0.89552,-1.74129,-1.74129,-6.61692
2565,2022-06-17,2022-06-21,19338.0,7115.0,0.36793,P90_95,1048.0,1050.0,1041.0,1063.0,1085.0,-0.19084,0.66794,-1.4313,-3.53053
5337,2023-01-27,2023-01-31,226100.0,82900.0,0.36665,P90_95,283.0,290.0,314.0,316.0,312.0,-2.4735,-10.95406,-11.66078,-10.24735
4755,2025-08-29,2025-09-02,6872000.0,3399400.0,0.49467,P90_95,908.6,901.9,896.1,910.6,975.0,0.7374,1.37574,-0.22012,-7.30795
2281,2023-04-28,2023-05-02,48800.0,19200.0,0.39344,P90_95,2359.0,2345.0,2309.0,2263.0,2260.0,0.59347,2.11954,4.06952,4.19669
9678,2024-04-05,2024-04-09,79500.0,35300.0,0.44403,P90_95,2611.0,2678.0,2737.0,2707.0,2689.0,-2.56607,-4.82574,-3.67675,-2.98736
7732,2023-04-21,2023-04-25,115700.0,45400.0,0.39239,P90_95,1922.0,1883.0,1910.0,1966.0,1942.0,2.02914,0.62435,-2.28928,-1.04058
2175,2023-05-26,2023-05-30,177000.0,80400.0,0.45424,P90_95,2891.0,2867.0,2958.0,2961.0,2927.5,0.83016,-2.31754,-2.42131,-1.26254
7545,2023-03-24,2023-03-28,104800.0,51200.0,0.48855,P90_95,1648.0,1636.0,1643.0,1645.0,1690.0,0.72816,0.3034,0.18204,-2.54854
9888,2023-02-10,2023-02-14,356200.0,165300.0,0.46407,P90_95,1347.0,1358.0,1452.0,1434.0,1492.0,-0.81663,-7.7951,-6.4588,-10.76466
3423,2022-08-26,2022-08-30,159800.0,63900.0,0.39987,P90_95,357.0,352.0,345.0,341.0,339.0,1.40056,3.36134,4.48179,5.04202
2004,2023-06-09,2023-06-13,12000.0,4700.0,0.39167,P90_95,2710.0,2730.0,2714.0,2713.0,2672.0,-0.73801,-0.1476,-0.1107,1.40221
9249,2022-04-22,2022-04-26,18200.0,9100.0,0.5,P90_95,553.7,553.7,552.0,557.7,556.0,-0.0,0.30703,-0.72241,-0.41539
3407,2024-12-20,2024-12-24,549800.0,256800.0,0.46708,P90_95,1066.5,1072.0,1084.0,1088.0,1076.0,-0.51571,-1.64088,-2.01594,-0.89076
4673,2022-12-30,2023-01-05,10300.0,3500.0,0.33981,P90_95,2339.0,2320.0,2274.0,2321.0,2220.0,0.81231,2.77897,0.76956,5.08764
6989,2023-09-22,2023-09-26,37500.0,19700.0,0.52533,P90_95,1498.0,1409.0,1428.0,1438.0,1414.0,5.94126,4.6729,4.00534,5.60748
4743,2025-07-04,2025-07-08,39800.0,16800.0,0.42211,P90_95,1480.0,1520.0,1490.0,1516.0,1520.0,-2.7027,-0.67568,-2.43243,-2.7027
2866,2025-11-28,2025-12-02,50273.0,24712.0,0.49156,P90_95,985.0,990.0,990.0,991.0,993.0,-0.50761,-0.50761,-0.60914,-0.81218
9795,2022-01-21,2022-01-25,13600.0,4800.0,0.35294,P90_95,1849.0,1853.0,1790.0,1841.0,1789.0,-0.21633,3.19091,0.43267,3.245
2590,2022-06-24,2022-06-28,10300.0,5600.0,0.54369,P90_95,2485.0,2530.0,2535.0,2545.0,2560.0,-1.81087,-2.01207,-2.41449,-3.01811
7238,2022-04-22,2022-04-26,2024300.0,767000.0,0.3789,P90_95,150.0,147.0,154.0,154.0,150.0,2.0,-2.66667,-2.66667,-0.0
7615,2023-04-28,2023-05-02,76700.0,28300.0,0.36897,P90_95,199.0,198.0,201.0,199.0,198.0,0.50251,-1.00503,-0.0,0.50251
6923,2024-08-23,2024-08-27,64000.0,25100.0,0.39219,P90_95,2768.0,2757.0,2768.0,2795.0,2793.0,0.3974,-0.0,-0.97543,-0.90318
6118,2022-04-01,2022-04-05,13000.0,5900.0,0.45385,P90_95,1050.0,1029.0,981.0,960.0,968.0,2.0,6.57143,8.57143,7.80952
8439,2022-09-22,2022-09-27,26200.0,13100.0,0.5,P90_95,1192.5,1167.5,1192.5,1211.3,1233.8,2.09644,-0.0,-1.57652,-3.46331
7638,2024-08-16,2024-08-20,21600.0,8700.0,0.40278,P90_95,1345.5,1340.0,1301.8,1319.1,1347.3,0.40877,3.24786,1.9621,-0.13378
5572,2024-12-13,2024-12-17,76100.0,26300.0,0.3456,P90_95,2832.0,2480.0,2500.0,2413.0,2497.0,12.42938,11.72316,14.7952,11.8291
4935,2022-01-14,2022-01-18,46100.0,20700.0,0.44902,P90_95,66.2,65.8,63.5,64.8,62.4,0.60423,4.07855,2.1148,5.74018
4732,2025-03-28,2025-04-01,41600.0,15200.0,0.36538,P90_95,1408.0,1386.5,1367.0,1345.0,1361.0,1.52699,2.91193,4.47443,3.33807
6381,2022-12-23,2022-12-27,13600.0,4800.0,0.35294,P90_95,862.0,861.0,863.0,838.0,851.0,0.11601,-0.11601,2.78422,1.2761
3099,2024-05-31,2024-06-04,539400.0,188300.0,0.34909,P90_95,3265.0,3267.0,3227.0,3280.0,3208.0,-0.06126,1.16386,-0.45942,1.74579
2930,2025-10-17,2025-10-21,1013800.0,431600.0,0.42572,P90_95,139.0,141.0,139.0,140.0,138.0,-1.43885,-0.0,-0.71942,0.71942
3075,2022-03-25,2022-03-29,19000.0,6700.0,0.35263,P90_95,1149.0,1155.0,1167.0,1162.0,1129.0,-0.52219,-1.56658,-1.13142,1.74064
3374,2024-09-06,2024-09-10,46300.0,21600.0,0.46652,P90_95,2268.0,2262.0,2264.0,2245.0,2360.0,0.26455,0.17637,1.01411,-4.05644
4435,2023-11-17,2023-11-21,79400.0,28800.0,0.36272,P90_95,2324.0,2405.0,2306.0,2287.0,2240.0,-3.48537,0.77453,1.59208,3.61446
2788,2023-02-10,2023-02-14,930000.0,395800.0,0.42559,P90_95,349.0,349.0,364.0,294.0,279.0,-0.0,-4.29799,15.75931,20.05731
7701,2024-02-09,2024-02-14,173400.0,59400.0,0.34256,P90_95,3811.0,3868.0,3846.0,3822.0,4000.0,-1.49567,-0.91839,-0.28864,-4.95933
4204,2022-10-14,2022-10-18,68100.0,29100.0,0.42731,P90_95,1826.0,1801.0,1765.0,1782.0,1860.0,1.36911,3.34064,2.40964,-1.86199
4599,2022-07-01,2022-07-05,633800.0,293800.0,0.46355,P90_95,745.0,760.0,769.0,750.0,851.0,-2.01342,-3.22148,-0.67114,-14.22819
2656,2024-07-19,2024-07-23,1024500.0,352700.0,0.34427,P90_95,121.0,121.0,119.0,117.0,89.0,-0.0,1.65289,3.30579,26.44628
2193,2022-09-09,2022-09-13,903800.0,345600.0,0.38239,P90_95,215.0,212.0,209.0,207.0,202.0,1.39535,2.7907,3.72093,6.04651
7831,2025-09-26,2025-09-30,211300.0,110800.0,0.52437,P90_95,114.0,110.0,102.0,103.0,98.0,3.50877,10.52632,9.64912,14.03509
8086,2025-10-17,2025-10-21,21200.0,9700.0,0.45755,P90_95,1500.0,1519.0,1543.0,1545.0,1488.5,-1.26667,-2.86667,-3.0,0.76667
7550,2023-02-24,2023-02-28,62100.0,22300.0,0.3591,P90_95,3825.0,3820.0,3870.0,3975.0,4005.0,0.13072,-1.17647,-3.92157,-4.70588
6080,2023-09-08,2023-09-12,448200.0,159500.0,0.35587,P90_95,2853.0,2790.0,2773.0,2794.0,2675.0,2.2082,2.80407,2.068,6.23905
9007,2023-04-28,2023-05-02,312300.0,119500.0,0.38264,P90_95,2010.0,2020.0,2069.0,2041.0,2136.0,-0.49751,-2.93532,-1.54229,-6.26866
3173,2023-08-10,2023-08-15,29700.0,12500.0,0.42088,P90_95,830.0,833.0,822.0,833.0,850.0,-0.36145,0.96386,-0.36145,-2.40964
3178,2025-07-04,2025-07-08,11200.0,4400.0,0.39286,P90_95,1234.0,1239.0,1239.0,1242.0,1253.0,-0.40519,-0.40519,-0.6483,-1.53971
1720,2021-11-12,2021-11-16,504100.0,190500.0,0.3779,P90_95,687.0,683.0,679.0,680.0,647.0,0.58224,1.16448,1.01892,5.82242
8836,2022-09-22,2022-09-27,185500.0,100500.0,0.54178,P90_95,20.0,20.0,20.0,19.0,19.0,-0.0,-0.0,5.0,5.0
9908,2025-12-12,2025-12-16,14100.0,5400.0,0.38298,P90_95,2233.0,2215.0,2189.0,2248.0,2275.0,0.80609,1.97044,-0.67174,-1.88088
4397,2024-10-04,2024-10-08,187000.0,66700.0,0.35668,P90_95,391.0,391.0,401.0,351.0,337.0,-0.0,-2.55754,10.23018,13.81074
6445,2025-02-14,2025-02-18,68700.0,34500.0,0.50218,P90_95,1005.0,1011.0,999.0,1020.0,1020.0,-0.59701,0.59701,-1.49254,-1.49254
6457,2023-05-19,2023-05-23,142700.0,48500.0,0.33987,P90_95,2873.0,2786.0,2696.0,2685.0,2753.0,3.02819,6.16081,6.54368,4.17682
1328,2023-10-20,2023-10-24,14680.0,4960.0,0.33787,P90_95,7295.0,7295.0,7361.0,7350.0,7305.0,-0.0,-0.90473,-0.75394,-0.13708
7172,2023-01-20,2023-01-24,153200.0,54600.0,0.3564,P90_95,741.1,735.6,689.0,663.6,674.8,0.74214,7.03009,10.45743,8.94616
3193,2024-01-12,2024-01-16,76800.0,36300.0,0.47266,P90_95,3580.0,3615.0,3850.0,3805.0,3835.0,-0.97765,-7.5419,-6.28492,-7.12291
8303,2022-03-25,2022-03-29,269400.0,132700.0,0.49258,P90_95,2332.0,2362.0,2212.0,2263.0,2340.0,-1.28645,5.1458,2.95883,-0.34305
8244,2024-11-22,2024-11-26,11400.0,4900.0,0.42982,P90_95,2060.0,2061.0,2032.0,2034.0,2130.0,-0.04854,1.35922,1.26214,-3.39806
7624,2022-03-18,2022-03-23,143700.0,70500.0,0.49061,P90_95,171.0,173.0,177.0,176.0,170.0,-1.16959,-3.50877,-2.92398,0.5848
4485,2023-09-01,2023-09-05,144100.0,63400.0,0.43997,P90_95,6590.0,6680.0,6570.0,6730.0,7350.0,-1.36571,0.30349,-2.12443,-11.53263
6489,2025-07-11,2025-07-15,84600.0,30600.0,0.3617,P90_95,1611.0,1609.0,1561.0,1600.0,1688.0,0.12415,3.10366,0.68281,-4.77964
7865,2025-01-24,2025-01-28,23100.0,8800.0,0.38095,P90_95,520.0,523.0,516.0,517.0,522.0,-0.57692,0.76923,0.57692,-0.38462
6701,2023-11-10,2023-11-14,402500.0,146700.0,0.36447,P90_95,1544.0,1570.4,1600.0,1658.4,1571.8,-1.70984,-3.62694,-7.40933,-1.80052
7899,2021-12-17,2021-12-21,42200.0,16200.0,0.38389,P90_95,302.0,297.0,297.0,295.0,301.0,1.65563,1.65563,2.31788,0.33113
7898,2024-11-29,2024-12-03,34800.0,18700.0,0.53736,P90_95,807.0,844.0,873.0,869.0,869.0,-4.58488,-8.17844,-7.68278,-7.68278
3489,2023-08-10,2023-08-15,118700.0,52900.0,0.44566,P90_95,434.3,442.3,424.3,438.3,452.3,-1.84204,2.30256,-0.92102,-4.1446
7296,2024-05-10,2024-05-14,38300.0,15000.0,0.39164,P90_95,2190.0,2180.0,2133.0,2178.0,2211.0,0.45662,2.60274,0.54795,-0.9589
4928,2023-12-29,2024-01-05,26900.0,13600.0,0.50558,P90_95,5200.0,5200.0,5280.0,5230.0,5210.0,-0.0,-1.53846,-0.57692,-0.19231
9850,2024-08-23,2024-08-27,36300.0,18000.0,0.49587,P90_95,1136.0,1125.0,1122.0,1115.0,1101.0,0.96831,1.23239,1.84859,3.08099
4918,2025-04-04,2025-04-08,221700.0,90600.0,0.40866,P90_95,221.0,222.0,238.0,270.0,272.0,-0.45249,-7.69231,-22.17195,-23.07692
1332,2023-11-10,2023-11-14,741700.0,386500.0,0.5211,P90_95,713.1,710.0,699.1,706.4,751.6,0.43472,1.96326,0.93956,-5.39896
3623,2022-05-20,2022-05-24,120000.0,48600.0,0.405,P90_95,952.0,940.0,968.0,1000.0,1009.0,1.2605,-1.68067,-5.04202,-5.98739
6373,2024-12-20,2024-12-24,92400.0,37400.0,0.40476,P90_95,759.0,759.0,776.0,800.0,787.0,-0.0,-2.23979,-5.40184,-3.68906
9672,2022-08-26,2022-08-30,81200.0,35900.0,0.44212,P90_95,4200.0,4255.0,4250.0,4125.0,4345.0,-1.30952,-1.19048,1.78571,-3.45238
4243,2022-02-10,2022-02-15,16200.0,6800.0,0.41975,P90_95,707.0,706.0,706.0,696.0,712.0,0.14144,0.14144,1.55587,-0.70721
3688,2024-07-05,2024-07-09,18800.0,9500.0,0.50532,P90_95,1546.0,1542.0,1506.0,1554.0,1494.0,0.25873,2.58732,-0.51746,3.36352
9613,2024-05-02,2024-05-08,304600.0,106100.0,0.34833,P90_95,2462.0,2403.5,2300.0,2255.0,2370.0,2.37612,6.58002,8.4078,3.7368
3370,2023-06-09,2023-06-13,194800.0,73200.0,0.37577,P90_95,260.0,261.0,261.0,269.0,263.0,-0.38462,-0.38462,-3.46154,-1.15385
4828,2022-12-02,2022-12-06,23800.0,10300.0,0.43277,P90_95,443.0,434.8,441.0,466.0,484.4,1.85102,0.45147,-5.19187,-9.34537
8127,2025-12-12,2025-12-16,38800.0,17900.0,0.46134,P90_95,486.0,513.0,565.0,596.0,599.0,-5.55556,-16.25514,-22.63374,-23.25103
9989,2023-10-13,2023-10-17,19500.0,8000.0,0.41026,P90_95,3963.0,3966.0,3927.0,3972.0,4027.0,-0.0757,0.9084,-0.2271,-1.61494
7182,2023-06-30,2023-07-04,1297500.0,447400.0,0.34482,P90_95,1125.0,1131.0,1130.0,1132.5,1134.5,-0.53333,-0.44444,-0.66667,-0.84444
3932,2022-06-03,2022-06-07,38300.0,13100.0,0.34204,P90_95,2888.0,2804.0,2843.0,2770.0,2627.0,2.90859,1.55817,4.08587,9.0374
2659,2022-01-07,2022-01-12,10700.0,4200.0,0.39252,P90_95,2027.5,2050.0,2012.5,2000.0,2067.5,-1.10974,0.73983,1.35635,-1.97287
7859,2021-11-26,2021-11-30,1403600.0,645700.0,0.46003,P90_95,151.0,148.0,150.0,156.0,160.0,1.98675,0.66225,-3.31126,-5.96026
9193,2024-11-15,2024-11-19,47200.0,18100.0,0.38347,P90_95,746.0,738.0,755.0,748.0,773.0,1.07239,-1.20643,-0.2681,-3.6193
9264,2025-05-02,2025-05-08,89400.0,35600.0,0.39821,P90_95,1384.0,1399.0,1444.0,1440.0,1442.0,-1.08382,-4.33526,-4.04624,-4.19075
3625,2025-03-21,2025-03-25,249400.0,117500.0,0.47113,P90_95,677.0,677.0,664.0,666.0,562.0,-0.0,1.92024,1.62482,16.98671
9812,2022-10-14,2022-10-18,70900.0,29500.0,0.41608,P90_95,267.0,262.0,258.0,267.0,259.0,1.87266,3.37079,-0.0,2.99625
8113,2022-12-02,2022-12-06,35200.0,18900.0,0.53693,P90_95,1709.7,1700.0,1698.0,1746.7,1750.0,0.56735,0.68433,-2.16412,-2.35714
3289,2022-09-02,2022-09-06,273900.0,99600.0,0.36364,P90_95,739.0,739.0,757.0,782.0,791.0,-0.0,-2.43572,-5.81867,-7.03654
3983,2023-12-22,2023-12-26,43900.0,24000.0,0.5467,P95_100,2678.0,2654.0,2616.0,2655.0,2900.0,0.89619,2.31516,0.85885,-8.28977
5703,2024-03-29,2024-04-02,118300.0,82500.0,0.69738,P95_100,1781.0,1780.0,1801.0,1838.0,1917.0,0.05615,-1.12296,-3.20045,-7.63616
3549,2025-07-04,2025-07-08,30000.0,44200.0,1.47333,P95_100,4013.0,4044.0,3871.0,3906.0,4014.0,-0.77249,3.5385,2.66633,-0.02492
2511,2024-07-19,2024-07-23,44950.0,33650.0,0.74861,P95_100,1135.0,1123.5,1108.0,1115.0,1074.5,1.01322,2.37885,1.76211,5.3304
7670,2025-08-22,2025-08-26,19700.0,19700.0,1.0,P95_100,966.0,957.0,949.0,955.0,955.0,0.93168,1.75983,1.13872,1.13872
7679,2024-07-12,2024-07-17,11100.0,14600.0,1.31532,P95_100,2803.0,2832.0,2790.0,2781.0,2779.0,-1.03461,0.46379,0.78487,0.85623
5018,2024-08-30,2024-09-03,28700.0,21900.0,0.76307,P95_100,1247.0,1239.0,1235.0,1229.0,1214.0,0.64154,0.96231,1.44346,2.64635
4536,2024-04-05,2024-04-09,100300.0,93600.0,0.9332,P95_100,1440.0,1451.0,1447.0,1430.5,1492.0,-0.76389,-0.48611,0.65972,-3.61111
1951,2024-09-27,2024-10-01,63800.0,62300.0,0.97649,P95_100,1557.0,1578.0,1580.0,1580.0,1566.0,-1.34875,-1.4772,-1.4772,-0.57803
3770,2025-08-01,2025-08-05,47900.0,48500.0,1.01253,P95_100,417.0,423.0,426.0,445.0,430.0,-1.43885,-2.15827,-6.71463,-3.11751
4016,2023-09-01,2023-09-05,39800.0,72600.0,1.82412,P95_100,735.0,719.0,704.0,711.0,725.0,2.17687,4.21769,3.26531,1.36054
8281,2025-05-16,2025-05-20,27700.0,16300.0,0.58845,P95_100,1191.0,1194.0,1179.0,1165.0,1142.0,-0.25189,1.00756,2.18304,4.11419
7071,2023-11-10,2023-11-14,169700.0,98100.0,0.57808,P95_100,2898.0,2900.0,2663.0,2812.0,2895.0,-0.06901,8.10904,2.96756,0.10352
7044,2025-11-07,2025-11-11,137600.0,87500.0,0.6359,P95_100,615.0,610.0,616.0,617.0,599.0,0.81301,-0.1626,-0.3252,2.60163
2085,2024-09-06,2024-09-10,24750.0,17620.0,0.71192,P95_100,542.2,533.0,539.9,533.2,556.1,1.69679,0.4242,1.6599,-2.56363
4783,2024-08-23,2024-08-27,47200.0,73000.0,1.54661,P95_100,1876.0,1846.0,1833.0,2009.0,1869.0,1.59915,2.29211,-7.08955,0.37313
2587,2022-01-21,2022-01-25,24400.0,28100.0,1.15164,P95_100,4340.0,4410.0,4400.0,4465.0,4575.0,-1.6129,-1.38249,-2.88018,-5.41475
6072,2022-01-07,2022-01-12,552800.0,334800.0,0.60564,P95_100,149.0,150.0,150.0,142.0,138.0,-0.67114,-0.67114,4.69799,7.38255
9678,2022-04-22,2022-04-26,75300.0,53200.0,0.70651,P95_100,1957.0,1859.0,1946.0,1971.0,1924.0,5.00766,0.56208,-0.71538,1.68625
6849,2024-07-05,2024-07-09,27500.0,15600.0,0.56727,P95_100,2325.0,2344.0,2284.0,2352.0,2382.0,-0.8172,1.76344,-1.16129,-2.45161
7211,2023-11-10,2023-11-14,11225400.0,6550900.0,0.58358,P95_100,498.5,498.0,495.0,493.5,487.0,0.1003,0.70211,1.00301,2.30692
2163,2022-03-04,2022-03-08,18100.0,21100.0,1.16575,P95_100,823.0,858.0,847.0,881.0,891.0,-4.25273,-2.91616,-7.04739,-8.26245
3333,2022-06-03,2022-06-07,32900.0,24800.0,0.7538,P95_100,1312.0,1317.0,1300.0,1290.0,1283.0,-0.3811,0.91463,1.67683,2.21037
237A,2025-11-21,2025-11-26,101480.0,86140.0,0.84884,P95_100,173.6,174.1,175.6,169.0,167.9,-0.28802,-1.15207,2.64977,3.28341
9119,2024-08-30,2024-09-03,126400.0,87900.0,0.69541,P95_100,1282.0,1258.0,1228.0,1182.0,1198.0,1.87207,4.21217,7.80031,6.55226
5033,2023-01-13,2023-01-17,28000.0,16300.0,0.58214,P95_100,647.0,673.0,669.0,690.0,672.0,-4.01855,-3.40031,-6.64606,-3.86399
6641,2021-11-05,2021-11-09,31400.0,17800.0,0.56688,P95_100,1444.0,1432.0,1465.0,1492.0,1480.0,0.83102,-1.45429,-3.3241,-2.49307
6413,2025-09-26,2025-09-30,26300.0,18700.0,0.71103,P95_100,1226.0,1212.0,1182.0,1207.0,1147.0,1.14192,3.58891,1.54976,6.44372
3199,2022-12-23,2022-12-27,11500.0,7100.0,0.61739,P95_100,1330.0,1330.0,1332.0,1327.0,1340.0,-0.0,-0.15038,0.22556,-0.75188
7897,2021-11-05,2021-11-09,1526400.0,1151000.0,0.75406,P95_100,179.0,175.0,173.0,178.0,176.0,2.23464,3.35196,0.55866,1.67598
8253,2024-10-18,2024-10-22,73700.0,56900.0,0.77205,P95_100,3492.0,3401.0,3355.0,3419.0,3401.0,2.60596,3.92325,2.09049,2.60596
2978,2024-04-05,2024-04-09,23700.0,18600.0,0.78481,P95_100,970.0,966.0,999.0,991.0,995.0,0.41237,-2.98969,-2.16495,-2.57732
4316,2022-08-12,2022-08-16,109400.0,62200.0,0.56856,P95_100,461.0,461.0,465.0,462.0,492.0,-0.0,-0.86768,-0.21692,-6.72451
6942,2024-08-09,2024-08-14,22200.0,32700.0,1.47297,P95_100,1120.0,1121.0,1140.0,1170.0,1169.0,-0.08929,-1.78571,-4.46429,-4.375
8309,2022-11-18,2022-11-22,200300.0,118200.0,0.59011,P95_100,2127.0,2200.0,2263.0,2218.5,2095.0,-3.43206,-6.39398,-4.30183,1.50447
9308,2024-06-14,2024-06-18,54600.0,33900.0,0.62088,P95_100,1107.0,1130.0,1134.0,1160.0,1176.0,-2.07769,-2.43902,-4.78771,-6.23306
3086,2023-03-10,2023-03-14,362200.0,244700.0,0.67559,P95_100,1279.0,1276.0,1255.0,1245.0,1239.0,0.23456,1.87647,2.65833,3.12744
2185,2024-06-28,2024-07-02,18200.0,11300.0,0.62088,P95_100,1250.0,1257.0,1268.0,1245.0,1275.0,-0.56,-1.44,0.4,-2.0
7522,2024-05-10,2024-05-14,118400.0,77800.0,0.65709,P95_100,925.0,925.0,899.0,916.0,906.0,-0.0,2.81081,0.97297,2.05405
5911,2023-06-09,2023-06-13,23100.0,24100.0,1.04329,P95_100,2404.0,2403.0,2419.0,2453.0,2468.0,0.0416,-0.62396,-2.03827,-2.66223
9279,2022-11-11,2022-11-15,21700.0,15300.0,0.70507,P95_100,1777.5,1780.0,1857.5,1870.0,2050.0,-0.14065,-4.5007,-5.20394,-15.33052
6448,2022-04-28,2022-05-06,107600.0,109500.0,1.01766,P95_100,2294.0,2300.0,2260.0,2155.0,2256.0,-0.26155,1.48213,6.05929,1.6565
4922,2022-03-04,2022-03-08,41300.0,23500.0,0.56901,P95_100,12540.0,12150.0,12050.0,11270.0,13040.0,3.11005,3.9075,10.12759,-3.98724
7476,2025-07-11,2025-07-15,22900.0,229000.0,10.0,P95_100,2385.0,2375.0,2437.0,2353.5,2369.0,0.41929,-2.18029,1.32075,0.67086
3097,2023-06-23,2023-06-27,94800.0,58300.0,0.61498,P95_100,3415.0,3440.0,3450.0,3460.0,3370.0,-0.73206,-1.02489,-1.31772,1.31772
4307,2024-08-02,2024-08-06,50600.0,103000.0,2.03557,P95_100,4452.0,4267.0,4650.0,4680.0,4737.0,4.15544,-4.44744,-5.12129,-6.40162
2762,2024-09-27,2024-10-01,143200.0,130800.0,0.91341,P95_100,125.0,125.0,124.0,124.0,123.0,-0.0,0.8,0.8,1.6
9508,2022-07-01,2022-07-05,584300.0,329200.0,0.56341,P95_100,878.0,874.0,874.0,885.0,903.0,0.45558,0.45558,-0.79727,-2.84738
4240,2022-12-02,2022-12-06,210900.0,132700.0,0.62921,P95_100,411.0,414.0,416.0,416.0,404.0,-0.72993,-1.21655,-1.21655,1.70316
1459,2022-03-04,2022-03-08,443296.0,438390.0,0.98893,P95_100,1990.0,1997.0,1900.0,1931.0,1585.0,-0.35176,4.52261,2.96482,20.35176
7518,2024-12-06,2024-12-10,28900.0,18000.0,0.62284,P95_100,4484.0,4480.0,4483.0,4475.0,4478.0,0.08921,0.0223,0.20071,0.13381
2433,2023-05-19,2023-05-23,13700.0,79500.0,5.80292,P95_100,1588.0,1553.0,1514.0,1488.0,1492.5,2.20403,4.65995,6.29723,6.01385
9507,2022-05-13,2022-05-17,192800.0,151900.0,0.78786,P95_100,794.0,787.0,774.0,774.0,774.0,0.88161,2.51889,2.51889,2.51889
9162,2025-09-26,2025-09-30,166400.0,170100.0,1.02224,P95_100,358.0,369.0,340.0,340.0,321.0,-3.07263,5.02793,5.02793,10.3352
3802,2025-02-14,2025-02-18,10800.0,6200.0,0.57407,P95_100,495.0,493.0,496.0,489.0,489.0,0.40404,-0.20202,1.21212,1.21212
6092,2025-11-28,2025-12-02,126400.0,102000.0,0.80696,P95_100,625.0,617.0,618.0,608.0,596.0,1.28,1.12,2.72,4.64
5704,2024-03-29,2024-04-02,262800.0,168700.0,0.64193,P95_100,788.0,751.0,741.0,739.0,740.0,4.69543,5.96447,6.21827,6.09137
7442,2024-03-29,2024-04-02,11500.0,13100.0,1.13913,P95_100,366.0,363.0,360.0,362.0,361.0,0.81967,1.63934,1.0929,1.36612
5011,2023-09-01,2023-09-05,44500.0,136300.0,3.06292,P95_100,2080.0,2069.0,2089.0,2040.0,2057.0,0.52885,-0.43269,1.92308,1.10577
5940,2024-09-27,2024-10-01,32000.0,921400.0,28.79375,P95_100,663.0,666.0,681.0,682.0,656.0,-0.45249,-2.71493,-2.86576,1.05581
8252,2021-11-12,2021-11-16,59200.0,94500.0,1.59628,P95_100,2369.0,2369.0,2299.0,2340.0,2072.0,-0.0,2.95483,1.22415,12.53694
2810,2025-08-22,2025-08-26,15900.0,9300.0,0.58491,P95_100,2858.5,2857.5,2852.5,2870.0,2960.0,0.03498,0.2099,-0.40231,-3.55081
7494,2022-04-01,2022-04-05,33300.0,22800.0,0.68468,P95_100,342.0,341.0,335.0,333.0,332.0,0.2924,2.04678,2.63158,2.92398
7282,2024-12-13,2024-12-17,52500.0,48000.0,0.91429,P95_100,2695.5,2737.5,2752.5,2721.0,2770.0,-1.55815,-2.11464,-0.94602,-2.76387
1969,2021-12-17,2021-12-21,40000.0,35200.0,0.88,P95_100,955.0,944.0,953.5,942.0,962.0,1.15183,0.15707,1.36126,-0.73298
7345,2023-12-22,2023-12-26,79800.0,168700.0,2.11404,P95_100,400.0,403.0,504.0,438.0,417.0,-0.75,-26.0,-9.5,-4.25
7590,2025-07-25,2025-07-29,53300.0,57400.0,1.07692,P95_100,421.0,428.0,431.0,430.0,444.0,-1.66271,-2.3753,-2.13777,-5.46318
6996,2025-03-07,2025-03-11,46200.0,26300.0,0.56926,P95_100,1275.0,1258.0,1271.0,1320.0,1313.0,1.33333,0.31373,-3.52941,-2.98039
2620,2023-11-10,2023-11-14,41310.0,71390.0,1.72815,P95_100,338.2,336.3,337.8,332.3,329.0,0.5618,0.11827,1.74453,2.72028
5481,2023-10-13,2023-10-17,17800.0,26600.0,1.49438,P95_100,2800.0,2752.0,2665.0,2586.0,2622.0,1.71429,4.82143,7.64286,6.35714
6294,2023-02-10,2023-02-14,29600.0,20500.0,0.69257,P95_100,1590.0,1598.0,1581.0,1606.0,1629.0,-0.50314,0.56604,-1.00629,-2.45283
6819,2023-10-20,2023-10-24,309300.0,340000.0,1.09926,P95_100,419.0,470.0,466.0,450.0,485.0,-12.17184,-11.21718,-7.39857,-15.75179
4550,2022-06-17,2022-06-21,11900.0,38000.0,3.19328,P95_100,1712.0,1712.0,1712.0,1712.0,1713.0,-0.0,-0.0,-0.0,-0.05841
5131,2023-11-24,2023-11-28,330200.0,398300.0,1.20624,P95_100,271.0,268.0,285.0,285.0,262.0,1.10701,-5.16605,-5.16605,3.32103
6630,2022-05-27,2022-05-31,413400.0,295900.0,0.71577,P95_100,1200.0,1210.0,1260.0,1266.0,1250.0,-0.83333,-5.0,-5.5,-4.16667
9272,2023-05-19,2023-05-23,19600.0,21800.0,1.11224,P95_100,2237.5,2185.0,2145.0,2134.0,2189.0,2.34637,4.13408,4.6257,2.1676
6619,2023-03-17,2023-03-22,6762700.0,5034500.0,0.74445,P95_100,1247.0,1248.0,1233.0,1220.0,1276.0,-0.08019,1.12269,2.1652,-2.32558
1878,2024-10-04,2024-10-08,11200.0,6700.0,0.59821,P95_100,3414.0,3483.0,3415.0,3433.0,3358.0,-2.02109,-0.02929,-0.55653,1.6403
8254,2025-03-14,2025-03-18,26200.0,38400.0,1.46565,P95_100,396.0,398.0,398.0,393.0,396.0,-0.50505,-0.50505,0.75758,-0.0
1928,2022-10-21,2022-10-25,102100.0,63900.0,0.62586,P95_100,2428.0,2460.0,2441.5,2474.5,2466.5,-1.31796,-0.55601,-1.91516,-1.58567
1994,2025-08-01,2025-08-05,11000.0,10700.0,0.97273,P95_100,492.0,491.0,499.0,495.0,499.0,0.20325,-1.42276,-0.60976,-1.42276
7940,2025-08-01,2025-08-05,135300.0,182700.0,1.35033,P95_100,635.0,631.0,669.0,674.0,717.0,0.62992,-5.35433,-6.14173,-12.91339
6146,2022-04-01,2022-04-05,66000.0,43300.0,0.65606,P95_100,11233.3,10800.0,10316.7,9916.7,10166.7,3.85728,8.15967,11.72051,9.49498
2897,2021-10-22,2021-10-26,32800.0,22600.0,0.68902,P95_100,2846.7,2843.3,2843.3,2926.7,2986.7,0.11944,0.11944,-2.81027,-4.91798
9532,2025-01-10,2025-01-15,69900.0,55500.0,0.79399,P95_100,3219.0,3205.0,3157.0,3156.0,3070.0,0.43492,1.92606,1.95713,4.62877
3169,2025-05-09,2025-05-13,10400.0,8400.0,0.80769,P95_100,641.0,640.0,640.0,643.0,644.0,0.15601,0.15601,-0.31201,-0.46802
9003,2025-10-24,2025-10-28,32700.0,38100.0,1.16514,P95_100,2678.5,2605.0,2517.0,2549.5,2610.0,2.74407,6.02949,4.81613,2.5574
2929,2024-01-26,2024-01-30,1030900.0,979900.0,0.95053,P95_100,1031.0,1005.0,1004.0,1012.0,956.0,2.52182,2.61882,1.84287,7.27449
9904,2025-01-17,2025-01-21,20300.0,12300.0,0.60591,P95_100,365.0,364.0,363.0,362.0,362.0,0.27397,0.54795,0.82192,0.82192
7381,2024-10-18,2024-10-22,27600.0,31600.0,1.14493,P95_100,447.5,437.5,434.5,437.5,448.0,2.23464,2.90503,2.23464,-0.11173
7752,2024-06-14,2024-06-18,80700.0,93900.0,1.16357,P95_100,1372.5,1378.0,1330.0,1341.5,1406.0,-0.40073,3.09654,2.25865,-2.4408
8511,2025-01-31,2025-02-04,98300.0,120300.0,1.2238,P95_100,1891.0,1873.0,1862.0,1826.0,1822.0,0.95188,1.53358,3.43733,3.64886
1368,2023-11-17,2023-11-21,11391.0,26834.0,2.35572,P95_100,788.0,798.0,775.0,792.0,804.0,-1.26904,1.64975,-0.50761,-2.03046
5707,2025-06-27,2025-07-01,188800.0,190300.0,1.00794,P95_100,691.0,670.0,680.0,647.0,711.0,3.03907,1.5919,6.36758,-2.89436
9381,2021-11-12,2021-11-16,15200.0,8800.0,0.57895,P95_100,1162.0,1151.0,1189.0,1198.0,1130.0,0.94664,-2.32358,-3.09811,2.75387
5892,2025-05-23,2025-05-27,68200.0,90700.0,1.32991,P95_100,3415.0,3300.0,3460.0,3695.0,3245.0,3.3675,-1.31772,-8.19912,4.97804
9160,2024-01-12,2024-01-16,292300.0,188500.0,0.64489,P95_100,301.0,297.0,300.0,309.0,306.0,1.3289,0.33223,-2.65781,-1.66113
3697,2023-12-08,2023-12-12,44000.0,33100.0,0.75227,P95_100,2236.7,2207.3,2244.0,2298.7,2293.3,1.31444,-0.32637,-2.77194,-2.53051
1430,2023-12-01,2023-12-05,38200.0,65300.0,1.70942,P95_100,731.0,738.0,737.0,744.0,726.0,-0.95759,-0.82079,-1.77839,0.68399
6026,2024-02-16,2024-02-20,10100.0,14000.0,1.38614,P95_100,5540.0,5330.0,5310.0,5530.0,5970.0,3.79061,4.15162,0.18051,-7.76173
9238,2025-01-10,2025-01-15,14000.0,44100.0,3.15,P95_100,1010.0,1000.0,1002.0,1002.0,1016.0,0.9901,0.79208,0.79208,-0.59406
6567,2023-12-08,2023-12-12,29500.0,36700.0,1.24407,P95_100,873.0,873.0,872.0,874.0,875.0,-0.0,0.11455,-0.11455,-0.2291
3001,2022-02-10,2022-02-15,16600.0,63300.0,3.81325,P95_100,2320.0,2302.0,2245.0,2264.0,2293.0,0.77586,3.23276,2.41379,1.16379
4690,2023-08-04,2023-08-08,56200.0,33200.0,0.59075,P95_100,2123.0,2086.0,2071.0,2068.0,2076.0,1.74282,2.44936,2.59067,2.21385
9201,2023-08-10,2023-08-15,2549600.0,1723600.0,0.67603,P95_100,3109.0,3090.0,3025.0,3011.0,2966.0,0.61113,2.70183,3.15214,4.59955
6273,2023-02-17,2023-02-21,30700.0,21900.0,0.71336,P95_100,66640.0,65300.0,67810.0,69100.0,70820.0,2.0108,-1.7557,-3.69148,-6.27251
8136,2023-08-18,2023-08-22,126100.0,153700.0,1.21887,P95_100,519.8,501.7,492.5,497.2,516.7,3.48211,5.25202,4.34783,0.59638
2513,2023-02-24,2023-02-28,21930.0,16630.0,0.75832,P95_100,1694.5,1690.0,1700.0,1708.0,1601.5,0.26557,-0.32458,-0.7967,5.48834
2782,2024-06-14,2024-06-18,40900.0,146700.0,3.5868,P95_100,2808.0,2784.0,2887.0,2934.0,2902.0,0.8547,-2.81339,-4.48718,-3.34758
2038,2025-02-28,2025-03-04,515196.0,297493.0,0.57744,P95_100,1725.0,1721.0,1623.0,1572.0,1709.0,0.23188,5.91304,8.86957,0.92754
4543,2022-08-26,2022-08-30,121600.0,117900.0,0.96957,P95_100,2237.0,2234.0,2244.0,2240.0,2328.5,0.13411,-0.31292,-0.13411,-4.0903
2678,2025-09-19,2025-09-24,66000.0,80200.0,1.21515,P95_100,1640.0,1600.0,1588.0,1577.0,1601.0,2.43902,3.17073,3.84146,2.37805
4849,2025-08-15,2025-08-19,33900.0,87200.0,2.57227,P95_100,1749.0,1782.0,1791.0,1750.0,1769.0,-1.88679,-2.40137,-0.05718,-1.14351
6335,2021-11-26,2021-11-30,153000.0,226500.0,1.48039,P95_100,1269.0,1252.0,1175.0,1200.0,1135.0,1.33964,7.40741,5.43735,10.5595
3132,2024-09-06,2024-09-10,343600.0,192600.0,0.56054,P95_100,1908.0,1899.3,1905.0,1900.0,2033.3,0.45597,0.15723,0.41929,-6.56709
8368,2023-08-04,2023-08-08,100000.0,55200.0,0.552,P95_100,500.0,499.0,500.0,494.0,483.0,0.2,-0.0,1.2,3.4
1699,2023-08-04,2023-08-08,985400.0,1153060.0,1.17014,P95_100,379.6,382.2,387.0,381.3,379.4,-0.68493,-1.94942,-0.44784,0.05269
2789,2024-03-01,2024-03-05,23400.0,19700.0,0.84188,P95_100,455.0,450.0,460.0,448.0,454.0,1.0989,-1.0989,1.53846,0.21978
3232,2021-10-15,2021-10-19,24200.0,14700.0,0.60744,P95_100,542.0,536.0,516.0,498.0,504.0,1.10701,4.79705,8.11808,7.01107
7250,2025-12-12,2025-12-16,15600.0,9200.0,0.58974,P95_100,3275.0,3120.0,3145.0,3095.0,3290.0,4.73282,3.96947,5.49618,-0.45802
6537,2025-02-07,2025-02-12,302400.0,198200.0,0.65542,P95_100,434.0,422.0,416.0,419.0,410.0,2.76498,4.14747,3.45622,5.52995
6703,2024-11-08,2024-11-12,193000.0,251000.0,1.30052,P95_100,971.0,962.0,955.0,945.0,956.0,0.92688,1.64779,2.67765,1.5448
5035,2025-02-14,2025-02-18,123600.0,79400.0,0.64239,P95_100,589.0,529.0,513.0,500.0,465.0,10.18676,12.90323,15.11036,21.05263
8370,2022-11-04,2022-11-08,17100.0,21800.0,1.27485,P95_100,1411.0,1432.0,1449.0,1449.0,1434.0,-1.48831,-2.69313,-2.69313,-1.63005
2212,2025-08-15,2025-08-19,84400.0,96900.0,1.1481,P95_100,3383.0,3487.0,3483.0,3463.0,3476.0,-3.07419,-2.95596,-2.36477,-2.74904
1762,2024-01-26,2024-01-30,11000.0,6200.0,0.56364,P95_100,2947.0,2931.0,2966.0,2950.0,2742.0,0.54293,-0.64472,-0.1018,6.95623
7376,2022-09-22,2022-09-27,16200.0,13400.0,0.82716,P95_100,429.0,437.7,440.0,433.7,430.0,-2.02797,-2.5641,-1.09557,-0.2331
3110,2025-08-01,2025-08-05,130400.0,152600.0,1.17025,P95_100,1120.0,1138.0,1084.0,1240.0,1106.0,-1.60714,3.21429,-10.71429,1.25
8061,2024-09-27,2024-10-01,25200.0,16600.0,0.65873,P95_100,1325.0,1323.3,1318.3,1350.0,1355.0,0.1283,0.50566,-1.88679,-2.26415
5942,2023-08-04,2023-08-08,28800.0,41600.0,1.44444,P95_100,468.0,464.0,470.0,469.0,470.0,0.8547,-0.42735,-0.21368,-0.42735
7864,2024-11-22,2024-11-26,12700.0,13000.0,1.02362,P95_100,2420.0,2438.0,2457.0,2492.0,2523.0,-0.7438,-1.52893,-2.97521,-4.2562
6787,2021-11-12,2021-11-16,304200.0,216800.0,0.71269,P95_100,4025.0,3980.0,3980.0,4120.0,3855.0,1.11801,1.11801,-2.36025,4.2236
9979,2024-04-05,2024-04-09,10400.0,6800.0,0.65385,P95_100,1264.0,1251.0,1249.0,1242.0,1237.0,1.02848,1.18671,1.74051,2.13608
3248,2025-05-09,2025-05-13,29100.0,20100.0,0.69072,P95_100,823.0,815.0,813.0,810.0,810.0,0.97205,1.21507,1.57959,1.57959
6869,2024-10-18,2024-10-22,124800.0,118400.0,0.94872,P95_100,2870.5,2840.0,2844.0,2827.5,2824.5,1.06253,0.92318,1.498,1.60251
6103,2025-06-06,2025-06-10,13400.0,14300.0,1.06716,P95_100,3865.0,3905.0,3830.0,3810.0,3690.0,-1.03493,0.90556,1.42303,4.52781
4725,2024-09-27,2024-10-01,23500.0,13200.0,0.5617,P95_100,1790.0,1781.0,1798.0,1800.0,1759.0,0.50279,-0.44693,-0.55866,1.73184
3937,2025-11-07,2025-11-11,87200.0,172700.0,1.9805,P95_100,1058.0,1053.0,1072.0,1079.0,1077.0,0.47259,-1.32325,-1.98488,-1.79584
1433,2023-01-20,2023-01-24,161500.0,264100.0,1.63529,P95_100,970.0,976.0,999.0,923.0,894.0,-0.61856,-2.98969,4.84536,7.83505
4189,2022-11-25,2022-11-29,15000.0,10300.0,0.68667,P95_100,2804.0,2760.0,2744.0,2757.0,2800.0,1.56919,2.1398,1.67618,0.14265
7378,2022-01-28,2022-02-01,345100.0,243800.0,0.70646,P95_100,677.0,667.0,628.0,625.0,605.0,1.4771,7.23781,7.68095,10.63516
5202,2022-09-09,2022-09-13,939500.0,530900.0,0.56509,P95_100,590.0,565.0,574.0,572.0,530.0,4.23729,2.71186,3.05085,10.16949
4114,2024-02-22,2024-02-27,26700.0,20600.0,0.77154,P95_100,1419.3,1411.5,1407.3,1403.0,1422.0,0.54957,0.84549,1.14845,-0.19023
2236,2023-11-24,2023-11-28,15648.0,21608.0,1.38088,P95_100,1093.0,1082.0,1087.0,1100.0,1092.0,1.0064,0.54895,-0.64044,0.09149
1766,2022-10-28,2022-11-01,14200.0,9900.0,0.69718,P95_100,7820.0,7750.0,7620.0,7790.0,7790.0,0.89514,2.55754,0.38363,0.38363
7561,2022-04-01,2022-04-05,12600.0,29400.0,2.33333,P95_100,488.0,486.0,485.0,482.0,477.0,0.40984,0.61475,1.22951,2.2541
313A,2025-09-05,2025-09-09,27920.0,44190.0,1.58274,P95_100,212.6,213.7,216.1,217.0,221.4,-0.5174,-1.64628,-2.06961,-4.13923
7611,2025-04-11,2025-04-15,32400.0,27400.0,0.84568,P95_100,3055.0,3035.0,3095.0,3215.0,3115.0,0.65466,-1.30933,-5.23732,-1.96399
4194,2025-06-06,2025-06-10,18700.0,12400.0,0.6631,P95_100,9360.0,9372.0,10100.0,10460.0,10845.0,-0.12821,-7.90598,-11.75214,-15.86538
7833,2025-05-09,2025-05-13,12800.0,18200.0,1.42188,P95_100,561.0,559.0,554.0,557.0,590.0,0.35651,1.24777,0.71301,-5.16934
5108,2024-04-26,2024-05-01,235500.0,145200.0,0.61656,P95_100,3499.5,3459.5,3457.0,3450.0,3456.0,1.14302,1.21446,1.41449,1.24303
9147,2024-11-15,2024-11-19,56700.0,54900.0,0.96825,P95_100,2479.3,2477.7,2445.0,2528.0,2563.3,0.06453,1.38346,-1.96426,-3.38805
3676,2023-08-18,2023-08-22,138600.0,81900.0,0.59091,P95_100,1168.0,1196.0,1211.0,1241.0,1140.0,-2.39726,-3.68151,-6.25,2.39726
6233,2025-10-24,2025-10-28,15400.0,17500.0,1.13636,P95_100,423.0,422.0,420.0,414.0,405.0,0.23641,0.70922,2.12766,4.25532
5408,2022-07-29,2022-08-02,660000.0,378400.0,0.57333,P95_100,457.0,454.0,499.0,554.0,567.0,0.65646,-9.19037,-21.22538,-24.07002
8563,2022-03-11,2022-03-15,32000.0,24900.0,0.77812,P95_100,704.0,702.0,716.0,728.0,718.0,0.28409,-1.70455,-3.40909,-1.98864
9414,2024-11-22,2024-11-26,78500.0,48900.0,0.62293,P95_100,899.0,897.0,887.0,891.0,889.0,0.22247,1.33482,0.88988,1.11235
9466,2025-11-21,2025-11-26,47500.0,58500.0,1.23158,P95_100,233.0,232.0,233.0,231.0,229.0,0.42918,-0.0,0.85837,1.71674
6517,2025-09-19,2025-09-24,11200.0,9000.0,0.80357,P95_100,2990.0,3010.0,2980.0,2939.0,2928.0,-0.6689,0.33445,1.70569,2.07358
2936,2025-04-25,2025-04-30,177200.0,5232900.0,29.53104,P95_100,453.0,474.0,433.0,436.0,445.0,-4.63576,4.41501,3.75276,1.766
7487,2024-07-19,2024-07-23,12100.0,7600.0,0.6281,P95_100,1624.0,1626.0,1610.0,1621.0,1481.0,-0.12315,0.86207,0.18473,8.80542
2521,2021-12-24,2021-12-28,69620.0,41710.0,0.59911,P95_100,1676.5,1680.5,1679.5,1649.5,1635.5,-0.23859,-0.17894,1.6105,2.44557
7011,2025-05-30,2025-06-03,9236700.0,5280600.0,0.5717,P95_100,3379.0,3380.0,3345.0,3441.0,3595.0,-0.02959,1.00621,-1.83486,-6.39242
8060,2023-04-21,2023-04-25,11000.0,11100.0,1.00909,P95_100,1597.5,1640.0,1665.0,1730.0,1657.5,-2.66041,-4.22535,-8.29421,-3.75587
3011,2024-06-28,2024-07-02,45300.0,31100.0,0.68653,P95_100,141.0,140.0,142.0,140.0,138.0,0.70922,-0.70922,0.70922,2.12766
8925,2022-10-21,2022-10-25,120900.0,70200.0,0.58065,P95_100,411.0,413.0,412.0,417.0,413.0,-0.48662,-0.24331,-1.45985,-0.48662
2588,2025-05-30,2025-06-03,14500.0,33100.0,2.28276,P95_100,2952.0,2939.0,2871.0,2884.0,2973.0,0.44038,2.7439,2.30352,-0.71138
7182,2025-09-05,2025-09-09,906500.0,4161500.0,4.59073,P95_100,1889.0,1877.5,1900.0,1851.5,1821.5,0.60879,-0.58232,1.98518,3.57332
6171,2021-10-22,2021-10-26,156900.0,202200.0,1.28872,P95_100,348.0,350.0,348.0,355.0,348.0,-0.57471,-0.0,-2.01149,-0.0
4021,2022-04-01,2022-04-05,10200.0,17800.0,1.7451,P95_100,7230.0,7040.0,7010.0,7080.0,7430.0,2.62794,3.04288,2.07469,-2.76625
9020,2025-10-24,2025-10-28,254400.0,198900.0,0.78184,P95_100,3687.0,3686.0,3750.0,3703.0,3817.0,0.02712,-1.70871,-0.43396,-3.5259
6482,2023-06-09,2023-06-13,52200.0,52900.0,1.01341,P95_100,710.0,710.0,710.0,708.0,699.0,-0.0,-0.0,0.28169,1.5493
2792,2021-12-30,2022-01-05,54200.0,63900.0,1.17897,P95_100,1025.0,1005.0,1004.0,1001.0,1003.0,1.95122,2.04878,2.34146,2.14634
6156,2024-11-22,2024-11-26,14500.0,9200.0,0.63448,P95_100,1770.0,1769.0,1768.0,1773.0,1751.0,0.0565,0.11299,-0.16949,1.07345
1365,2025-02-07,2025-02-12,10030.0,7564.0,0.75414,P95_100,1649.6,1662.8,1652.0,1665.6,1587.6,-0.80019,-0.14549,-0.96993,3.75849
2410,2022-09-22,2022-09-27,107000.0,76600.0,0.71589,P95_100,1422.0,1403.0,1378.0,1448.0,1522.0,1.33615,3.09423,-1.82841,-7.03235
8905,2024-01-19,2024-01-23,146900.0,248500.0,1.69163,P95_100,1789.0,1802.5,1798.5,1805.5,1856.5,-0.75461,-0.53102,-0.9223,-3.77306
6757,2025-08-01,2025-08-05,17700.0,26400.0,1.49153,P95_100,818.0,827.0,839.0,860.0,869.0,-1.10024,-2.56724,-5.13447,-6.23472
8029,2024-08-16,2024-08-20,16300.0,30800.0,1.88957,P95_100,2663.0,2655.0,2673.0,2700.0,2702.0,0.30041,-0.37552,-1.38941,-1.46451
4847,2024-08-09,2024-08-14,96700.0,64900.0,0.67115,P95_100,941.0,937.0,939.0,942.0,969.0,0.42508,0.21254,-0.10627,-2.97556
195A,2025-04-11,2025-04-15,34200.0,65100.0,1.90351,P95_100,828.0,824.0,820.0,905.0,948.0,0.48309,0.96618,-9.29952,-14.49275
4371,2023-03-31,2023-04-04,71300.0,121400.0,1.70266,P95_100,3525.0,3445.0,3415.0,3325.0,3390.0,2.2695,3.12057,5.67376,3.82979
4762,2022-08-05,2022-08-09,13100.0,9500.0,0.72519,P95_100,1000.0,1000.0,1010.0,1005.0,1000.0,-0.0,-1.0,-0.5,-0.0
7131,2022-06-17,2022-06-21,35300.0,19300.0,0.54674,P95_100,938.0,945.0,975.0,980.0,946.0,-0.74627,-3.94456,-4.47761,-0.85288
4768,2024-03-08,2024-03-12,23000.0,15300.0,0.66522,P95_100,3235.0,3291.5,3250.0,3330.5,3308.0,-1.74652,-0.46368,-2.95209,-2.25657
3160,2024-06-28,2024-07-02,56400.0,122800.0,2.1773,P95_100,611.0,611.0,612.0,610.0,609.0,-0.0,-0.16367,0.16367,0.32733
6577,2023-03-17,2023-03-22,23700.0,18700.0,0.78903,P95_100,3025.0,2955.0,3035.0,2940.0,3000.0,2.31405,-0.33058,2.80992,0.82645
5938,2023-03-03,2023-03-07,175900.0,106900.0,0.60773,P95_100,2251.0,2250.0,2323.0,2284.0,2205.0,0.04442,-3.19858,-1.46602,2.04354
2634,2024-04-19,2024-04-23,22440.0,14480.0,0.64528,P95_100,2269.5,2302.5,2303.5,2276.5,2352.0,-1.45406,-1.49813,-0.30844,-3.63516
2216,2024-10-25,2024-10-29,54300.0,64900.0,1.19521,P95_100,1023.3,965.0,979.3,988.3,1073.3,5.69725,4.29981,3.42031,-4.88615
8282,2025-09-12,2025-09-17,36400.0,50500.0,1.38736,P95_100,1598.0,1603.0,1596.0,1617.0,1586.0,-0.31289,0.12516,-1.18899,0.75094
1458,2024-03-29,2024-04-02,45584.0,37437.0,0.82128,P95_100,35530.0,34830.0,34220.0,34760.0,33230.0,1.97017,3.68703,2.16718,6.4734
1458,2023-05-26,2023-05-30,74274.0,73606.0,0.99101,P95_100,21665.0,21470.0,21830.0,22755.0,23660.0,0.90007,-0.7616,-5.03116,-9.2084
8056,2022-11-11,2022-11-15,12700.0,35300.0,2.77953,P95_100,3100.0,3070.0,3170.0,3215.0,3185.0,0.96774,-2.25806,-3.70968,-2.74194
6406,2025-05-23,2025-05-27,28000.0,17500.0,0.625,P95_100,5758.0,5870.0,5696.0,5730.0,5654.0,-1.94512,1.07676,0.48628,1.80618
9229,2025-08-15,2025-08-19,290300.0,450000.0,1.55012,P95_100,885.0,850.0,783.0,780.0,772.0,3.9548,11.52542,11.86441,12.76836
1833,2024-07-26,2024-07-30,43200.0,33900.0,0.78472,P95_100,5070.0,5010.0,4825.0,4535.0,4420.0,1.18343,4.83235,10.55227,12.82051
1360,2023-01-06,2023-01-11,2418710.0,1554870.0,0.64285,P95_100,935.5,924.4,969.5,940.8,872.1,1.18653,-3.63442,-0.56654,6.77712
1921,2025-09-26,2025-09-30,277100.0,163800.0,0.59112,P95_100,1524.0,1509.0,1542.0,1629.0,1538.0,0.98425,-1.1811,-6.88976,-0.91864
7224,2025-04-11,2025-04-15,140000.0,77600.0,0.55429,P95_100,1289.0,1290.0,1290.0,1277.0,1323.0,-0.07758,-0.07758,0.93095,-2.6377
3501,2024-03-15,2024-03-19,27700.0,17400.0,0.62816,P95_100,1226.5,1232.5,1255.0,1286.0,1326.0,-0.4892,-2.32369,-4.8512,-8.11252
8905,2024-08-30,2024-09-03,43900.0,123300.0,2.80866,P95_100,2025.0,2019.5,2063.0,2067.0,2086.0,0.2716,-1.87654,-2.07407,-3.01235
6988,2024-04-05,2024-04-09,35600.0,20200.0,0.56742,P95_100,2878.0,2878.0,2940.0,2860.0,2773.0,-0.0,-2.15427,0.62543,3.64837
3333,2025-10-17,2025-10-21,30300.0,23800.0,0.78548,P95_100,1356.0,1360.0,1378.0,1350.0,1324.0,-0.29499,-1.62242,0.44248,2.35988
2784,2024-11-15,2024-11-19,14200.0,22800.0,1.60563,P95_100,2254.0,2270.5,2259.5,2207.0,2200.5,-0.73203,-0.24401,2.08518,2.37356
2301,2022-05-27,2022-05-31,51200.0,48400.0,0.94531,P95_100,956.0,962.0,974.0,981.0,938.0,-0.62762,-1.88285,-2.61506,1.88285
3878,2022-01-28,2022-02-01,77300.0,67600.0,0.87451,P95_100,829.0,821.0,811.0,818.0,889.0,0.96502,2.17129,1.3269,-7.23764
9684,2021-11-12,2021-11-16,107200.0,101900.0,0.95056,P95_100,2276.7,2276.7,2246.7,2100.0,1983.3,-0.0,1.3177,7.76123,12.88707
1458,2022-04-01,2022-04-05,128208.0,96863.0,0.75551,P95_100,17380.0,16800.0,16340.0,15690.0,16280.0,3.33717,5.98389,9.72382,6.32911
2784,2024-08-09,2024-08-14,11000.0,10900.0,0.99091,P95_100,2209.5,2258.0,2326.5,2326.0,2340.0,-2.19507,-5.29532,-5.27269,-5.90631
6196,2022-05-13,2022-05-17,85700.0,124200.0,1.44924,P95_100,1285.0,1318.3,1265.0,1280.0,1268.3,-2.59144,1.55642,0.38911,1.29961
9735,2025-05-02,2025-05-08,18200.0,14800.0,0.81319,P95_100,5381.0,5500.0,5374.0,5234.0,5382.0,-2.21148,0.13009,2.73183,-0.01858
7780,2024-08-16,2024-08-20,313300.0,254400.0,0.812,P95_100,1356.0,1357.5,1350.0,1320.0,1420.0,-0.11062,0.44248,2.65487,-4.71976
2243,2025-02-21,2025-02-26,137364.0,107104.0,0.77971,P95_100,1756.0,1787.0,1726.0,1672.0,1567.0,-1.76538,1.70843,4.7836,10.7631
3159,2023-11-24,2023-11-28,37900.0,37100.0,0.97889,P95_100,329.0,329.0,329.0,329.0,331.0,-0.0,-0.0,-0.0,-0.6079
1852,2022-05-13,2022-05-17,68300.0,63200.0,0.92533,P95_100,527.0,528.0,524.0,525.0,525.0,-0.18975,0.56926,0.37951,0.37951
4809,2023-09-22,2023-09-26,27700.0,17200.0,0.62094,P95_100,2072.0,2072.0,2010.0,1940.0,1951.0,-0.0,2.99228,6.37066,5.83977
9742,2025-03-21,2025-03-25,28400.0,20800.0,0.73239,P95_100,1759.0,1783.0,1803.0,1681.0,1434.0,-1.36441,-2.50142,4.43434,18.47641
8334,2022-09-09,2022-09-13,293600.0,249600.0,0.85014,P95_100,391.0,393.0,398.0,406.0,395.0,-0.51151,-1.79028,-3.83632,-1.02302
6046,2024-01-26,2024-01-30,106500.0,407600.0,3.82723,P95_100,178.0,179.0,178.0,175.0,166.0,-0.5618,-0.0,1.68539,6.74157
2884,2024-03-01,2024-03-05,193200.0,192800.0,0.99793,P95_100,1230.0,1230.0,1211.0,1259.0,1270.0,-0.0,1.54472,-2.35772,-3.25203
4679,2024-05-10,2024-05-14,13300.0,9400.0,0.70677,P95_100,388.0,388.0,387.0,386.0,387.0,-0.0,0.25773,0.51546,0.25773
2424,2023-12-15,2023-12-19,88900.0,85100.0,0.95726,P95_100,639.0,660.0,659.0,649.0,689.0,-3.28638,-3.12989,-1.56495,-7.82473
6013,2024-11-15,2024-11-19,57800.0,39200.0,0.6782,P95_100,1611.0,1577.0,1600.0,1635.0,1643.0,2.11049,0.68281,-1.48976,-1.98634
3987,2022-03-11,2022-03-15,43100.0,25400.0,0.58933,P95_100,469.0,483.0,498.0,509.0,521.0,-2.98507,-6.18337,-8.52878,-11.08742
4636,2022-03-04,2022-03-08,11600.0,9700.0,0.83621,P95_100,846.0,832.0,864.0,869.0,892.0,1.65485,-2.12766,-2.71868,-5.43735
4004,2022-05-27,2022-05-31,654200.0,362100.0,0.5535,P95_100,2493.0,2493.0,2615.0,2626.0,2530.0,-0.0,-4.8937,-5.33494,-1.48416
8076,2025-04-18,2025-04-22,12300.0,8100.0,0.65854,P95_100,1643.0,1660.0,1654.0,1736.0,1735.0,-1.03469,-0.66951,-5.66038,-5.59951
7726,2025-06-27,2025-07-01,26000.0,14900.0,0.57308,P95_100,910.0,906.0,918.0,914.0,922.0,0.43956,-0.87912,-0.43956,-1.31868
7182,2024-03-22,2024-03-26,1091200.0,667600.0,0.6118,P95_100,1695.5,1700.0,1629.0,1590.0,1596.5,-0.26541,3.92215,6.22235,5.83899
4530,2024-10-18,2024-10-22,13700.0,8700.0,0.63504,P95_100,4300.0,4334.0,4287.0,4338.0,4475.0,-0.7907,0.30233,-0.88372,-4.06977
4548,2022-11-18,2022-11-22,11800.0,18600.0,1.57627,P95_100,954.0,975.0,962.0,945.0,922.0,-2.20126,-0.83857,0.9434,3.3543
6856,2023-08-18,2023-08-22,57900.0,34500.0,0.59585,P95_100,7436.0,7275.0,7294.0,7530.0,7678.0,2.16514,1.90963,-1.26412,-3.25444
6370,2023-04-14,2023-04-18,17600.0,36000.0,2.04545,P95_100,6030.0,6060.0,6030.0,6030.0,5670.0,-0.49751,-0.0,-0.0,5.97015
5715,2022-12-23,2022-12-27,29700.0,25500.0,0.85859,P95_100,1289.0,1274.0,1282.0,1246.0,1259.0,1.16369,0.54306,3.33592,2.32739
2773,2021-10-29,2021-11-02,12000.0,7500.0,0.625,P95_100,840.0,840.0,820.0,815.0,800.0,-0.0,2.38095,2.97619,4.7619
6265,2025-03-21,2025-03-25,37000.0,21700.0,0.58649,P95_100,2052.0,2015.0,2002.0,1990.0,1830.0,1.80312,2.43665,3.02144,10.81871
2013,2025-05-30,2025-06-03,10900.0,9020.0,0.82752,P95_100,223.1,225.5,223.1,226.0,227.4,-1.07575,-0.0,-1.29987,-1.92739
6172,2023-03-24,2023-03-28,27800.0,29200.0,1.05036,P95_100,884.0,883.0,883.0,884.0,886.0,0.11312,0.11312,-0.0,-0.22624
6857,2025-08-01,2025-08-05,4601600.0,4358900.0,0.94726,P95_100,10150.0,9900.0,10265.0,11630.0,10985.0,2.46305,-1.133,-14.58128,-8.2266
3922,2023-07-28,2023-08-01,91400.0,50800.0,0.5558,P95_100,1601.0,1611.0,1599.0,1672.0,1732.0,-0.62461,0.12492,-4.43473,-8.18239
1656,2023-04-07,2023-04-11,19280.0,95216.0,4.93859,P95_100,275.2,274.4,272.9,273.7,275.0,0.2907,0.83576,0.54506,0.07267
3452,2024-08-16,2024-08-20,316700.0,255600.0,0.80707,P95_100,986.0,990.0,981.0,972.0,1000.0,-0.40568,0.5071,1.41988,-1.41988
9532,2022-09-22,2022-09-27,117100.0,130100.0,1.11102,P95_100,2191.0,2202.0,2208.0,2211.0,2208.0,-0.50205,-0.7759,-0.91283,-0.7759
8020,2025-10-03,2025-10-07,103900.0,63000.0,0.60635,P95_100,1564.0,1562.5,1560.0,1503.0,1549.5,0.09591,0.25575,3.90026,0.92711
6413,2025-12-05,2025-12-09,19200.0,20900.0,1.08854,P95_100,1264.0,1257.0,1254.0,1248.0,1245.0,0.5538,0.79114,1.26582,1.50316
9052,2025-08-22,2025-08-26,52900.0,53700.0,1.01512,P95_100,2096.0,2102.0,2125.0,2144.0,2123.0,-0.28626,-1.38359,-2.29008,-1.28817
9219,2024-10-11,2024-10-16,75400.0,80600.0,1.06897,P95_100,1010.0,1067.0,1023.0,1007.0,940.0,-5.64356,-1.28713,0.29703,6.93069
9749,2025-02-07,2025-02-12,13700.0,13900.0,1.0146,P95_100,9900.0,9895.0,9873.0,9802.0,9785.0,0.05051,0.27273,0.9899,1.16162
4837,2024-02-16,2024-02-20,13600.0,36100.0,2.65441,P95_100,797.0,797.0,797.0,797.0,796.0,-0.0,-0.0,-0.0,0.12547
9759,2024-11-08,2024-11-12,14000.0,10600.0,0.75714,P95_100,3480.0,3480.0,3410.0,3384.0,3344.0,-0.0,2.01149,2.75862,3.90805
3222,2022-12-09,2022-12-13,17500.0,13600.0,0.77714,P95_100,1113.0,1120.0,1117.0,1128.0,1139.0,-0.62893,-0.35939,-1.34771,-2.33603
4746,2025-11-14,2025-11-18,22700.0,29900.0,1.31718,P95_100,4125.0,4060.0,4085.0,4170.0,4165.0,1.57576,0.9697,-1.09091,-0.9697
9346,2023-10-13,2023-10-17,228200.0,254800.0,1.11656,P95_100,1928.0,1998.0,2004.0,1950.0,1956.0,-3.63071,-3.94191,-1.14108,-1.45228
3762,2024-10-04,2024-10-08,23800.0,15400.0,0.64706,P95_100,2271.0,2371.0,2399.0,2383.0,2226.0,-4.40335,-5.63628,-4.93175,1.98151
3143,2025-09-12,2025-09-17,15400.0,26800.0,1.74026,P95_100,752.7,750.0,760.0,764.0,722.0,0.35871,-0.96984,-1.50126,4.07865
8217,2024-12-27,2025-01-06,13500.0,7900.0,0.58519,P95_100,898.0,886.0,836.0,815.0,756.0,1.3363,6.90423,9.24276,15.81292
7097,2025-03-14,2025-03-18,22600.0,36600.0,1.61947,P95_100,1949.0,1945.0,2049.0,2070.0,2072.0,0.20523,-5.13084,-6.20831,-6.31093
6030,2024-08-02,2024-08-06,28700.0,23200.0,0.80836,P95_100,4310.0,4610.0,4605.0,4545.0,3630.0,-6.96056,-6.84455,-5.45244,15.77726
4360,2024-09-27,2024-10-01,28300.0,34900.0,1.23322,P95_100,515.0,517.0,519.0,520.0,513.0,-0.38835,-0.7767,-0.97087,0.38835
3030,2025-01-24,2025-01-28,44600.0,26400.0,0.59193,P95_100,785.0,783.0,771.0,776.0,801.0,0.25478,1.78344,1.1465,-2.03822
3935,2023-08-04,2023-08-08,702800.0,540000.0,0.76836,P95_100,484.0,481.0,474.0,443.0,453.0,0.61983,2.06612,8.47107,6.40496
9307,2023-10-20,2023-10-24,208300.0,365300.0,1.75372,P95_100,542.0,539.0,536.0,529.0,550.0,0.55351,1.10701,2.39852,-1.47601
4498,2021-12-17,2021-12-21,67600.0,39300.0,0.58136,P95_100,775.0,787.5,782.5,770.0,738.0,-1.6129,-0.96774,0.64516,4.77419
8399,2021-11-26,2021-11-30,70200.0,90900.0,1.29487,P95_100,723.0,704.0,726.0,732.0,748.0,2.62794,-0.41494,-1.24481,-3.45781
7513,2023-11-24,2023-11-28,32500.0,70600.0,2.17231,P95_100,718.0,736.0,725.0,726.0,757.0,-2.50696,-0.97493,-1.11421,-5.43175
6875,2023-02-10,2023-02-14,69200.0,61000.0,0.8815,P95_100,2940.0,2950.0,2899.0,2836.0,2860.0,-0.34014,1.39456,3.53741,2.72109
4054,2022-05-27,2022-05-31,87700.0,160200.0,1.82668,P95_100,1360.0,1340.0,1263.0,1220.0,1127.0,1.47059,7.13235,10.29412,17.13235
6023,2025-08-29,2025-09-02,125200.0,86100.0,0.6877,P95_100,3195.0,3215.0,3130.0,3115.0,2980.0,-0.62598,2.03443,2.50391,6.72926
2282,2023-11-10,2023-11-14,99300.0,57200.0,0.57603,P95_100,4361.0,4312.0,4291.0,4307.0,4410.0,1.1236,1.60514,1.23825,-1.1236
9828,2025-05-09,2025-05-13,38600.0,36300.0,0.94041,P95_100,4055.0,4050.0,4085.0,4155.0,4000.0,0.1233,-0.73983,-2.46609,1.35635
1357,2024-12-20,2024-12-24,124990.0,2696513.0,21.57383,P95_100,11830.0,11870.0,11570.0,11435.0,11960.0,-0.33812,2.1978,3.33897,-1.0989
9854,2024-07-05,2024-07-09,129500.0,114400.0,0.8834,P95_100,181.0,180.0,181.0,182.0,179.0,0.55249,-0.0,-0.55249,1.10497
7741,2024-03-29,2024-04-02,98900.0,90000.0,0.91001,P95_100,18735.0,18150.0,18000.0,17620.0,16905.0,3.1225,3.92314,5.95143,9.76781
6430,2023-09-22,2023-09-26,206100.0,179900.0,0.87288,P95_100,5920.0,5790.0,5690.0,5270.0,5080.0,2.19595,3.88514,10.97973,14.18919
6875,2023-09-29,2023-10-03,20800.0,21800.0,1.04808,P95_100,4155.0,3930.0,3965.0,4015.0,4170.0,5.41516,4.5728,3.36943,-0.36101
3402,2024-07-19,2024-07-23,1084500.0,727500.0,0.67082,P95_100,785.0,780.2,766.7,776.0,667.0,0.61146,2.33121,1.1465,15.03185
7217,2024-06-21,2024-06-25,11000.0,9100.0,0.82727,P95_100,469.5,472.0,477.5,496.5,476.0,-0.53248,-1.70394,-5.7508,-1.38445
3291,2025-10-10,2025-10-15,22200.0,31200.0,1.40541,P95_100,2355.0,2366.0,2366.0,2375.5,2391.0,-0.46709,-0.46709,-0.87049,-1.52866
4118,2024-08-02,2024-08-06,54500.0,35300.0,0.64771,P95_100,3527.0,3540.0,3745.0,3750.0,3802.0,-0.36859,-6.18089,-6.32265,-7.79699
3612,2025-06-06,2025-06-10,62500.0,45500.0,0.728,P95_100,1251.0,1256.0,1265.5,1253.5,1282.5,-0.39968,-1.15907,-0.19984,-2.51799
7550,2024-08-16,2024-08-20,131600.0,93300.0,0.70897,P95_100,6764.0,6836.0,7247.0,7380.0,7614.0,-1.06446,-7.14075,-9.10704,-12.56653
3141,2025-04-18,2025-04-22,82800.0,71400.0,0.86232,P95_100,2470.5,2515.0,2448.5,2482.0,2517.5,-1.80125,0.89051,-0.46549,-1.90245
8097,2022-11-18,2022-11-22,15800.0,10500.0,0.66456,P95_100,1239.0,1259.0,1301.0,1265.0,1235.0,-1.61421,-5.00404,-2.09847,0.32284
9930,2023-11-10,2023-11-14,1103300.0,806800.0,0.73126,P95_100,280.0,276.0,285.0,290.0,289.0,1.42857,-1.78571,-3.57143,-3.21429
4206,2023-12-01,2023-12-05,13100.0,7700.0,0.58779,P95_100,3329.0,3383.0,3338.0,3388.0,3251.0,-1.62211,-0.27035,-1.7723,2.34305
8345,2022-05-27,2022-05-31,12300.0,16600.0,1.34959,P95_100,502.0,505.3,514.5,514.3,510.8,-0.65737,-2.49004,-2.4502,-1.75299
5444,2025-01-31,2025-02-04,39300.0,49400.0,1.257,P95_100,7700.0,7498.0,7733.0,7880.0,8241.0,2.62338,-0.42857,-2.33766,-7.02597
7782,2021-11-12,2021-11-16,53400.0,33600.0,0.62921,P95_100,570.0,560.0,555.0,557.0,551.0,1.75439,2.63158,2.2807,3.33333
2653,2024-08-30,2024-09-03,10200.0,21100.0,2.06863,P95_100,2922.0,2908.0,2920.0,2897.0,2878.0,0.47912,0.06845,0.85558,1.50582
5621,2025-11-14,2025-11-18,58500.0,93500.0,1.59829,P95_100,1912.0,1887.0,1926.0,1870.0,1790.0,1.30753,-0.73222,2.19665,6.38075
9413,2023-05-12,2023-05-16,14800.0,37900.0,2.56081,P95_100,2663.0,2750.0,2836.0,2820.0,2841.0,-3.26699,-6.49643,-5.89561,-6.68419
9069,2022-12-02,2022-12-06,35400.0,23800.0,0.67232,P95_100,980.0,981.0,983.0,996.0,979.0,-0.10204,-0.30612,-1.63265,0.10204
3291,2024-09-06,2024-09-10,22600.0,21500.0,0.95133,P95_100,2285.5,2254.5,2224.0,2221.0,2268.0,1.35638,2.69088,2.82214,0.7657
3178,2024-04-26,2024-05-01,20100.0,57900.0,2.8806,P95_100,1289.0,1296.0,1317.0,1310.0,1298.0,-0.54306,-2.17223,-1.62917,-0.69822
2631,2024-08-23,2024-08-27,12698.0,8939.0,0.70397,P95_100,20210.0,20160.0,20140.0,20555.0,19200.0,0.2474,0.34636,-1.70708,4.99753
7814,2022-10-21,2022-10-25,29900.0,74200.0,2.48161,P95_100,419.0,422.0,426.0,458.0,474.0,-0.71599,-1.67064,-9.30788,-13.12649
3636,2024-11-15,2024-11-19,15800.0,9700.0,0.61392,P95_100,4315.0,4305.0,4355.0,4315.0,4395.0,0.23175,-0.927,-0.0,-1.854
4556,2022-02-18,2022-02-22,126400.0,75300.0,0.59573,P95_100,968.0,939.0,1001.0,1017.0,945.0,2.99587,-3.40909,-5.06198,2.37603
3810,2022-12-02,2022-12-06,1040900.0,672200.0,0.64579,P95_100,527.0,525.0,507.0,529.0,531.0,0.37951,3.79507,-0.37951,-0.75901
6915,2024-01-12,2024-01-16,17000.0,19200.0,1.12941,P95_100,2854.0,2864.0,2812.0,2861.0,2775.0,-0.35039,1.47162,-0.24527,2.76804
4461,2022-12-30,2023-01-05,61500.0,34500.0,0.56098,P95_100,1901.0,1900.0,1948.0,1939.0,1963.0,0.0526,-2.47238,-1.99895,-3.26144
3968,2023-11-10,2023-11-14,119500.0,90200.0,0.75481,P95_100,295.3,300.7,303.3,306.3,303.0,-1.82865,-2.70911,-3.72503,-2.60752
2937,2025-06-13,2025-06-17,12000.0,19900.0,1.65833,P95_100,1470.0,1478.0,1480.0,1500.0,1511.0,-0.54422,-0.68027,-2.04082,-2.78912
6807,2023-04-21,2023-04-25,48100.0,28000.0,0.58212,P95_100,2450.0,2404.0,2300.0,2500.0,2460.0,1.87755,6.12245,-2.04082,-0.40816
4502,2025-11-14,2025-11-18,638500.0,442400.0,0.69287,P95_100,4393.0,4380.0,4431.0,4496.0,4440.0,0.29593,-0.86501,-2.34464,-1.06988
2730,2024-08-09,2024-08-14,39900.0,153500.0,3.84712,P95_100,1780.0,1770.0,1780.0,1819.0,1837.0,0.5618,-0.0,-2.19101,-3.20225
9628,2024-08-09,2024-08-14,23300.0,12800.0,0.54936,P95_100,1174.0,1141.0,1167.0,1132.0,1177.0,2.8109,0.59625,3.57751,-0.25554
9401,2025-08-22,2025-08-26,13700.0,19800.0,1.44526,P95_100,5401.0,5408.0,5402.0,5478.0,5588.0,-0.12961,-0.01852,-1.42566,-3.46232
2264,2023-02-10,2023-02-14,51300.0,91900.0,1.79142,P95_100,579.4,593.1,587.5,600.0,575.0,-2.36452,-1.398,-3.5554,0.75941
2634,2024-06-21,2024-06-25,20160.0,42130.0,2.08978,P95_100,2453.0,2461.5,2472.5,2461.5,2509.0,-0.34651,-0.79494,-0.34651,-2.28292
9716,2022-10-14,2022-10-18,32600.0,37600.0,1.15337,P95_100,1075.0,1081.0,1070.0,1082.0,1089.0,-0.55814,0.46512,-0.65116,-1.30233
6349,2022-06-03,2022-06-07,52100.0,31100.0,0.59693,P95_100,800.0,816.0,813.0,780.0,786.0,-2.0,-1.625,2.5,1.75
3094,2025-03-07,2025-03-11,18900.0,18500.0,0.97884,P95_100,899.0,896.0,893.0,858.0,879.0,0.3337,0.66741,4.56062,2.22469
1569,2025-03-07,2025-03-11,17710.0,13450.0,0.75946,P95_100,1264.5,1259.5,1250.5,1206.0,1191.5,0.39541,1.10716,4.62633,5.77303
7422,2025-06-27,2025-07-01,32600.0,35200.0,1.07975,P95_100,386.0,379.0,386.0,385.0,385.0,1.81347,-0.0,0.25907,0.25907
7615,2021-12-03,2021-12-07,37600.0,26900.0,0.71543,P95_100,210.0,209.0,210.0,210.0,208.0,0.47619,-0.0,-0.0,0.95238
6121,2023-09-15,2023-09-20,14700.0,33400.0,2.27211,P95_100,2592.0,2593.0,2593.0,2593.0,2594.0,-0.03858,-0.03858,-0.03858,-0.07716
7874,2022-12-09,2022-12-13,19900.0,20900.0,1.05025,P95_100,808.0,805.0,845.0,866.0,890.0,0.37129,-4.57921,-7.17822,-10.14851
4267,2022-09-22,2022-09-27,39900.0,22600.0,0.56642,P95_100,920.5,927.5,895.0,837.5,902.5,-0.76046,2.77023,9.01684,1.95546
4712,2023-01-20,2023-01-24,223200.0,137300.0,0.61514,P95_100,751.0,752.0,754.0,749.0,782.0,-0.13316,-0.39947,0.26631,-4.12783
6952,2025-11-14,2025-11-18,145800.0,111200.0,0.76269,P95_100,1229.5,1220.0,1214.0,1231.0,1278.0,0.77267,1.26068,-0.122,-3.94469
1305,2023-01-06,2023-01-11,13240.0,11050.0,0.83459,P95_100,1994.5,2007.5,1997.0,2014.5,2076.5,-0.65179,-0.12534,-1.00276,-4.11131
6474,2024-07-12,2024-07-17,43000.0,37800.0,0.87907,P95_100,3385.0,3410.0,3415.0,3360.0,3310.0,-0.73855,-0.88626,0.73855,2.21566
2181,2022-08-26,2022-08-30,38100.0,59900.0,1.57218,P95_100,276.7,279.0,277.5,280.0,285.0,-0.83123,-0.28912,-1.19263,-2.99964
2563,2025-06-06,2025-06-10,519140.0,397680.0,0.76604,P95_100,332.0,333.5,332.1,331.0,333.9,-0.45181,-0.03012,0.3012,-0.57229
3105,2024-05-17,2024-05-21,230200.0,1005000.0,4.36577,P95_100,1129.5,1116.5,1095.0,1091.0,1097.5,1.15095,3.05445,3.40859,2.83311
4676,2024-08-02,2024-08-06,73100.0,158400.0,2.16689,P95_100,1526.5,1576.5,1655.0,1673.5,1729.0,-3.27547,-8.41795,-9.62987,-13.26564
2811,2025-05-09,2025-05-13,40100.0,133500.0,3.32918,P95_100,3004.0,3000.0,3001.0,3002.0,2940.0,0.13316,0.09987,0.06658,2.13049
6490,2023-03-03,2023-03-07,24000.0,16000.0,0.66667,P95_100,3570.0,3545.0,3565.0,3475.0,3585.0,0.70028,0.14006,2.66106,-0.42017
4887,2024-05-17,2024-05-21,54100.0,43600.0,0.80591,P95_100,2031.0,2027.0,1963.3,1950.0,2065.3,0.19695,3.33333,3.98818,-1.68882
5930,2022-12-16,2022-12-20,80700.0,59100.0,0.73234,P95_100,1103.0,1083.0,1086.0,1099.0,1095.0,1.81324,1.54125,0.36265,0.72529
9605,2025-06-06,2025-06-10,31100.0,33300.0,1.07074,P95_100,4810.0,4885.0,4890.0,4980.0,5100.0,-1.55925,-1.6632,-3.5343,-6.02911
9682,2021-12-03,2021-12-07,12500.0,7000.0,0.56,P95_100,612.5,628.3,634.8,643.3,634.0,-2.57959,-3.64082,-5.02857,-3.5102
5033,2024-06-07,2024-06-11,233400.0,234300.0,1.00386,P95_100,940.0,926.0,936.0,979.0,1011.0,1.48936,0.42553,-4.14894,-7.55319
6266,2022-11-11,2022-11-15,47200.0,59000.0,1.25,P95_100,1613.0,1845.0,1897.0,1799.0,1799.0,-14.38314,-17.60694,-11.53131,-11.53131
5486,2021-10-15,2021-10-19,92500.0,559700.0,6.05081,P95_100,2171.0,2169.0,2157.0,2167.0,2162.0,0.09212,0.64486,0.18425,0.41456
4025,2025-01-24,2025-01-28,10500.0,6300.0,0.6,P95_100,3345.0,3375.0,3385.0,3280.0,3295.0,-0.89686,-1.19581,1.9432,1.49477
9267,2025-08-08,2025-08-13,11800.0,14300.0,1.21186,P95_100,4725.0,4700.0,4785.0,4855.0,4710.0,0.5291,-1.26984,-2.75132,0.31746
5940,2024-10-18,2024-10-22,58300.0,147900.0,2.53688,P95_100,647.0,628.0,615.0,629.0,641.0,2.93663,4.9459,2.78207,0.92736
5277,2024-05-31,2024-06-04,71700.0,145900.0,2.03487,P95_100,234.0,238.0,236.0,237.0,235.0,-1.7094,-0.8547,-1.28205,-0.42735
7133,2022-07-29,2022-08-02,16400.0,13400.0,0.81707,P95_100,3740.0,3540.0,3525.0,3430.0,3320.0,5.34759,5.74866,8.28877,11.22995
5943,2025-03-07,2025-03-11,19000.0,11700.0,0.61579,P95_100,1730.0,1757.0,1796.0,1803.0,1815.0,-1.56069,-3.81503,-4.21965,-4.91329
4548,2025-10-03,2025-10-07,147100.0,104600.0,0.71108,P95_100,669.0,669.0,656.0,654.0,670.0,-0.0,1.9432,2.24215,-0.14948
1961,2024-01-19,2024-01-23,12800.0,10600.0,0.82812,P95_100,615.0,609.7,609.3,618.7,633.7,0.86179,0.92683,-0.60163,-3.04065
2376,2023-04-28,2023-05-02,14200.0,18900.0,1.33099,P95_100,571.0,574.0,573.0,575.0,586.0,-0.52539,-0.35026,-0.70053,-2.62697
7674,2024-03-15,2024-03-19,10600.0,6400.0,0.60377,P95_100,3390.0,3410.0,3405.0,3415.0,3510.0,-0.58997,-0.44248,-0.73746,-3.53982
9962,2025-11-07,2025-11-11,54500.0,30100.0,0.55229,P95_100,2327.0,2309.0,2276.5,2262.0,2210.0,0.77353,2.17018,2.7933,5.02793
6590,2025-08-01,2025-08-05,105500.0,132000.0,1.25118,P95_100,2106.0,2030.0,1924.0,2060.0,1900.0,3.60874,8.64198,2.18424,9.78158
6928,2025-11-14,2025-11-18,38600.0,28200.0,0.73057,P95_100,2013.0,2020.0,2036.0,2054.0,2098.0,-0.34774,-1.14257,-2.03676,-4.22255
6049,2023-03-17,2023-03-22,466500.0,257200.0,0.55134,P95_100,268.0,278.0,286.0,282.0,281.0,-3.73134,-6.71642,-5.22388,-4.85075
9558,2024-07-26,2024-07-30,89700.0,67200.0,0.74916,P95_100,2064.0,2020.0,1912.0,1761.0,2096.0,2.13178,7.36434,14.68023,-1.55039
5463,2024-12-13,2024-12-17,22700.0,19100.0,0.84141,P95_100,1159.3,1150.0,1147.3,1127.0,1168.7,0.80221,1.03511,2.78616,-0.81083
9324,2024-12-06,2024-12-10,10400.0,22400.0,2.15385,P95_100,1745.0,1737.0,1755.0,1749.0,1771.0,0.45845,-0.57307,-0.22923,-1.48997
9308,2025-11-14,2025-11-18,30600.0,29200.0,0.95425,P95_100,1417.0,1405.0,1395.0,1418.0,1483.0,0.84686,1.55258,-0.07057,-4.65773
7544,2025-10-10,2025-10-15,36800.0,45000.0,1.22283,P95_100,565.0,575.0,570.0,558.0,545.0,-1.76991,-0.88496,1.23894,3.53982
6757,2025-08-08,2025-08-13,15400.0,13400.0,0.87013,P95_100,860.0,860.0,868.0,869.0,874.0,-0.0,-0.93023,-1.04651,-1.62791
2039,2024-08-16,2024-08-20,12505.0,40496.0,3.23838,P95_100,999.0,1015.0,1008.0,983.0,1004.0,-1.6016,-0.9009,1.6016,-0.5005
5660,2025-09-26,2025-09-30,15000.0,10500.0,0.7,P95_100,1341.0,1337.0,1316.0,1330.0,1285.0,0.29828,1.86428,0.82028,4.17599
6145,2025-03-28,2025-04-01,19200.0,26900.0,1.40104,P95_100,2139.0,2130.0,1980.0,1840.0,1950.0,0.42076,7.43338,13.97849,8.8359
5137,2023-07-28,2023-08-01,254300.0,161700.0,0.63586,P95_100,424.2,423.8,416.7,452.5,419.5,0.0943,1.76803,-6.67138,1.10797
9613,2022-11-11,2022-11-15,735000.0,1466900.0,1.99578,P95_100,2082.0,2078.0,2095.0,2108.0,2102.0,0.19212,-0.6244,-1.2488,-0.96061
7832,2022-04-01,2022-04-05,41200.0,23200.0,0.56311,P95_100,3104.0,3044.3,3091.3,3044.3,3055.7,1.92332,0.40915,1.92332,1.55606
1615,2024-01-19,2024-01-23,674400.0,627800.0,0.9309,P95_100,279.1,278.8,286.9,288.6,294.4,0.10749,-2.7947,-3.4038,-5.48191
6183,2024-09-06,2024-09-10,21200.0,17400.0,0.82075,P95_100,1545.0,1552.0,1547.0,1527.0,1538.0,-0.45307,-0.12945,1.16505,0.45307
5017,2023-05-19,2023-05-23,846000.0,1110600.0,1.31277,P95_100,260.0,260.0,267.0,266.0,263.0,-0.0,-2.69231,-2.30769,-1.15385
8230,2023-08-04,2023-08-08,34900.0,21100.0,0.60458,P95_100,358.0,353.0,346.0,356.0,347.0,1.39665,3.35196,0.55866,3.07263
8345,2022-07-22,2022-07-26,10300.0,15600.0,1.51456,P95_100,500.0,499.0,504.0,498.8,479.5,0.2,-0.8,0.24,4.1
3201,2022-09-30,2022-10-04,17100.0,12100.0,0.7076,P95_100,1056.0,1078.0,1068.0,1055.0,1014.0,-2.08333,-1.13636,0.0947,3.97727
7911,2025-06-27,2025-07-01,206100.0,148800.0,0.72198,P95_100,3882.0,3892.0,3844.0,3853.0,3907.0,-0.2576,0.97888,0.74704,-0.644
7731,2022-05-13,2022-05-17,541300.0,506600.0,0.9359,P95_100,1424.0,1467.0,1480.0,1530.0,1586.0,-3.01966,-3.93258,-7.44382,-11.3764
8252,2022-01-21,2022-01-25,31000.0,22500.0,0.72581,P95_100,2167.0,2131.0,2140.0,2163.0,2282.0,1.66128,1.24596,0.18459,-5.30688
4792,2021-10-15,2021-10-19,12900.0,24100.0,1.86822,P95_100,1143.0,1145.0,1173.0,1147.0,1177.0,-0.17498,-2.62467,-0.34996,-2.97463
4004,2025-08-01,2025-08-05,257200.0,158700.0,0.61703,P95_100,3636.0,3558.0,3750.0,3513.0,3699.0,2.14521,-3.13531,3.38284,-1.73267
3141,2022-12-16,2022-12-20,80200.0,67500.0,0.84165,P95_100,3065.0,2994.0,3130.0,3210.0,2987.0,2.31648,-2.12072,-4.73083,2.54486
9962,2023-02-03,2023-02-07,50900.0,56200.0,1.10413,P95_100,3275.0,3315.0,3225.0,3320.0,3130.0,-1.22137,1.52672,-1.37405,4.42748
2107,2023-11-17,2023-11-21,38000.0,71700.0,1.88684,P95_100,2019.0,1974.0,1985.0,2001.0,2029.0,2.22883,1.684,0.89153,-0.49529
4736,2023-11-24,2023-11-28,107600.0,100900.0,0.93773,P95_100,749.0,799.0,761.0,764.0,701.0,-6.67557,-1.60214,-2.00267,6.40854
4550,2021-10-22,2021-10-26,46700.0,39300.0,0.84154,P95_100,985.0,984.0,988.0,962.0,965.0,0.10152,-0.30457,2.33503,2.03046
1810,2023-07-21,2023-07-25,10000.0,6900.0,0.69,P95_100,770.0,769.0,744.0,751.0,729.0,0.12987,3.37662,2.46753,5.32468
4849,2023-12-08,2023-12-12,28300.0,16400.0,0.57951,P95_100,2551.0,2585.0,2599.0,2592.0,2578.0,-1.33281,-1.88162,-1.60721,-1.05841
7780,2024-09-27,2024-10-01,176500.0,113800.0,0.64476,P95_100,1469.0,1484.0,1550.0,1592.5,1552.5,-1.0211,-5.51396,-8.40708,-5.68414
196A,2025-08-01,2025-08-05,426900.0,256700.0,0.60131,P95_100,455.0,467.0,483.0,522.0,369.0,-2.63736,-6.15385,-14.72527,18.9011
6696,2023-11-17,2023-11-21,425600.0,244700.0,0.57495,P95_100,282.0,280.0,279.0,281.0,261.0,0.70922,1.06383,0.35461,7.44681
7246,2024-11-08,2024-11-12,222200.0,683000.0,3.07381,P95_100,550.0,535.0,545.0,550.0,553.0,2.72727,0.90909,-0.0,-0.54545
6279,2024-10-11,2024-10-16,22000.0,17300.0,0.78636,P95_100,1279.0,1321.0,1330.0,1390.0,1363.0,-3.28382,-3.98749,-8.67866,-6.56763
7196,2025-08-01,2025-08-05,26600.0,15400.0,0.57895,P95_100,828.0,828.0,826.0,825.0,831.0,-0.0,0.24155,0.36232,-0.36232
6753,2024-08-09,2024-08-14,1160500.0,1277600.0,1.1009,P95_100,823.0,882.9,906.2,947.8,990.1,-7.27825,-10.10936,-15.16403,-20.30377
7337,2021-10-15,2021-10-19,164500.0,97700.0,0.59392,P95_100,638.0,641.0,637.0,632.0,645.0,-0.47022,0.15674,0.94044,-1.09718
3987,2024-03-08,2024-03-12,157500.0,174100.0,1.1054,P95_100,400.0,415.0,406.0,460.0,427.0,-3.75,-1.5,-15.0,-6.75
2502,2025-04-04,2025-04-08,118800.0,244800.0,2.06061,P95_100,1902.0,1877.0,1850.5,1960.0,2030.0,1.31441,2.70768,-3.04942,-6.72976
9305,2025-12-12,2025-12-16,86200.0,93500.0,1.08469,P95_100,2476.0,2423.0,2340.0,2353.0,2406.0,2.14055,5.49273,4.96769,2.82714
6809,2022-10-07,2022-10-12,43200.0,34100.0,0.78935,P95_100,766.0,768.0,774.0,784.0,794.0,-0.2611,-1.04439,-2.34987,-3.65535
2651,2024-04-19,2024-04-23,33400.0,88900.0,2.66168,P95_100,10360.0,10350.0,10330.0,10330.0,10335.0,0.09653,0.28958,0.28958,0.24131
6704,2024-08-09,2024-08-14,16200.0,29800.0,1.83951,P95_100,1377.0,1400.0,1427.0,1578.0,1560.0,-1.6703,-3.63108,-14.59695,-13.28976
4840,2023-06-09,2023-06-13,71400.0,69300.0,0.97059,P95_100,407.0,403.0,397.0,391.0,430.0,0.9828,2.457,3.9312,-5.65111
6798,2023-04-28,2023-05-02,18700.0,37600.0,2.0107,P95_100,2426.0,2460.0,2456.0,2369.0,2385.0,-1.40148,-1.2366,2.34955,1.69002
3611,2023-11-24,2023-11-28,28600.0,19200.0,0.67133,P95_100,1593.0,1576.0,1525.0,1533.0,1485.0,1.06717,4.26868,3.76648,6.77966
6255,2022-03-11,2022-03-15,1341500.0,938400.0,0.69952,P95_100,416.0,450.0,491.0,481.0,490.0,-8.17308,-18.02885,-15.625,-17.78846
4062,2021-11-12,2021-11-16,433800.0,261700.0,0.60327,P95_100,3490.0,3455.0,3400.0,3425.0,3525.0,1.00287,2.5788,1.86246,-1.00287
